metric,obs,value,unit,source,published,published_basis,retrieved,collector,verification,note
co2-mlo-monthly,2025-11,426.5,ppm,https://gml.noaa.gov/ccgg/trends/,2026-01-03,seen,2026-01-03,backfill:pilot-2025/kpis/climate.csv,legacy,NOAA Mauna Loa monthly mean (pilot-2025 dashboard)
co2-trend-10yr-global-wmo,2020,2.4,ppm/yr,https://wmo.int/news/media-centre/carbon-dioxide-levels-increase-record-amount-new-highs-2024,2026-01-03,seen,2026-01-03,backfill:pilot-2025/kpis/climate.csv,legacy,WMO decadal mean growth 2011-2020 (global)
co2-mlo-monthly-scripps,2025-05,430.5,ppm,https://scripps.ucsd.edu/news/annual-carbon-dioxide-peak-passes-another-milestone,2026-01-03,seen,2026-01-03,backfill:pilot-2025/kpis/climate.csv,legacy,Scripps May monthly mean (annual peak)
co2-global-annual,2024,422.8,ppm,https://gml.noaa.gov/ccgg/trends/global.html,2026-01-03,seen,2026-01-03,backfill:pilot-2025/kpis/climate.csv,legacy,NOAA global annual mean
co2-growth-global-wmo,2024,3.5,ppm/yr,https://wmo.int/news/media-centre/carbon-dioxide-levels-increase-record-amount-new-highs-2024,2026-01-03,seen,2026-01-03,backfill:pilot-2025/kpis/climate.csv,legacy,WMO 2023->2024 increase (global annual means)
co2-mlo-annual,2015,400.8,ppm,https://gml.noaa.gov/ccgg/trends/,2026-01-03,seen,2026-01-03,backfill:pilot-2025/kpis/climate.csv,legacy,NOAA Mauna Loa annual mean as charted in pilot-2025 (2016-19 differ from the 2026 NOAA vintage by up to 0.2)
co2-mlo-annual,2016,404.2,ppm,https://gml.noaa.gov/ccgg/trends/,2026-01-03,seen,2026-01-03,backfill:pilot-2025/kpis/climate.csv,legacy,NOAA Mauna Loa annual mean as charted in pilot-2025 (2016-19 differ from the 2026 NOAA vintage by up to 0.2)
co2-mlo-annual,2017,406.6,ppm,https://gml.noaa.gov/ccgg/trends/,2026-01-03,seen,2026-01-03,backfill:pilot-2025/kpis/climate.csv,legacy,NOAA Mauna Loa annual mean as charted in pilot-2025 (2016-19 differ from the 2026 NOAA vintage by up to 0.2)
co2-mlo-annual,2018,408.5,ppm,https://gml.noaa.gov/ccgg/trends/,2026-01-03,seen,2026-01-03,backfill:pilot-2025/kpis/climate.csv,legacy,NOAA Mauna Loa annual mean as charted in pilot-2025 (2016-19 differ from the 2026 NOAA vintage by up to 0.2)
co2-mlo-annual,2019,411.4,ppm,https://gml.noaa.gov/ccgg/trends/,2026-01-03,seen,2026-01-03,backfill:pilot-2025/kpis/climate.csv,legacy,NOAA Mauna Loa annual mean as charted in pilot-2025 (2016-19 differ from the 2026 NOAA vintage by up to 0.2)
co2-mlo-annual,2020,414.2,ppm,https://gml.noaa.gov/ccgg/trends/,2026-01-03,seen,2026-01-03,backfill:pilot-2025/kpis/climate.csv,legacy,NOAA Mauna Loa annual mean as charted in pilot-2025 (2016-19 differ from the 2026 NOAA vintage by up to 0.2)
co2-mlo-annual,2021,416.4,ppm,https://gml.noaa.gov/ccgg/trends/,2026-01-03,seen,2026-01-03,backfill:pilot-2025/kpis/climate.csv,legacy,NOAA Mauna Loa annual mean as charted in pilot-2025 (2016-19 differ from the 2026 NOAA vintage by up to 0.2)
co2-mlo-annual,2022,418.6,ppm,https://gml.noaa.gov/ccgg/trends/,2026-01-03,seen,2026-01-03,backfill:pilot-2025/kpis/climate.csv,legacy,NOAA Mauna Loa annual mean as charted in pilot-2025 (2016-19 differ from the 2026 NOAA vintage by up to 0.2)
co2-mlo-annual,2023,421.1,ppm,https://gml.noaa.gov/ccgg/trends/,2026-01-03,seen,2026-01-03,backfill:pilot-2025/kpis/climate.csv,legacy,NOAA Mauna Loa annual mean as charted in pilot-2025 (2016-19 differ from the 2026 NOAA vintage by up to 0.2)
co2-mlo-annual,2024,424.6,ppm,https://gml.noaa.gov/ccgg/trends/,2026-01-03,seen,2026-01-03,backfill:pilot-2025/kpis/climate.csv,legacy,NOAA Mauna Loa annual mean as charted in pilot-2025 (2016-19 differ from the 2026 NOAA vintage by up to 0.2)
co2-mlo-monthly,2026-05,432.34,ppm,https://gml.noaa.gov/webdata/ccgg/trends/co2/co2_mm_mlo.txt,2026-06-07,rule,2026-09-25,backfill:pilot-26H1/kpis/climate.csv,verified,"NOAA MLO monthly mean, May 2026 seasonal peak and all-time monthly record; latest month published by period end (June published early July); NOAA file created 5 Sep 2026; recent months preliminary, subject to recalibration"
co2-trend-10yr-mlo-jan-dec,2025,2.56,ppm/yr,https://gml.noaa.gov/webdata/ccgg/trends/co2/co2_gr_mlo.txt,2026-01-10,rule,2026-09-25,backfill:pilot-26H1/kpis/climate.csv,verified,Mean of NOAA MLO Jan->Dec annual growth rates 2016-2025 (computed in research note from co2_gr_mlo.txt)
co2-emissions-fossil-gcb,2025,38.1,GtCO2,https://essd.copernicus.org/articles/18/3211/2026/,2026-05-13,source,2026-09-25,backfill:pilot-26H1/kpis/climate.csv,verified,"The Bend tracker: GCB 2025 (ESSD, 13 May 2026) global fossil CO2 2025, record high, +1.0% (0.2-1.7%) vs 2024; preliminary; peak not yet behind us; published: GCB 2025 final paper, ESSD 13 May 2026"
co2-mlo-monthly,2026-01,428.62,ppm,https://gml.noaa.gov/webdata/ccgg/trends/co2/co2_mm_mlo.txt,2026-02-07,rule,2026-09-25,backfill:pilot-26H1/kpis/climate.csv,verified,"NOAA MLO monthly mean 2026; preliminary; NOAA file created 5 Sep 2026; recent months preliminary, subject to recalibration"
co2-mlo-monthly,2026-02,429.35,ppm,https://gml.noaa.gov/webdata/ccgg/trends/co2/co2_mm_mlo.txt,2026-03-07,rule,2026-09-25,backfill:pilot-26H1/kpis/climate.csv,verified,"NOAA MLO monthly mean 2026; preliminary; NOAA file created 5 Sep 2026; recent months preliminary, subject to recalibration"
co2-mlo-monthly,2026-03,430.15,ppm,https://gml.noaa.gov/webdata/ccgg/trends/co2/co2_mm_mlo.txt,2026-04-07,rule,2026-09-25,backfill:pilot-26H1/kpis/climate.csv,verified,"NOAA MLO monthly mean 2026; preliminary; NOAA file created 5 Sep 2026; recent months preliminary, subject to recalibration"
co2-mlo-monthly,2026-04,431.12,ppm,https://gml.noaa.gov/webdata/ccgg/trends/co2/co2_mm_mlo.txt,2026-05-07,rule,2026-09-25,backfill:pilot-26H1/kpis/climate.csv,verified,"NOAA MLO monthly mean 2026; preliminary; NOAA file created 5 Sep 2026; recent months preliminary, subject to recalibration"
co2-mlo-monthly,2026-06,431.43,ppm,https://gml.noaa.gov/webdata/ccgg/trends/co2/co2_mm_mlo.txt,2026-07-07,rule,2026-09-25,backfill:pilot-26H1/kpis/climate.csv,verified,"NOAA MLO monthly mean 2026; preliminary; NOAA file created 5 Sep 2026; recent months preliminary, subject to recalibration; June value published early July 2026 (after period end)"
co2-mlo-monthly,2016-05,407.90,ppm,https://gml.noaa.gov/webdata/ccgg/trends/co2/co2_mm_mlo.txt,2016-06-07,rule,2026-09-25,backfill:pilot-26H1/kpis/climate.csv,verified,NOAA MLO May monthly mean (annual seasonal peak)
co2-mlo-monthly,2017-05,409.89,ppm,https://gml.noaa.gov/webdata/ccgg/trends/co2/co2_mm_mlo.txt,2017-06-07,rule,2026-09-25,backfill:pilot-26H1/kpis/climate.csv,verified,NOAA MLO May monthly mean (annual seasonal peak)
co2-mlo-monthly,2018-05,411.44,ppm,https://gml.noaa.gov/webdata/ccgg/trends/co2/co2_mm_mlo.txt,2018-06-07,rule,2026-09-25,backfill:pilot-26H1/kpis/climate.csv,verified,NOAA MLO May monthly mean (annual seasonal peak)
co2-mlo-monthly,2019-05,414.86,ppm,https://gml.noaa.gov/webdata/ccgg/trends/co2/co2_mm_mlo.txt,2019-06-07,rule,2026-09-25,backfill:pilot-26H1/kpis/climate.csv,verified,NOAA MLO May monthly mean (annual seasonal peak)
co2-mlo-monthly,2020-05,417.28,ppm,https://gml.noaa.gov/webdata/ccgg/trends/co2/co2_mm_mlo.txt,2020-06-07,rule,2026-09-25,backfill:pilot-26H1/kpis/climate.csv,verified,NOAA MLO May monthly mean (annual seasonal peak)
co2-mlo-monthly,2021-05,419.09,ppm,https://gml.noaa.gov/webdata/ccgg/trends/co2/co2_mm_mlo.txt,2021-06-07,rule,2026-09-25,backfill:pilot-26H1/kpis/climate.csv,verified,NOAA MLO May monthly mean (annual seasonal peak)
co2-mlo-monthly,2022-05,420.97,ppm,https://gml.noaa.gov/webdata/ccgg/trends/co2/co2_mm_mlo.txt,2022-06-07,rule,2026-09-25,backfill:pilot-26H1/kpis/climate.csv,verified,NOAA MLO May monthly mean (annual seasonal peak)
co2-mlo-monthly,2023-05,424.00,ppm,https://gml.noaa.gov/webdata/ccgg/trends/co2/co2_mm_mlo.txt,2023-06-07,rule,2026-09-25,backfill:pilot-26H1/kpis/climate.csv,verified,NOAA MLO May monthly mean (annual seasonal peak)
co2-mlo-monthly,2024-05,426.90,ppm,https://gml.noaa.gov/webdata/ccgg/trends/co2/co2_mm_mlo.txt,2024-06-07,rule,2026-09-25,backfill:pilot-26H1/kpis/climate.csv,verified,NOAA MLO May monthly mean (annual seasonal peak)
co2-mlo-monthly,2025-05,430.51,ppm,https://gml.noaa.gov/webdata/ccgg/trends/co2/co2_mm_mlo.txt,2025-06-07,rule,2026-09-25,backfill:pilot-26H1/kpis/climate.csv,verified,NOAA MLO May monthly mean (annual seasonal peak)
co2-mlo-monthly,2025-11,426.46,ppm,https://gml.noaa.gov/webdata/ccgg/trends/co2/co2_mm_mlo.txt,2025-12-07,rule,2026-09-25,backfill:pilot-26H1/kpis/climate.csv,verified,"NOAA MLO Nov 2025 monthly mean, current NOAA vintage (pilot-2025 headline recorded 426.5)"
co2-growth-mlo-yoy-monthly,2026-01,1.97,ppm,https://gml.noaa.gov/webdata/ccgg/trends/co2/co2_mm_mlo.txt,2026-02-07,rule,2026-09-25,backfill:pilot-26H1/kpis/climate.csv,verified,NOAA MLO monthly mean minus same month of 2025; preliminary
co2-growth-mlo-yoy-monthly,2026-02,2.26,ppm,https://gml.noaa.gov/webdata/ccgg/trends/co2/co2_mm_mlo.txt,2026-03-07,rule,2026-09-25,backfill:pilot-26H1/kpis/climate.csv,verified,NOAA MLO monthly mean minus same month of 2025; preliminary
co2-growth-mlo-yoy-monthly,2026-03,2.00,ppm,https://gml.noaa.gov/webdata/ccgg/trends/co2/co2_mm_mlo.txt,2026-04-07,rule,2026-09-25,backfill:pilot-26H1/kpis/climate.csv,verified,NOAA MLO monthly mean minus same month of 2025; preliminary
co2-growth-mlo-yoy-monthly,2026-04,1.48,ppm,https://gml.noaa.gov/webdata/ccgg/trends/co2/co2_mm_mlo.txt,2026-05-07,rule,2026-09-25,backfill:pilot-26H1/kpis/climate.csv,verified,NOAA MLO monthly mean minus same month of 2025; preliminary
co2-growth-mlo-yoy-monthly,2026-05,1.83,ppm,https://gml.noaa.gov/webdata/ccgg/trends/co2/co2_mm_mlo.txt,2026-06-07,rule,2026-09-25,backfill:pilot-26H1/kpis/climate.csv,verified,NOAA MLO monthly mean minus same month of 2025; preliminary
co2-growth-mlo-yoy-monthly,2026-06,1.82,ppm,https://gml.noaa.gov/webdata/ccgg/trends/co2/co2_mm_mlo.txt,2026-07-07,rule,2026-09-25,backfill:pilot-26H1/kpis/climate.csv,verified,NOAA MLO monthly mean minus same month of 2025; preliminary; June value published after period end
co2-growth-mlo-yoy-monthly,2023-05,3.03,ppm,https://gml.noaa.gov/webdata/ccgg/trends/co2/co2_mm_mlo.txt,2023-06-07,rule,2026-09-25,backfill:pilot-26H1/kpis/climate.csv,verified,NOAA MLO May 2023 minus May 2022 monthly mean (computed in research note)
co2-growth-mlo-yoy-monthly,2024-05,2.90,ppm,https://gml.noaa.gov/webdata/ccgg/trends/co2/co2_mm_mlo.txt,2024-06-07,rule,2026-09-25,backfill:pilot-26H1/kpis/climate.csv,verified,NOAA MLO May 2024 minus May 2023 monthly mean (computed in research note)
co2-growth-mlo-yoy-monthly,2025-05,3.61,ppm,https://gml.noaa.gov/webdata/ccgg/trends/co2/co2_mm_mlo.txt,2025-06-07,rule,2026-09-25,backfill:pilot-26H1/kpis/climate.csv,verified,NOAA MLO May 2025 minus May 2024 monthly mean (computed in research note)
co2-mlo-daily,2026-05-01,433.95,ppm,https://gml.noaa.gov/webdata/ccgg/trends/co2/co2_daily_mlo.txt,2026-05-03,rule,2026-09-25,backfill:pilot-26H1/kpis/climate.csv,verified,NOAA MLO daily mean; highest in the daily file (record); preliminary
co2-mlo-daily,2026-05-10,433.47,ppm,https://gml.noaa.gov/webdata/ccgg/trends/co2/co2_daily_mlo.txt,2026-05-12,rule,2026-09-25,backfill:pilot-26H1/kpis/climate.csv,verified,NOAA MLO daily mean; second highest in the daily file; preliminary
co2-global-monthly,2026-01,428.02,ppm,https://gml.noaa.gov/webdata/ccgg/trends/co2/co2_mm_gl.txt,2026-02-07,rule,2026-09-25,backfill:pilot-26H1/kpis/climate.csv,verified,NOAA global marine-surface monthly mean 2026; preliminary
co2-global-monthly,2026-02,428.44,ppm,https://gml.noaa.gov/webdata/ccgg/trends/co2/co2_mm_gl.txt,2026-03-07,rule,2026-09-25,backfill:pilot-26H1/kpis/climate.csv,verified,NOAA global marine-surface monthly mean 2026; preliminary
co2-global-monthly,2026-03,428.48,ppm,https://gml.noaa.gov/webdata/ccgg/trends/co2/co2_mm_gl.txt,2026-04-07,rule,2026-09-25,backfill:pilot-26H1/kpis/climate.csv,verified,NOAA global marine-surface monthly mean 2026; preliminary
co2-global-monthly,2026-04,428.67,ppm,https://gml.noaa.gov/webdata/ccgg/trends/co2/co2_mm_gl.txt,2026-05-07,rule,2026-09-25,backfill:pilot-26H1/kpis/climate.csv,verified,NOAA global marine-surface monthly mean 2026; preliminary
co2-global-monthly,2026-05,428.59,ppm,https://gml.noaa.gov/webdata/ccgg/trends/co2/co2_mm_gl.txt,2026-06-07,rule,2026-09-25,backfill:pilot-26H1/kpis/climate.csv,verified,NOAA global marine-surface monthly mean 2026; preliminary
co2-global-monthly,2026-06,427.62,ppm,https://gml.noaa.gov/webdata/ccgg/trends/co2/co2_mm_gl.txt,2026-07-07,rule,2026-09-25,backfill:pilot-26H1/kpis/climate.csv,verified,NOAA global marine-surface monthly mean 2026; preliminary; June value published after period end
co2-global-monthly,2025-06,425.90,ppm,https://gml.noaa.gov/ccgg/trends/global.html,2025-07-07,rule,2026-09-25,backfill:pilot-26H1/kpis/climate.csv,verified,NOAA global marine-surface monthly mean June 2025 (global trends page)
co2-mlo-annual,2016,404.41,ppm,https://gml.noaa.gov/webdata/ccgg/trends/co2/co2_annmean_mlo.txt,2017-01-10,rule,2026-09-25,backfill:pilot-26H1/kpis/climate.csv,verified,NOAA MLO calendar-year annual mean
co2-mlo-annual,2017,406.76,ppm,https://gml.noaa.gov/webdata/ccgg/trends/co2/co2_annmean_mlo.txt,2018-01-10,rule,2026-09-25,backfill:pilot-26H1/kpis/climate.csv,verified,NOAA MLO calendar-year annual mean
co2-mlo-annual,2018,408.72,ppm,https://gml.noaa.gov/webdata/ccgg/trends/co2/co2_annmean_mlo.txt,2019-01-10,rule,2026-09-25,backfill:pilot-26H1/kpis/climate.csv,verified,NOAA MLO calendar-year annual mean
co2-mlo-annual,2019,411.65,ppm,https://gml.noaa.gov/webdata/ccgg/trends/co2/co2_annmean_mlo.txt,2020-01-10,rule,2026-09-25,backfill:pilot-26H1/kpis/climate.csv,verified,NOAA MLO calendar-year annual mean
co2-mlo-annual,2020,414.21,ppm,https://gml.noaa.gov/webdata/ccgg/trends/co2/co2_annmean_mlo.txt,2021-01-10,rule,2026-09-25,backfill:pilot-26H1/kpis/climate.csv,verified,NOAA MLO calendar-year annual mean
co2-mlo-annual,2021,416.41,ppm,https://gml.noaa.gov/webdata/ccgg/trends/co2/co2_annmean_mlo.txt,2022-01-10,rule,2026-09-25,backfill:pilot-26H1/kpis/climate.csv,verified,NOAA MLO calendar-year annual mean
co2-mlo-annual,2022,418.53,ppm,https://gml.noaa.gov/webdata/ccgg/trends/co2/co2_annmean_mlo.txt,2023-01-10,rule,2026-09-25,backfill:pilot-26H1/kpis/climate.csv,verified,NOAA MLO calendar-year annual mean
co2-mlo-annual,2023,421.08,ppm,https://gml.noaa.gov/webdata/ccgg/trends/co2/co2_annmean_mlo.txt,2024-01-10,rule,2026-09-25,backfill:pilot-26H1/kpis/climate.csv,verified,NOAA MLO calendar-year annual mean
co2-mlo-annual,2024,424.61,ppm,https://gml.noaa.gov/webdata/ccgg/trends/co2/co2_annmean_mlo.txt,2025-01-10,rule,2026-09-25,backfill:pilot-26H1/kpis/climate.csv,verified,NOAA MLO calendar-year annual mean
co2-mlo-annual,2025,427.35,ppm,https://gml.noaa.gov/webdata/ccgg/trends/co2/co2_annmean_mlo.txt,2026-01-10,rule,2026-09-25,backfill:pilot-26H1/kpis/climate.csv,verified,NOAA MLO calendar-year annual mean; record
co2-global-annual,2016,403.07,ppm,https://gml.noaa.gov/webdata/ccgg/trends/co2/co2_annmean_gl.txt,2017-01-10,rule,2026-09-25,backfill:pilot-26H1/kpis/climate.csv,verified,NOAA global marine-surface calendar-year annual mean
co2-global-annual,2017,405.22,ppm,https://gml.noaa.gov/webdata/ccgg/trends/co2/co2_annmean_gl.txt,2018-01-10,rule,2026-09-25,backfill:pilot-26H1/kpis/climate.csv,verified,NOAA global marine-surface calendar-year annual mean
co2-global-annual,2018,407.61,ppm,https://gml.noaa.gov/webdata/ccgg/trends/co2/co2_annmean_gl.txt,2019-01-10,rule,2026-09-25,backfill:pilot-26H1/kpis/climate.csv,verified,NOAA global marine-surface calendar-year annual mean
co2-global-annual,2019,410.07,ppm,https://gml.noaa.gov/webdata/ccgg/trends/co2/co2_annmean_gl.txt,2020-01-10,rule,2026-09-25,backfill:pilot-26H1/kpis/climate.csv,verified,NOAA global marine-surface calendar-year annual mean
co2-global-annual,2020,412.44,ppm,https://gml.noaa.gov/webdata/ccgg/trends/co2/co2_annmean_gl.txt,2021-01-10,rule,2026-09-25,backfill:pilot-26H1/kpis/climate.csv,verified,NOAA global marine-surface calendar-year annual mean
co2-global-annual,2021,414.70,ppm,https://gml.noaa.gov/webdata/ccgg/trends/co2/co2_annmean_gl.txt,2022-01-10,rule,2026-09-25,backfill:pilot-26H1/kpis/climate.csv,verified,NOAA global marine-surface calendar-year annual mean
co2-global-annual,2022,417.08,ppm,https://gml.noaa.gov/webdata/ccgg/trends/co2/co2_annmean_gl.txt,2023-01-10,rule,2026-09-25,backfill:pilot-26H1/kpis/climate.csv,verified,NOAA global marine-surface calendar-year annual mean
co2-global-annual,2023,419.35,ppm,https://gml.noaa.gov/webdata/ccgg/trends/co2/co2_annmean_gl.txt,2024-01-10,rule,2026-09-25,backfill:pilot-26H1/kpis/climate.csv,verified,NOAA global marine-surface calendar-year annual mean
co2-global-annual,2024,422.79,ppm,https://gml.noaa.gov/webdata/ccgg/trends/co2/co2_annmean_gl.txt,2025-01-10,rule,2026-09-25,backfill:pilot-26H1/kpis/climate.csv,verified,NOAA global marine-surface calendar-year annual mean
co2-global-annual,2025,425.62,ppm,https://gml.noaa.gov/webdata/ccgg/trends/co2/co2_annmean_gl.txt,2026-01-10,rule,2026-09-25,backfill:pilot-26H1/kpis/climate.csv,verified,NOAA global marine-surface calendar-year annual mean; record
co2-growth-mlo-jan-dec,2011,1.92,ppm/yr,https://gml.noaa.gov/webdata/ccgg/trends/co2/co2_gr_mlo.txt,2012-01-10,rule,2026-09-25,backfill:pilot-26H1/kpis/climate.csv,verified,"NOAA MLO annual growth rate, Jan 1 -> Dec 31 change"
co2-growth-mlo-jan-dec,2012,2.65,ppm/yr,https://gml.noaa.gov/webdata/ccgg/trends/co2/co2_gr_mlo.txt,2013-01-10,rule,2026-09-25,backfill:pilot-26H1/kpis/climate.csv,verified,"NOAA MLO annual growth rate, Jan 1 -> Dec 31 change"
co2-growth-mlo-jan-dec,2013,1.99,ppm/yr,https://gml.noaa.gov/webdata/ccgg/trends/co2/co2_gr_mlo.txt,2014-01-10,rule,2026-09-25,backfill:pilot-26H1/kpis/climate.csv,verified,"NOAA MLO annual growth rate, Jan 1 -> Dec 31 change"
co2-growth-mlo-jan-dec,2014,2.17,ppm/yr,https://gml.noaa.gov/webdata/ccgg/trends/co2/co2_gr_mlo.txt,2015-01-10,rule,2026-09-25,backfill:pilot-26H1/kpis/climate.csv,verified,"NOAA MLO annual growth rate, Jan 1 -> Dec 31 change"
co2-growth-mlo-jan-dec,2015,2.95,ppm/yr,https://gml.noaa.gov/webdata/ccgg/trends/co2/co2_gr_mlo.txt,2016-01-10,rule,2026-09-25,backfill:pilot-26H1/kpis/climate.csv,verified,"NOAA MLO annual growth rate, Jan 1 -> Dec 31 change"
co2-growth-mlo-jan-dec,2016,3.03,ppm/yr,https://gml.noaa.gov/webdata/ccgg/trends/co2/co2_gr_mlo.txt,2017-01-10,rule,2026-09-25,backfill:pilot-26H1/kpis/climate.csv,verified,"NOAA MLO annual growth rate, Jan 1 -> Dec 31 change"
co2-growth-mlo-jan-dec,2017,1.90,ppm/yr,https://gml.noaa.gov/webdata/ccgg/trends/co2/co2_gr_mlo.txt,2018-01-10,rule,2026-09-25,backfill:pilot-26H1/kpis/climate.csv,verified,"NOAA MLO annual growth rate, Jan 1 -> Dec 31 change"
co2-growth-mlo-jan-dec,2018,2.85,ppm/yr,https://gml.noaa.gov/webdata/ccgg/trends/co2/co2_gr_mlo.txt,2019-01-10,rule,2026-09-25,backfill:pilot-26H1/kpis/climate.csv,verified,"NOAA MLO annual growth rate, Jan 1 -> Dec 31 change"
co2-growth-mlo-jan-dec,2019,2.49,ppm/yr,https://gml.noaa.gov/webdata/ccgg/trends/co2/co2_gr_mlo.txt,2020-01-10,rule,2026-09-25,backfill:pilot-26H1/kpis/climate.csv,verified,"NOAA MLO annual growth rate, Jan 1 -> Dec 31 change"
co2-growth-mlo-jan-dec,2020,2.30,ppm/yr,https://gml.noaa.gov/webdata/ccgg/trends/co2/co2_gr_mlo.txt,2021-01-10,rule,2026-09-25,backfill:pilot-26H1/kpis/climate.csv,verified,"NOAA MLO annual growth rate, Jan 1 -> Dec 31 change"
co2-growth-mlo-jan-dec,2021,2.35,ppm/yr,https://gml.noaa.gov/webdata/ccgg/trends/co2/co2_gr_mlo.txt,2022-01-10,rule,2026-09-25,backfill:pilot-26H1/kpis/climate.csv,verified,"NOAA MLO annual growth rate, Jan 1 -> Dec 31 change"
co2-growth-mlo-jan-dec,2022,1.84,ppm/yr,https://gml.noaa.gov/webdata/ccgg/trends/co2/co2_gr_mlo.txt,2023-01-10,rule,2026-09-25,backfill:pilot-26H1/kpis/climate.csv,verified,"NOAA MLO annual growth rate, Jan 1 -> Dec 31 change"
co2-growth-mlo-jan-dec,2023,3.32,ppm/yr,https://gml.noaa.gov/webdata/ccgg/trends/co2/co2_gr_mlo.txt,2024-01-10,rule,2026-09-25,backfill:pilot-26H1/kpis/climate.csv,verified,"NOAA MLO annual growth rate, Jan 1 -> Dec 31 change"
co2-growth-mlo-jan-dec,2024,3.33,ppm/yr,https://gml.noaa.gov/webdata/ccgg/trends/co2/co2_gr_mlo.txt,2025-01-10,rule,2026-09-25,backfill:pilot-26H1/kpis/climate.csv,verified,"NOAA MLO annual growth rate, Jan 1 -> Dec 31 change; record"
co2-growth-mlo-jan-dec,2025,2.23,ppm/yr,https://gml.noaa.gov/webdata/ccgg/trends/co2/co2_gr_mlo.txt,2026-01-10,rule,2026-09-25,backfill:pilot-26H1/kpis/climate.csv,verified,"NOAA MLO annual growth rate, Jan 1 -> Dec 31 change"
co2-growth-global-jan-dec,2011,1.73,ppm/yr,https://gml.noaa.gov/webdata/ccgg/trends/co2/co2_gr_gl.txt,2012-01-10,rule,2026-09-25,backfill:pilot-26H1/kpis/climate.csv,verified,"NOAA global marine-surface annual growth rate, Jan 1 -> Dec 31 change"
co2-growth-global-jan-dec,2012,2.42,ppm/yr,https://gml.noaa.gov/webdata/ccgg/trends/co2/co2_gr_gl.txt,2013-01-10,rule,2026-09-25,backfill:pilot-26H1/kpis/climate.csv,verified,"NOAA global marine-surface annual growth rate, Jan 1 -> Dec 31 change"
co2-growth-global-jan-dec,2013,2.45,ppm/yr,https://gml.noaa.gov/webdata/ccgg/trends/co2/co2_gr_gl.txt,2014-01-10,rule,2026-09-25,backfill:pilot-26H1/kpis/climate.csv,verified,"NOAA global marine-surface annual growth rate, Jan 1 -> Dec 31 change"
co2-growth-global-jan-dec,2014,2.03,ppm/yr,https://gml.noaa.gov/webdata/ccgg/trends/co2/co2_gr_gl.txt,2015-01-10,rule,2026-09-25,backfill:pilot-26H1/kpis/climate.csv,verified,"NOAA global marine-surface annual growth rate, Jan 1 -> Dec 31 change"
co2-growth-global-jan-dec,2015,2.95,ppm/yr,https://gml.noaa.gov/webdata/ccgg/trends/co2/co2_gr_gl.txt,2016-01-10,rule,2026-09-25,backfill:pilot-26H1/kpis/climate.csv,verified,"NOAA global marine-surface annual growth rate, Jan 1 -> Dec 31 change"
co2-growth-global-jan-dec,2016,2.83,ppm/yr,https://gml.noaa.gov/webdata/ccgg/trends/co2/co2_gr_gl.txt,2017-01-10,rule,2026-09-25,backfill:pilot-26H1/kpis/climate.csv,verified,"NOAA global marine-surface annual growth rate, Jan 1 -> Dec 31 change"
co2-growth-global-jan-dec,2017,2.14,ppm/yr,https://gml.noaa.gov/webdata/ccgg/trends/co2/co2_gr_gl.txt,2018-01-10,rule,2026-09-25,backfill:pilot-26H1/kpis/climate.csv,verified,"NOAA global marine-surface annual growth rate, Jan 1 -> Dec 31 change"
co2-growth-global-jan-dec,2018,2.39,ppm/yr,https://gml.noaa.gov/webdata/ccgg/trends/co2/co2_gr_gl.txt,2019-01-10,rule,2026-09-25,backfill:pilot-26H1/kpis/climate.csv,verified,"NOAA global marine-surface annual growth rate, Jan 1 -> Dec 31 change"
co2-growth-global-jan-dec,2019,2.50,ppm/yr,https://gml.noaa.gov/webdata/ccgg/trends/co2/co2_gr_gl.txt,2020-01-10,rule,2026-09-25,backfill:pilot-26H1/kpis/climate.csv,verified,"NOAA global marine-surface annual growth rate, Jan 1 -> Dec 31 change"
co2-growth-global-jan-dec,2020,2.33,ppm/yr,https://gml.noaa.gov/webdata/ccgg/trends/co2/co2_gr_gl.txt,2021-01-10,rule,2026-09-25,backfill:pilot-26H1/kpis/climate.csv,verified,"NOAA global marine-surface annual growth rate, Jan 1 -> Dec 31 change"
co2-growth-global-jan-dec,2021,2.38,ppm/yr,https://gml.noaa.gov/webdata/ccgg/trends/co2/co2_gr_gl.txt,2022-01-10,rule,2026-09-25,backfill:pilot-26H1/kpis/climate.csv,verified,"NOAA global marine-surface annual growth rate, Jan 1 -> Dec 31 change"
co2-growth-global-jan-dec,2022,2.24,ppm/yr,https://gml.noaa.gov/webdata/ccgg/trends/co2/co2_gr_gl.txt,2023-01-10,rule,2026-09-25,backfill:pilot-26H1/kpis/climate.csv,verified,"NOAA global marine-surface annual growth rate, Jan 1 -> Dec 31 change"
co2-growth-global-jan-dec,2023,2.70,ppm/yr,https://gml.noaa.gov/webdata/ccgg/trends/co2/co2_gr_gl.txt,2024-01-10,rule,2026-09-25,backfill:pilot-26H1/kpis/climate.csv,verified,"NOAA global marine-surface annual growth rate, Jan 1 -> Dec 31 change"
co2-growth-global-jan-dec,2024,3.76,ppm/yr,https://gml.noaa.gov/webdata/ccgg/trends/co2/co2_gr_gl.txt,2025-01-10,rule,2026-09-25,backfill:pilot-26H1/kpis/climate.csv,verified,"NOAA global marine-surface annual growth rate, Jan 1 -> Dec 31 change; record"
co2-growth-global-jan-dec,2025,2.06,ppm/yr,https://gml.noaa.gov/webdata/ccgg/trends/co2/co2_gr_gl.txt,2026-01-10,rule,2026-09-25,backfill:pilot-26H1/kpis/climate.csv,verified,"NOAA global marine-surface annual growth rate, Jan 1 -> Dec 31 change; smallest since 2014"
co2-growth-mlo-annual-mean,2024,3.53,ppm/yr,https://gml.noaa.gov/webdata/ccgg/trends/co2/co2_annmean_mlo.txt,2025-01-10,rule,2026-09-25,backfill:pilot-26H1/kpis/climate.csv,verified,NOAA MLO annual mean 2024 minus 2023
co2-growth-mlo-annual-mean,2025,2.74,ppm/yr,https://gml.noaa.gov/webdata/ccgg/trends/co2/co2_annmean_mlo.txt,2026-01-10,rule,2026-09-25,backfill:pilot-26H1/kpis/climate.csv,verified,NOAA MLO annual mean 2025 minus 2024
co2-growth-mlo-annual-mean-scripps,2025,2.68,ppm/yr,https://www.metoffice.gov.uk/research/climate/seasonal-to-decadal/seasonal-forecast/forecasts/co2-forecast,2026-02-04,source,2026-09-25,backfill:pilot-26H1/kpis/climate.csv,verified,"Scripps MLO annual mean 2025 minus 2024, as reported by Met Office (larger than its 2.26 forecast); published: Met Office forecast page dated 4 Feb 2026"
co2-trend-10yr-mlo-jan-dec,2020,2.43,ppm/yr,https://gml.noaa.gov/webdata/ccgg/trends/co2/co2_gr_mlo.txt,2021-01-10,rule,2026-09-25,backfill:pilot-26H1/kpis/climate.csv,verified,Mean of NOAA MLO Jan->Dec growth rates 2011-2020 (computed in research note)
co2-trend-10yr-mlo-jan-dec,2021,2.47,ppm/yr,https://gml.noaa.gov/webdata/ccgg/trends/co2/co2_gr_mlo.txt,2022-01-10,rule,2026-09-25,backfill:pilot-26H1/kpis/climate.csv,verified,Mean of NOAA MLO Jan->Dec growth rates 2012-2021 (computed in research note)
co2-trend-10yr-mlo-jan-dec,2022,2.39,ppm/yr,https://gml.noaa.gov/webdata/ccgg/trends/co2/co2_gr_mlo.txt,2023-01-10,rule,2026-09-25,backfill:pilot-26H1/kpis/climate.csv,verified,Mean of NOAA MLO Jan->Dec growth rates 2013-2022 (computed in research note)
co2-trend-10yr-mlo-jan-dec,2023,2.52,ppm/yr,https://gml.noaa.gov/webdata/ccgg/trends/co2/co2_gr_mlo.txt,2024-01-10,rule,2026-09-25,backfill:pilot-26H1/kpis/climate.csv,verified,Mean of NOAA MLO Jan->Dec growth rates 2014-2023 (computed in research note)
co2-trend-10yr-mlo-jan-dec,2024,2.64,ppm/yr,https://gml.noaa.gov/webdata/ccgg/trends/co2/co2_gr_mlo.txt,2025-01-10,rule,2026-09-25,backfill:pilot-26H1/kpis/climate.csv,verified,Mean of NOAA MLO Jan->Dec growth rates 2015-2024 (computed in research note)
co2-trend-10yr-global-jan-dec,2020,2.38,ppm/yr,https://gml.noaa.gov/webdata/ccgg/trends/co2/co2_gr_gl.txt,2021-01-10,rule,2026-09-25,backfill:pilot-26H1/kpis/climate.csv,verified,Mean of NOAA global Jan->Dec growth rates 2011-2020 (computed in research note)
co2-trend-10yr-global-jan-dec,2024,2.62,ppm/yr,https://gml.noaa.gov/webdata/ccgg/trends/co2/co2_gr_gl.txt,2025-01-10,rule,2026-09-25,backfill:pilot-26H1/kpis/climate.csv,verified,Mean of NOAA global Jan->Dec growth rates 2015-2024 (computed in research note)
co2-trend-10yr-global-jan-dec,2025,2.53,ppm/yr,https://gml.noaa.gov/webdata/ccgg/trends/co2/co2_gr_gl.txt,2026-01-10,rule,2026-09-25,backfill:pilot-26H1/kpis/climate.csv,verified,Mean of NOAA global Jan->Dec growth rates 2016-2025 (computed in research note)
co2-trend-5yr-mlo-jan-dec,2020,2.51,ppm/yr,https://gml.noaa.gov/webdata/ccgg/trends/co2/co2_gr_mlo.txt,2021-01-10,rule,2026-09-25,backfill:pilot-26H1/kpis/climate.csv,verified,Mean of NOAA MLO Jan->Dec growth rates 2016-2020 (computed in research note)
co2-trend-5yr-mlo-jan-dec,2025,2.61,ppm/yr,https://gml.noaa.gov/webdata/ccgg/trends/co2/co2_gr_mlo.txt,2026-01-10,rule,2026-09-25,backfill:pilot-26H1/kpis/climate.csv,verified,Mean of NOAA MLO Jan->Dec growth rates 2021-2025 (computed in research note)
co2-trend-5yr-global-jan-dec,2020,2.44,ppm/yr,https://gml.noaa.gov/webdata/ccgg/trends/co2/co2_gr_gl.txt,2021-01-10,rule,2026-09-25,backfill:pilot-26H1/kpis/climate.csv,verified,Mean of NOAA global Jan->Dec growth rates 2016-2020 (computed in research note)
co2-trend-5yr-global-jan-dec,2025,2.63,ppm/yr,https://gml.noaa.gov/webdata/ccgg/trends/co2/co2_gr_gl.txt,2026-01-10,rule,2026-09-25,backfill:pilot-26H1/kpis/climate.csv,verified,Mean of NOAA global Jan->Dec growth rates 2021-2025 (computed in research note)
co2-trend-10yr-mlo-scripps,2009,1.91,ppm/yr,https://www.metoffice.gov.uk/research/climate/seasonal-to-decadal/seasonal-forecast/forecasts/co2-forecast,2026-02-04,source,2026-09-25,backfill:pilot-26H1/kpis/climate.csv,verified,"Met Office decadal average growth, Scripps MLO annual means, 2000s (2000-2009); published: Met Office forecast page dated 4 Feb 2026"
co2-trend-10yr-mlo-scripps,2019,2.41,ppm/yr,https://www.metoffice.gov.uk/research/climate/seasonal-to-decadal/seasonal-forecast/forecasts/co2-forecast,2026-02-04,source,2026-09-25,backfill:pilot-26H1/kpis/climate.csv,verified,"Met Office decadal average growth, Scripps MLO annual means, 2010s (2010-2019); published: Met Office forecast page dated 4 Feb 2026"
co2-trend-2020s-mlo-scripps,2025,2.61,ppm/yr,https://www.metoffice.gov.uk/research/climate/seasonal-to-decadal/seasonal-forecast/forecasts/co2-forecast,2026-02-04,source,2026-09-25,backfill:pilot-26H1/kpis/climate.csv,verified,"Met Office observed average growth 2020-2025 (first 5 years of the 2020s), Scripps MLO annual means; published: Met Office forecast page dated 4 Feb 2026"
co2-emissions-total-gcb,2024,42.4,GtCO2,https://essd.copernicus.org/articles/18/3211/2026/,2026-05-13,source,2026-09-25,backfill:pilot-26H1/kpis/climate.csv,verified,"GCB 2025 (ESSD) total CO2 (fossil + land-use change) 2024; published: GCB 2025 final paper, ESSD 13 May 2026"
co2-emissions-total-gcb,2025,42.2,GtCO2,https://essd.copernicus.org/articles/18/3211/2026/,2026-05-13,source,2026-09-25,backfill:pilot-26H1/kpis/climate.csv,verified,"GCB 2025 (ESSD) total CO2 2025, preliminary; slightly lower than 2024 due to lower net land-use emissions (end of El Nino); published: GCB 2025 final paper, ESSD 13 May 2026"
co2-emissions-energy-iea,2025,38082,MtCO2,https://iea.blob.core.windows.net/assets/df903e1c-49c6-4757-8cbf-6fbcfe7611a0/GlobalEnergyReview2026.pdf,2026-04-30,source,2026-09-25,backfill:pilot-26H1/kpis/climate.csv,verified,"IEA Global Energy Review 2026 energy-related CO2 2025, record, around +0.4% (excl. flaring; nearly 38.4 Gt incl. flaring); preliminary; published: IEA GER 2026 (April 2026; day unknown -> month end, upper bound)"
co2-emissions-fossil-industry-carbon-monitor,2025,37.2,GtCO2,https://www.nature.com/articles/s43017-026-00780-4,2026-04-14,source,2026-09-25,backfill:pilot-26H1/kpis/climate.csv,verified,"Carbon Monitor (Nat Rev Earth Environ, 14 Apr 2026) fossil+industry CO2 2025, record, +0.7%; news page gives 37.3; preliminary; published: Carbon Monitor, Nat Rev Earth Environ 14 Apr 2026"
co2-mlo-monthly,1958-03,315.71,ppm,https://gml.noaa.gov/webdata/ccgg/trends/co2/co2_mm_mlo.txt,1958-04-07,rule,2026-09-28,collectors/climate.py@2026-09-28,collector,"NOAA MLO monthly mean (co2_mm_mlo.txt, file created 2026-09-05); Scripps (SIO) measurements"
co2-mlo-monthly,1958-04,317.45,ppm,https://gml.noaa.gov/webdata/ccgg/trends/co2/co2_mm_mlo.txt,1958-05-07,rule,2026-09-28,collectors/climate.py@2026-09-28,collector,"NOAA MLO monthly mean (co2_mm_mlo.txt, file created 2026-09-05); Scripps (SIO) measurements"
co2-mlo-monthly,1958-05,317.51,ppm,https://gml.noaa.gov/webdata/ccgg/trends/co2/co2_mm_mlo.txt,1958-06-07,rule,2026-09-28,collectors/climate.py@2026-09-28,collector,"NOAA MLO monthly mean (co2_mm_mlo.txt, file created 2026-09-05); Scripps (SIO) measurements"
co2-mlo-monthly,1958-06,317.27,ppm,https://gml.noaa.gov/webdata/ccgg/trends/co2/co2_mm_mlo.txt,1958-07-07,rule,2026-09-28,collectors/climate.py@2026-09-28,collector,"NOAA MLO monthly mean (co2_mm_mlo.txt, file created 2026-09-05); Scripps (SIO) measurements"
co2-mlo-monthly,1958-07,315.87,ppm,https://gml.noaa.gov/webdata/ccgg/trends/co2/co2_mm_mlo.txt,1958-08-07,rule,2026-09-28,collectors/climate.py@2026-09-28,collector,"NOAA MLO monthly mean (co2_mm_mlo.txt, file created 2026-09-05); Scripps (SIO) measurements"
co2-mlo-monthly,1958-08,314.93,ppm,https://gml.noaa.gov/webdata/ccgg/trends/co2/co2_mm_mlo.txt,1958-09-07,rule,2026-09-28,collectors/climate.py@2026-09-28,collector,"NOAA MLO monthly mean (co2_mm_mlo.txt, file created 2026-09-05); Scripps (SIO) measurements"
co2-mlo-monthly,1958-09,313.21,ppm,https://gml.noaa.gov/webdata/ccgg/trends/co2/co2_mm_mlo.txt,1958-10-07,rule,2026-09-28,collectors/climate.py@2026-09-28,collector,"NOAA MLO monthly mean (co2_mm_mlo.txt, file created 2026-09-05); Scripps (SIO) measurements"
co2-mlo-monthly,1958-10,312.42,ppm,https://gml.noaa.gov/webdata/ccgg/trends/co2/co2_mm_mlo.txt,1958-11-07,rule,2026-09-28,collectors/climate.py@2026-09-28,collector,"NOAA MLO monthly mean (co2_mm_mlo.txt, file created 2026-09-05); Scripps (SIO) measurements"
co2-mlo-monthly,1958-11,313.33,ppm,https://gml.noaa.gov/webdata/ccgg/trends/co2/co2_mm_mlo.txt,1958-12-07,rule,2026-09-28,collectors/climate.py@2026-09-28,collector,"NOAA MLO monthly mean (co2_mm_mlo.txt, file created 2026-09-05); Scripps (SIO) measurements"
co2-mlo-monthly,1958-12,314.67,ppm,https://gml.noaa.gov/webdata/ccgg/trends/co2/co2_mm_mlo.txt,1959-01-07,rule,2026-09-28,collectors/climate.py@2026-09-28,collector,"NOAA MLO monthly mean (co2_mm_mlo.txt, file created 2026-09-05); Scripps (SIO) measurements"
co2-mlo-monthly,1959-01,315.58,ppm,https://gml.noaa.gov/webdata/ccgg/trends/co2/co2_mm_mlo.txt,1959-02-07,rule,2026-09-28,collectors/climate.py@2026-09-28,collector,"NOAA MLO monthly mean (co2_mm_mlo.txt, file created 2026-09-05); Scripps (SIO) measurements"
co2-mlo-monthly,1959-02,316.49,ppm,https://gml.noaa.gov/webdata/ccgg/trends/co2/co2_mm_mlo.txt,1959-03-07,rule,2026-09-28,collectors/climate.py@2026-09-28,collector,"NOAA MLO monthly mean (co2_mm_mlo.txt, file created 2026-09-05); Scripps (SIO) measurements"
co2-mlo-monthly,1959-03,316.65,ppm,https://gml.noaa.gov/webdata/ccgg/trends/co2/co2_mm_mlo.txt,1959-04-07,rule,2026-09-28,collectors/climate.py@2026-09-28,collector,"NOAA MLO monthly mean (co2_mm_mlo.txt, file created 2026-09-05); Scripps (SIO) measurements"
co2-mlo-monthly,1959-04,317.72,ppm,https://gml.noaa.gov/webdata/ccgg/trends/co2/co2_mm_mlo.txt,1959-05-07,rule,2026-09-28,collectors/climate.py@2026-09-28,collector,"NOAA MLO monthly mean (co2_mm_mlo.txt, file created 2026-09-05); Scripps (SIO) measurements"
co2-mlo-monthly,1959-05,318.29,ppm,https://gml.noaa.gov/webdata/ccgg/trends/co2/co2_mm_mlo.txt,1959-06-07,rule,2026-09-28,collectors/climate.py@2026-09-28,collector,"NOAA MLO monthly mean (co2_mm_mlo.txt, file created 2026-09-05); Scripps (SIO) measurements"
co2-mlo-monthly,1959-06,318.15,ppm,https://gml.noaa.gov/webdata/ccgg/trends/co2/co2_mm_mlo.txt,1959-07-07,rule,2026-09-28,collectors/climate.py@2026-09-28,collector,"NOAA MLO monthly mean (co2_mm_mlo.txt, file created 2026-09-05); Scripps (SIO) measurements"
co2-mlo-monthly,1959-07,316.54,ppm,https://gml.noaa.gov/webdata/ccgg/trends/co2/co2_mm_mlo.txt,1959-08-07,rule,2026-09-28,collectors/climate.py@2026-09-28,collector,"NOAA MLO monthly mean (co2_mm_mlo.txt, file created 2026-09-05); Scripps (SIO) measurements"
co2-mlo-monthly,1959-08,314.80,ppm,https://gml.noaa.gov/webdata/ccgg/trends/co2/co2_mm_mlo.txt,1959-09-07,rule,2026-09-28,collectors/climate.py@2026-09-28,collector,"NOAA MLO monthly mean (co2_mm_mlo.txt, file created 2026-09-05); Scripps (SIO) measurements"
co2-mlo-monthly,1959-09,313.84,ppm,https://gml.noaa.gov/webdata/ccgg/trends/co2/co2_mm_mlo.txt,1959-10-07,rule,2026-09-28,collectors/climate.py@2026-09-28,collector,"NOAA MLO monthly mean (co2_mm_mlo.txt, file created 2026-09-05); Scripps (SIO) measurements"
co2-mlo-monthly,1959-10,313.33,ppm,https://gml.noaa.gov/webdata/ccgg/trends/co2/co2_mm_mlo.txt,1959-11-07,rule,2026-09-28,collectors/climate.py@2026-09-28,collector,"NOAA MLO monthly mean (co2_mm_mlo.txt, file created 2026-09-05); Scripps (SIO) measurements"
co2-mlo-monthly,1959-11,314.81,ppm,https://gml.noaa.gov/webdata/ccgg/trends/co2/co2_mm_mlo.txt,1959-12-07,rule,2026-09-28,collectors/climate.py@2026-09-28,collector,"NOAA MLO monthly mean (co2_mm_mlo.txt, file created 2026-09-05); Scripps (SIO) measurements"
co2-mlo-monthly,1959-12,315.58,ppm,https://gml.noaa.gov/webdata/ccgg/trends/co2/co2_mm_mlo.txt,1960-01-07,rule,2026-09-28,collectors/climate.py@2026-09-28,collector,"NOAA MLO monthly mean (co2_mm_mlo.txt, file created 2026-09-05); Scripps (SIO) measurements"
co2-mlo-monthly,1960-01,316.43,ppm,https://gml.noaa.gov/webdata/ccgg/trends/co2/co2_mm_mlo.txt,1960-02-07,rule,2026-09-28,collectors/climate.py@2026-09-28,collector,"NOAA MLO monthly mean (co2_mm_mlo.txt, file created 2026-09-05); Scripps (SIO) measurements"
co2-mlo-monthly,1960-02,316.98,ppm,https://gml.noaa.gov/webdata/ccgg/trends/co2/co2_mm_mlo.txt,1960-03-07,rule,2026-09-28,collectors/climate.py@2026-09-28,collector,"NOAA MLO monthly mean (co2_mm_mlo.txt, file created 2026-09-05); Scripps (SIO) measurements"
co2-mlo-monthly,1960-03,317.58,ppm,https://gml.noaa.gov/webdata/ccgg/trends/co2/co2_mm_mlo.txt,1960-04-07,rule,2026-09-28,collectors/climate.py@2026-09-28,collector,"NOAA MLO monthly mean (co2_mm_mlo.txt, file created 2026-09-05); Scripps (SIO) measurements"
co2-mlo-monthly,1960-04,319.03,ppm,https://gml.noaa.gov/webdata/ccgg/trends/co2/co2_mm_mlo.txt,1960-05-07,rule,2026-09-28,collectors/climate.py@2026-09-28,collector,"NOAA MLO monthly mean (co2_mm_mlo.txt, file created 2026-09-05); Scripps (SIO) measurements"
co2-mlo-monthly,1960-05,320.03,ppm,https://gml.noaa.gov/webdata/ccgg/trends/co2/co2_mm_mlo.txt,1960-06-07,rule,2026-09-28,collectors/climate.py@2026-09-28,collector,"NOAA MLO monthly mean (co2_mm_mlo.txt, file created 2026-09-05); Scripps (SIO) measurements"
co2-mlo-monthly,1960-06,319.58,ppm,https://gml.noaa.gov/webdata/ccgg/trends/co2/co2_mm_mlo.txt,1960-07-07,rule,2026-09-28,collectors/climate.py@2026-09-28,collector,"NOAA MLO monthly mean (co2_mm_mlo.txt, file created 2026-09-05); Scripps (SIO) measurements"
co2-mlo-monthly,1960-07,318.18,ppm,https://gml.noaa.gov/webdata/ccgg/trends/co2/co2_mm_mlo.txt,1960-08-07,rule,2026-09-28,collectors/climate.py@2026-09-28,collector,"NOAA MLO monthly mean (co2_mm_mlo.txt, file created 2026-09-05); Scripps (SIO) measurements"
co2-mlo-monthly,1960-08,315.90,ppm,https://gml.noaa.gov/webdata/ccgg/trends/co2/co2_mm_mlo.txt,1960-09-07,rule,2026-09-28,collectors/climate.py@2026-09-28,collector,"NOAA MLO monthly mean (co2_mm_mlo.txt, file created 2026-09-05); Scripps (SIO) measurements"
co2-mlo-monthly,1960-09,314.17,ppm,https://gml.noaa.gov/webdata/ccgg/trends/co2/co2_mm_mlo.txt,1960-10-07,rule,2026-09-28,collectors/climate.py@2026-09-28,collector,"NOAA MLO monthly mean (co2_mm_mlo.txt, file created 2026-09-05); Scripps (SIO) measurements"
co2-mlo-monthly,1960-10,313.83,ppm,https://gml.noaa.gov/webdata/ccgg/trends/co2/co2_mm_mlo.txt,1960-11-07,rule,2026-09-28,collectors/climate.py@2026-09-28,collector,"NOAA MLO monthly mean (co2_mm_mlo.txt, file created 2026-09-05); Scripps (SIO) measurements"
co2-mlo-monthly,1960-11,315.00,ppm,https://gml.noaa.gov/webdata/ccgg/trends/co2/co2_mm_mlo.txt,1960-12-07,rule,2026-09-28,collectors/climate.py@2026-09-28,collector,"NOAA MLO monthly mean (co2_mm_mlo.txt, file created 2026-09-05); Scripps (SIO) measurements"
co2-mlo-monthly,1960-12,316.19,ppm,https://gml.noaa.gov/webdata/ccgg/trends/co2/co2_mm_mlo.txt,1961-01-07,rule,2026-09-28,collectors/climate.py@2026-09-28,collector,"NOAA MLO monthly mean (co2_mm_mlo.txt, file created 2026-09-05); Scripps (SIO) measurements"
co2-mlo-monthly,1961-01,316.89,ppm,https://gml.noaa.gov/webdata/ccgg/trends/co2/co2_mm_mlo.txt,1961-02-07,rule,2026-09-28,collectors/climate.py@2026-09-28,collector,"NOAA MLO monthly mean (co2_mm_mlo.txt, file created 2026-09-05); Scripps (SIO) measurements"
co2-mlo-monthly,1961-02,317.70,ppm,https://gml.noaa.gov/webdata/ccgg/trends/co2/co2_mm_mlo.txt,1961-03-07,rule,2026-09-28,collectors/climate.py@2026-09-28,collector,"NOAA MLO monthly mean (co2_mm_mlo.txt, file created 2026-09-05); Scripps (SIO) measurements"
co2-mlo-monthly,1961-03,318.54,ppm,https://gml.noaa.gov/webdata/ccgg/trends/co2/co2_mm_mlo.txt,1961-04-07,rule,2026-09-28,collectors/climate.py@2026-09-28,collector,"NOAA MLO monthly mean (co2_mm_mlo.txt, file created 2026-09-05); Scripps (SIO) measurements"
co2-mlo-monthly,1961-04,319.48,ppm,https://gml.noaa.gov/webdata/ccgg/trends/co2/co2_mm_mlo.txt,1961-05-07,rule,2026-09-28,collectors/climate.py@2026-09-28,collector,"NOAA MLO monthly mean (co2_mm_mlo.txt, file created 2026-09-05); Scripps (SIO) measurements"
co2-mlo-monthly,1961-05,320.58,ppm,https://gml.noaa.gov/webdata/ccgg/trends/co2/co2_mm_mlo.txt,1961-06-07,rule,2026-09-28,collectors/climate.py@2026-09-28,collector,"NOAA MLO monthly mean (co2_mm_mlo.txt, file created 2026-09-05); Scripps (SIO) measurements"
co2-mlo-monthly,1961-06,319.77,ppm,https://gml.noaa.gov/webdata/ccgg/trends/co2/co2_mm_mlo.txt,1961-07-07,rule,2026-09-28,collectors/climate.py@2026-09-28,collector,"NOAA MLO monthly mean (co2_mm_mlo.txt, file created 2026-09-05); Scripps (SIO) measurements"
co2-mlo-monthly,1961-07,318.56,ppm,https://gml.noaa.gov/webdata/ccgg/trends/co2/co2_mm_mlo.txt,1961-08-07,rule,2026-09-28,collectors/climate.py@2026-09-28,collector,"NOAA MLO monthly mean (co2_mm_mlo.txt, file created 2026-09-05); Scripps (SIO) measurements"
co2-mlo-monthly,1961-08,316.79,ppm,https://gml.noaa.gov/webdata/ccgg/trends/co2/co2_mm_mlo.txt,1961-09-07,rule,2026-09-28,collectors/climate.py@2026-09-28,collector,"NOAA MLO monthly mean (co2_mm_mlo.txt, file created 2026-09-05); Scripps (SIO) measurements"
co2-mlo-monthly,1961-09,314.99,ppm,https://gml.noaa.gov/webdata/ccgg/trends/co2/co2_mm_mlo.txt,1961-10-07,rule,2026-09-28,collectors/climate.py@2026-09-28,collector,"NOAA MLO monthly mean (co2_mm_mlo.txt, file created 2026-09-05); Scripps (SIO) measurements"
co2-mlo-monthly,1961-10,315.31,ppm,https://gml.noaa.gov/webdata/ccgg/trends/co2/co2_mm_mlo.txt,1961-11-07,rule,2026-09-28,collectors/climate.py@2026-09-28,collector,"NOAA MLO monthly mean (co2_mm_mlo.txt, file created 2026-09-05); Scripps (SIO) measurements"
co2-mlo-monthly,1961-11,316.10,ppm,https://gml.noaa.gov/webdata/ccgg/trends/co2/co2_mm_mlo.txt,1961-12-07,rule,2026-09-28,collectors/climate.py@2026-09-28,collector,"NOAA MLO monthly mean (co2_mm_mlo.txt, file created 2026-09-05); Scripps (SIO) measurements"
co2-mlo-monthly,1961-12,317.01,ppm,https://gml.noaa.gov/webdata/ccgg/trends/co2/co2_mm_mlo.txt,1962-01-07,rule,2026-09-28,collectors/climate.py@2026-09-28,collector,"NOAA MLO monthly mean (co2_mm_mlo.txt, file created 2026-09-05); Scripps (SIO) measurements"
co2-mlo-monthly,1962-01,317.94,ppm,https://gml.noaa.gov/webdata/ccgg/trends/co2/co2_mm_mlo.txt,1962-02-07,rule,2026-09-28,collectors/climate.py@2026-09-28,collector,"NOAA MLO monthly mean (co2_mm_mlo.txt, file created 2026-09-05); Scripps (SIO) measurements"
co2-mlo-monthly,1962-02,318.55,ppm,https://gml.noaa.gov/webdata/ccgg/trends/co2/co2_mm_mlo.txt,1962-03-07,rule,2026-09-28,collectors/climate.py@2026-09-28,collector,"NOAA MLO monthly mean (co2_mm_mlo.txt, file created 2026-09-05); Scripps (SIO) measurements"
co2-mlo-monthly,1962-03,319.68,ppm,https://gml.noaa.gov/webdata/ccgg/trends/co2/co2_mm_mlo.txt,1962-04-07,rule,2026-09-28,collectors/climate.py@2026-09-28,collector,"NOAA MLO monthly mean (co2_mm_mlo.txt, file created 2026-09-05); Scripps (SIO) measurements"
co2-mlo-monthly,1962-04,320.57,ppm,https://gml.noaa.gov/webdata/ccgg/trends/co2/co2_mm_mlo.txt,1962-05-07,rule,2026-09-28,collectors/climate.py@2026-09-28,collector,"NOAA MLO monthly mean (co2_mm_mlo.txt, file created 2026-09-05); Scripps (SIO) measurements"
co2-mlo-monthly,1962-05,321.02,ppm,https://gml.noaa.gov/webdata/ccgg/trends/co2/co2_mm_mlo.txt,1962-06-07,rule,2026-09-28,collectors/climate.py@2026-09-28,collector,"NOAA MLO monthly mean (co2_mm_mlo.txt, file created 2026-09-05); Scripps (SIO) measurements"
co2-mlo-monthly,1962-06,320.62,ppm,https://gml.noaa.gov/webdata/ccgg/trends/co2/co2_mm_mlo.txt,1962-07-07,rule,2026-09-28,collectors/climate.py@2026-09-28,collector,"NOAA MLO monthly mean (co2_mm_mlo.txt, file created 2026-09-05); Scripps (SIO) measurements"
co2-mlo-monthly,1962-07,319.61,ppm,https://gml.noaa.gov/webdata/ccgg/trends/co2/co2_mm_mlo.txt,1962-08-07,rule,2026-09-28,collectors/climate.py@2026-09-28,collector,"NOAA MLO monthly mean (co2_mm_mlo.txt, file created 2026-09-05); Scripps (SIO) measurements"
co2-mlo-monthly,1962-08,317.40,ppm,https://gml.noaa.gov/webdata/ccgg/trends/co2/co2_mm_mlo.txt,1962-09-07,rule,2026-09-28,collectors/climate.py@2026-09-28,collector,"NOAA MLO monthly mean (co2_mm_mlo.txt, file created 2026-09-05); Scripps (SIO) measurements"
co2-mlo-monthly,1962-09,316.24,ppm,https://gml.noaa.gov/webdata/ccgg/trends/co2/co2_mm_mlo.txt,1962-10-07,rule,2026-09-28,collectors/climate.py@2026-09-28,collector,"NOAA MLO monthly mean (co2_mm_mlo.txt, file created 2026-09-05); Scripps (SIO) measurements"
co2-mlo-monthly,1962-10,315.42,ppm,https://gml.noaa.gov/webdata/ccgg/trends/co2/co2_mm_mlo.txt,1962-11-07,rule,2026-09-28,collectors/climate.py@2026-09-28,collector,"NOAA MLO monthly mean (co2_mm_mlo.txt, file created 2026-09-05); Scripps (SIO) measurements"
co2-mlo-monthly,1962-11,316.69,ppm,https://gml.noaa.gov/webdata/ccgg/trends/co2/co2_mm_mlo.txt,1962-12-07,rule,2026-09-28,collectors/climate.py@2026-09-28,collector,"NOAA MLO monthly mean (co2_mm_mlo.txt, file created 2026-09-05); Scripps (SIO) measurements"
co2-mlo-monthly,1962-12,317.70,ppm,https://gml.noaa.gov/webdata/ccgg/trends/co2/co2_mm_mlo.txt,1963-01-07,rule,2026-09-28,collectors/climate.py@2026-09-28,collector,"NOAA MLO monthly mean (co2_mm_mlo.txt, file created 2026-09-05); Scripps (SIO) measurements"
co2-mlo-monthly,1963-01,318.74,ppm,https://gml.noaa.gov/webdata/ccgg/trends/co2/co2_mm_mlo.txt,1963-02-07,rule,2026-09-28,collectors/climate.py@2026-09-28,collector,"NOAA MLO monthly mean (co2_mm_mlo.txt, file created 2026-09-05); Scripps (SIO) measurements"
co2-mlo-monthly,1963-02,319.07,ppm,https://gml.noaa.gov/webdata/ccgg/trends/co2/co2_mm_mlo.txt,1963-03-07,rule,2026-09-28,collectors/climate.py@2026-09-28,collector,"NOAA MLO monthly mean (co2_mm_mlo.txt, file created 2026-09-05); Scripps (SIO) measurements"
co2-mlo-monthly,1963-03,319.86,ppm,https://gml.noaa.gov/webdata/ccgg/trends/co2/co2_mm_mlo.txt,1963-04-07,rule,2026-09-28,collectors/climate.py@2026-09-28,collector,"NOAA MLO monthly mean (co2_mm_mlo.txt, file created 2026-09-05); Scripps (SIO) measurements"
co2-mlo-monthly,1963-04,321.38,ppm,https://gml.noaa.gov/webdata/ccgg/trends/co2/co2_mm_mlo.txt,1963-05-07,rule,2026-09-28,collectors/climate.py@2026-09-28,collector,"NOAA MLO monthly mean (co2_mm_mlo.txt, file created 2026-09-05); Scripps (SIO) measurements"
co2-mlo-monthly,1963-05,322.24,ppm,https://gml.noaa.gov/webdata/ccgg/trends/co2/co2_mm_mlo.txt,1963-06-07,rule,2026-09-28,collectors/climate.py@2026-09-28,collector,"NOAA MLO monthly mean (co2_mm_mlo.txt, file created 2026-09-05); Scripps (SIO) measurements"
co2-mlo-monthly,1963-06,321.49,ppm,https://gml.noaa.gov/webdata/ccgg/trends/co2/co2_mm_mlo.txt,1963-07-07,rule,2026-09-28,collectors/climate.py@2026-09-28,collector,"NOAA MLO monthly mean (co2_mm_mlo.txt, file created 2026-09-05); Scripps (SIO) measurements"
co2-mlo-monthly,1963-07,319.74,ppm,https://gml.noaa.gov/webdata/ccgg/trends/co2/co2_mm_mlo.txt,1963-08-07,rule,2026-09-28,collectors/climate.py@2026-09-28,collector,"NOAA MLO monthly mean (co2_mm_mlo.txt, file created 2026-09-05); Scripps (SIO) measurements"
co2-mlo-monthly,1963-08,317.77,ppm,https://gml.noaa.gov/webdata/ccgg/trends/co2/co2_mm_mlo.txt,1963-09-07,rule,2026-09-28,collectors/climate.py@2026-09-28,collector,"NOAA MLO monthly mean (co2_mm_mlo.txt, file created 2026-09-05); Scripps (SIO) measurements"
co2-mlo-monthly,1963-09,316.21,ppm,https://gml.noaa.gov/webdata/ccgg/trends/co2/co2_mm_mlo.txt,1963-10-07,rule,2026-09-28,collectors/climate.py@2026-09-28,collector,"NOAA MLO monthly mean (co2_mm_mlo.txt, file created 2026-09-05); Scripps (SIO) measurements"
co2-mlo-monthly,1963-10,315.99,ppm,https://gml.noaa.gov/webdata/ccgg/trends/co2/co2_mm_mlo.txt,1963-11-07,rule,2026-09-28,collectors/climate.py@2026-09-28,collector,"NOAA MLO monthly mean (co2_mm_mlo.txt, file created 2026-09-05); Scripps (SIO) measurements"
co2-mlo-monthly,1963-11,317.07,ppm,https://gml.noaa.gov/webdata/ccgg/trends/co2/co2_mm_mlo.txt,1963-12-07,rule,2026-09-28,collectors/climate.py@2026-09-28,collector,"NOAA MLO monthly mean (co2_mm_mlo.txt, file created 2026-09-05); Scripps (SIO) measurements"
co2-mlo-monthly,1963-12,318.35,ppm,https://gml.noaa.gov/webdata/ccgg/trends/co2/co2_mm_mlo.txt,1964-01-07,rule,2026-09-28,collectors/climate.py@2026-09-28,collector,"NOAA MLO monthly mean (co2_mm_mlo.txt, file created 2026-09-05); Scripps (SIO) measurements"
co2-mlo-monthly,1964-01,319.57,ppm,https://gml.noaa.gov/webdata/ccgg/trends/co2/co2_mm_mlo.txt,1964-02-07,rule,2026-09-28,collectors/climate.py@2026-09-28,collector,"NOAA MLO monthly mean (co2_mm_mlo.txt, file created 2026-09-05); Scripps (SIO) measurements"
co2-mlo-monthly,1964-02,320.04,ppm,https://gml.noaa.gov/webdata/ccgg/trends/co2/co2_mm_mlo.txt,1964-03-07,rule,2026-09-28,collectors/climate.py@2026-09-28,collector,"NOAA MLO monthly mean (co2_mm_mlo.txt, file created 2026-09-05); Scripps (SIO) measurements"
co2-mlo-monthly,1964-03,320.75,ppm,https://gml.noaa.gov/webdata/ccgg/trends/co2/co2_mm_mlo.txt,1964-04-07,rule,2026-09-28,collectors/climate.py@2026-09-28,collector,"NOAA MLO monthly mean (co2_mm_mlo.txt, file created 2026-09-05); Scripps (SIO) measurements"
co2-mlo-monthly,1964-04,321.84,ppm,https://gml.noaa.gov/webdata/ccgg/trends/co2/co2_mm_mlo.txt,1964-05-07,rule,2026-09-28,collectors/climate.py@2026-09-28,collector,"NOAA MLO monthly mean (co2_mm_mlo.txt, file created 2026-09-05); Scripps (SIO) measurements"
co2-mlo-monthly,1964-05,322.25,ppm,https://gml.noaa.gov/webdata/ccgg/trends/co2/co2_mm_mlo.txt,1964-06-07,rule,2026-09-28,collectors/climate.py@2026-09-28,collector,"NOAA MLO monthly mean (co2_mm_mlo.txt, file created 2026-09-05); Scripps (SIO) measurements"
co2-mlo-monthly,1964-06,321.89,ppm,https://gml.noaa.gov/webdata/ccgg/trends/co2/co2_mm_mlo.txt,1964-07-07,rule,2026-09-28,collectors/climate.py@2026-09-28,collector,"NOAA MLO monthly mean (co2_mm_mlo.txt, file created 2026-09-05); Scripps (SIO) measurements"
co2-mlo-monthly,1964-07,320.44,ppm,https://gml.noaa.gov/webdata/ccgg/trends/co2/co2_mm_mlo.txt,1964-08-07,rule,2026-09-28,collectors/climate.py@2026-09-28,collector,"NOAA MLO monthly mean (co2_mm_mlo.txt, file created 2026-09-05); Scripps (SIO) measurements"
co2-mlo-monthly,1964-08,318.69,ppm,https://gml.noaa.gov/webdata/ccgg/trends/co2/co2_mm_mlo.txt,1964-09-07,rule,2026-09-28,collectors/climate.py@2026-09-28,collector,"NOAA MLO monthly mean (co2_mm_mlo.txt, file created 2026-09-05); Scripps (SIO) measurements"
co2-mlo-monthly,1964-09,316.71,ppm,https://gml.noaa.gov/webdata/ccgg/trends/co2/co2_mm_mlo.txt,1964-10-07,rule,2026-09-28,collectors/climate.py@2026-09-28,collector,"NOAA MLO monthly mean (co2_mm_mlo.txt, file created 2026-09-05); Scripps (SIO) measurements"
co2-mlo-monthly,1964-10,316.87,ppm,https://gml.noaa.gov/webdata/ccgg/trends/co2/co2_mm_mlo.txt,1964-11-07,rule,2026-09-28,collectors/climate.py@2026-09-28,collector,"NOAA MLO monthly mean (co2_mm_mlo.txt, file created 2026-09-05); Scripps (SIO) measurements"
co2-mlo-monthly,1964-11,317.68,ppm,https://gml.noaa.gov/webdata/ccgg/trends/co2/co2_mm_mlo.txt,1964-12-07,rule,2026-09-28,collectors/climate.py@2026-09-28,collector,"NOAA MLO monthly mean (co2_mm_mlo.txt, file created 2026-09-05); Scripps (SIO) measurements"
co2-mlo-monthly,1964-12,318.71,ppm,https://gml.noaa.gov/webdata/ccgg/trends/co2/co2_mm_mlo.txt,1965-01-07,rule,2026-09-28,collectors/climate.py@2026-09-28,collector,"NOAA MLO monthly mean (co2_mm_mlo.txt, file created 2026-09-05); Scripps (SIO) measurements"
co2-mlo-monthly,1965-01,319.44,ppm,https://gml.noaa.gov/webdata/ccgg/trends/co2/co2_mm_mlo.txt,1965-02-07,rule,2026-09-28,collectors/climate.py@2026-09-28,collector,"NOAA MLO monthly mean (co2_mm_mlo.txt, file created 2026-09-05); Scripps (SIO) measurements"
co2-mlo-monthly,1965-02,320.44,ppm,https://gml.noaa.gov/webdata/ccgg/trends/co2/co2_mm_mlo.txt,1965-03-07,rule,2026-09-28,collectors/climate.py@2026-09-28,collector,"NOAA MLO monthly mean (co2_mm_mlo.txt, file created 2026-09-05); Scripps (SIO) measurements"
co2-mlo-monthly,1965-03,320.89,ppm,https://gml.noaa.gov/webdata/ccgg/trends/co2/co2_mm_mlo.txt,1965-04-07,rule,2026-09-28,collectors/climate.py@2026-09-28,collector,"NOAA MLO monthly mean (co2_mm_mlo.txt, file created 2026-09-05); Scripps (SIO) measurements"
co2-mlo-monthly,1965-04,322.14,ppm,https://gml.noaa.gov/webdata/ccgg/trends/co2/co2_mm_mlo.txt,1965-05-07,rule,2026-09-28,collectors/climate.py@2026-09-28,collector,"NOAA MLO monthly mean (co2_mm_mlo.txt, file created 2026-09-05); Scripps (SIO) measurements"
co2-mlo-monthly,1965-05,322.17,ppm,https://gml.noaa.gov/webdata/ccgg/trends/co2/co2_mm_mlo.txt,1965-06-07,rule,2026-09-28,collectors/climate.py@2026-09-28,collector,"NOAA MLO monthly mean (co2_mm_mlo.txt, file created 2026-09-05); Scripps (SIO) measurements"
co2-mlo-monthly,1965-06,321.87,ppm,https://gml.noaa.gov/webdata/ccgg/trends/co2/co2_mm_mlo.txt,1965-07-07,rule,2026-09-28,collectors/climate.py@2026-09-28,collector,"NOAA MLO monthly mean (co2_mm_mlo.txt, file created 2026-09-05); Scripps (SIO) measurements"
co2-mlo-monthly,1965-07,321.21,ppm,https://gml.noaa.gov/webdata/ccgg/trends/co2/co2_mm_mlo.txt,1965-08-07,rule,2026-09-28,collectors/climate.py@2026-09-28,collector,"NOAA MLO monthly mean (co2_mm_mlo.txt, file created 2026-09-05); Scripps (SIO) measurements"
co2-mlo-monthly,1965-08,318.87,ppm,https://gml.noaa.gov/webdata/ccgg/trends/co2/co2_mm_mlo.txt,1965-09-07,rule,2026-09-28,collectors/climate.py@2026-09-28,collector,"NOAA MLO monthly mean (co2_mm_mlo.txt, file created 2026-09-05); Scripps (SIO) measurements"
co2-mlo-monthly,1965-09,317.82,ppm,https://gml.noaa.gov/webdata/ccgg/trends/co2/co2_mm_mlo.txt,1965-10-07,rule,2026-09-28,collectors/climate.py@2026-09-28,collector,"NOAA MLO monthly mean (co2_mm_mlo.txt, file created 2026-09-05); Scripps (SIO) measurements"
co2-mlo-monthly,1965-10,317.30,ppm,https://gml.noaa.gov/webdata/ccgg/trends/co2/co2_mm_mlo.txt,1965-11-07,rule,2026-09-28,collectors/climate.py@2026-09-28,collector,"NOAA MLO monthly mean (co2_mm_mlo.txt, file created 2026-09-05); Scripps (SIO) measurements"
co2-mlo-monthly,1965-11,318.87,ppm,https://gml.noaa.gov/webdata/ccgg/trends/co2/co2_mm_mlo.txt,1965-12-07,rule,2026-09-28,collectors/climate.py@2026-09-28,collector,"NOAA MLO monthly mean (co2_mm_mlo.txt, file created 2026-09-05); Scripps (SIO) measurements"
co2-mlo-monthly,1965-12,319.42,ppm,https://gml.noaa.gov/webdata/ccgg/trends/co2/co2_mm_mlo.txt,1966-01-07,rule,2026-09-28,collectors/climate.py@2026-09-28,collector,"NOAA MLO monthly mean (co2_mm_mlo.txt, file created 2026-09-05); Scripps (SIO) measurements"
co2-mlo-monthly,1966-01,320.62,ppm,https://gml.noaa.gov/webdata/ccgg/trends/co2/co2_mm_mlo.txt,1966-02-07,rule,2026-09-28,collectors/climate.py@2026-09-28,collector,"NOAA MLO monthly mean (co2_mm_mlo.txt, file created 2026-09-05); Scripps (SIO) measurements"
co2-mlo-monthly,1966-02,321.60,ppm,https://gml.noaa.gov/webdata/ccgg/trends/co2/co2_mm_mlo.txt,1966-03-07,rule,2026-09-28,collectors/climate.py@2026-09-28,collector,"NOAA MLO monthly mean (co2_mm_mlo.txt, file created 2026-09-05); Scripps (SIO) measurements"
co2-mlo-monthly,1966-03,322.39,ppm,https://gml.noaa.gov/webdata/ccgg/trends/co2/co2_mm_mlo.txt,1966-04-07,rule,2026-09-28,collectors/climate.py@2026-09-28,collector,"NOAA MLO monthly mean (co2_mm_mlo.txt, file created 2026-09-05); Scripps (SIO) measurements"
co2-mlo-monthly,1966-04,323.70,ppm,https://gml.noaa.gov/webdata/ccgg/trends/co2/co2_mm_mlo.txt,1966-05-07,rule,2026-09-28,collectors/climate.py@2026-09-28,collector,"NOAA MLO monthly mean (co2_mm_mlo.txt, file created 2026-09-05); Scripps (SIO) measurements"
co2-mlo-monthly,1966-05,324.08,ppm,https://gml.noaa.gov/webdata/ccgg/trends/co2/co2_mm_mlo.txt,1966-06-07,rule,2026-09-28,collectors/climate.py@2026-09-28,collector,"NOAA MLO monthly mean (co2_mm_mlo.txt, file created 2026-09-05); Scripps (SIO) measurements"
co2-mlo-monthly,1966-06,323.75,ppm,https://gml.noaa.gov/webdata/ccgg/trends/co2/co2_mm_mlo.txt,1966-07-07,rule,2026-09-28,collectors/climate.py@2026-09-28,collector,"NOAA MLO monthly mean (co2_mm_mlo.txt, file created 2026-09-05); Scripps (SIO) measurements"
co2-mlo-monthly,1966-07,322.37,ppm,https://gml.noaa.gov/webdata/ccgg/trends/co2/co2_mm_mlo.txt,1966-08-07,rule,2026-09-28,collectors/climate.py@2026-09-28,collector,"NOAA MLO monthly mean (co2_mm_mlo.txt, file created 2026-09-05); Scripps (SIO) measurements"
co2-mlo-monthly,1966-08,320.36,ppm,https://gml.noaa.gov/webdata/ccgg/trends/co2/co2_mm_mlo.txt,1966-09-07,rule,2026-09-28,collectors/climate.py@2026-09-28,collector,"NOAA MLO monthly mean (co2_mm_mlo.txt, file created 2026-09-05); Scripps (SIO) measurements"
co2-mlo-monthly,1966-09,318.64,ppm,https://gml.noaa.gov/webdata/ccgg/trends/co2/co2_mm_mlo.txt,1966-10-07,rule,2026-09-28,collectors/climate.py@2026-09-28,collector,"NOAA MLO monthly mean (co2_mm_mlo.txt, file created 2026-09-05); Scripps (SIO) measurements"
co2-mlo-monthly,1966-10,318.10,ppm,https://gml.noaa.gov/webdata/ccgg/trends/co2/co2_mm_mlo.txt,1966-11-07,rule,2026-09-28,collectors/climate.py@2026-09-28,collector,"NOAA MLO monthly mean (co2_mm_mlo.txt, file created 2026-09-05); Scripps (SIO) measurements"
co2-mlo-monthly,1966-11,319.78,ppm,https://gml.noaa.gov/webdata/ccgg/trends/co2/co2_mm_mlo.txt,1966-12-07,rule,2026-09-28,collectors/climate.py@2026-09-28,collector,"NOAA MLO monthly mean (co2_mm_mlo.txt, file created 2026-09-05); Scripps (SIO) measurements"
co2-mlo-monthly,1966-12,321.02,ppm,https://gml.noaa.gov/webdata/ccgg/trends/co2/co2_mm_mlo.txt,1967-01-07,rule,2026-09-28,collectors/climate.py@2026-09-28,collector,"NOAA MLO monthly mean (co2_mm_mlo.txt, file created 2026-09-05); Scripps (SIO) measurements"
co2-mlo-monthly,1967-01,322.33,ppm,https://gml.noaa.gov/webdata/ccgg/trends/co2/co2_mm_mlo.txt,1967-02-07,rule,2026-09-28,collectors/climate.py@2026-09-28,collector,"NOAA MLO monthly mean (co2_mm_mlo.txt, file created 2026-09-05); Scripps (SIO) measurements"
co2-mlo-monthly,1967-02,322.50,ppm,https://gml.noaa.gov/webdata/ccgg/trends/co2/co2_mm_mlo.txt,1967-03-07,rule,2026-09-28,collectors/climate.py@2026-09-28,collector,"NOAA MLO monthly mean (co2_mm_mlo.txt, file created 2026-09-05); Scripps (SIO) measurements"
co2-mlo-monthly,1967-03,323.03,ppm,https://gml.noaa.gov/webdata/ccgg/trends/co2/co2_mm_mlo.txt,1967-04-07,rule,2026-09-28,collectors/climate.py@2026-09-28,collector,"NOAA MLO monthly mean (co2_mm_mlo.txt, file created 2026-09-05); Scripps (SIO) measurements"
co2-mlo-monthly,1967-04,324.41,ppm,https://gml.noaa.gov/webdata/ccgg/trends/co2/co2_mm_mlo.txt,1967-05-07,rule,2026-09-28,collectors/climate.py@2026-09-28,collector,"NOAA MLO monthly mean (co2_mm_mlo.txt, file created 2026-09-05); Scripps (SIO) measurements"
co2-mlo-monthly,1967-05,325.00,ppm,https://gml.noaa.gov/webdata/ccgg/trends/co2/co2_mm_mlo.txt,1967-06-07,rule,2026-09-28,collectors/climate.py@2026-09-28,collector,"NOAA MLO monthly mean (co2_mm_mlo.txt, file created 2026-09-05); Scripps (SIO) measurements"
co2-mlo-monthly,1967-06,324.09,ppm,https://gml.noaa.gov/webdata/ccgg/trends/co2/co2_mm_mlo.txt,1967-07-07,rule,2026-09-28,collectors/climate.py@2026-09-28,collector,"NOAA MLO monthly mean (co2_mm_mlo.txt, file created 2026-09-05); Scripps (SIO) measurements"
co2-mlo-monthly,1967-07,322.54,ppm,https://gml.noaa.gov/webdata/ccgg/trends/co2/co2_mm_mlo.txt,1967-08-07,rule,2026-09-28,collectors/climate.py@2026-09-28,collector,"NOAA MLO monthly mean (co2_mm_mlo.txt, file created 2026-09-05); Scripps (SIO) measurements"
co2-mlo-monthly,1967-08,320.92,ppm,https://gml.noaa.gov/webdata/ccgg/trends/co2/co2_mm_mlo.txt,1967-09-07,rule,2026-09-28,collectors/climate.py@2026-09-28,collector,"NOAA MLO monthly mean (co2_mm_mlo.txt, file created 2026-09-05); Scripps (SIO) measurements"
co2-mlo-monthly,1967-09,319.25,ppm,https://gml.noaa.gov/webdata/ccgg/trends/co2/co2_mm_mlo.txt,1967-10-07,rule,2026-09-28,collectors/climate.py@2026-09-28,collector,"NOAA MLO monthly mean (co2_mm_mlo.txt, file created 2026-09-05); Scripps (SIO) measurements"
co2-mlo-monthly,1967-10,319.39,ppm,https://gml.noaa.gov/webdata/ccgg/trends/co2/co2_mm_mlo.txt,1967-11-07,rule,2026-09-28,collectors/climate.py@2026-09-28,collector,"NOAA MLO monthly mean (co2_mm_mlo.txt, file created 2026-09-05); Scripps (SIO) measurements"
co2-mlo-monthly,1967-11,320.73,ppm,https://gml.noaa.gov/webdata/ccgg/trends/co2/co2_mm_mlo.txt,1967-12-07,rule,2026-09-28,collectors/climate.py@2026-09-28,collector,"NOAA MLO monthly mean (co2_mm_mlo.txt, file created 2026-09-05); Scripps (SIO) measurements"
co2-mlo-monthly,1967-12,321.96,ppm,https://gml.noaa.gov/webdata/ccgg/trends/co2/co2_mm_mlo.txt,1968-01-07,rule,2026-09-28,collectors/climate.py@2026-09-28,collector,"NOAA MLO monthly mean (co2_mm_mlo.txt, file created 2026-09-05); Scripps (SIO) measurements"
co2-mlo-monthly,1968-01,322.57,ppm,https://gml.noaa.gov/webdata/ccgg/trends/co2/co2_mm_mlo.txt,1968-02-07,rule,2026-09-28,collectors/climate.py@2026-09-28,collector,"NOAA MLO monthly mean (co2_mm_mlo.txt, file created 2026-09-05); Scripps (SIO) measurements"
co2-mlo-monthly,1968-02,323.15,ppm,https://gml.noaa.gov/webdata/ccgg/trends/co2/co2_mm_mlo.txt,1968-03-07,rule,2026-09-28,collectors/climate.py@2026-09-28,collector,"NOAA MLO monthly mean (co2_mm_mlo.txt, file created 2026-09-05); Scripps (SIO) measurements"
co2-mlo-monthly,1968-03,323.89,ppm,https://gml.noaa.gov/webdata/ccgg/trends/co2/co2_mm_mlo.txt,1968-04-07,rule,2026-09-28,collectors/climate.py@2026-09-28,collector,"NOAA MLO monthly mean (co2_mm_mlo.txt, file created 2026-09-05); Scripps (SIO) measurements"
co2-mlo-monthly,1968-04,325.02,ppm,https://gml.noaa.gov/webdata/ccgg/trends/co2/co2_mm_mlo.txt,1968-05-07,rule,2026-09-28,collectors/climate.py@2026-09-28,collector,"NOAA MLO monthly mean (co2_mm_mlo.txt, file created 2026-09-05); Scripps (SIO) measurements"
co2-mlo-monthly,1968-05,325.57,ppm,https://gml.noaa.gov/webdata/ccgg/trends/co2/co2_mm_mlo.txt,1968-06-07,rule,2026-09-28,collectors/climate.py@2026-09-28,collector,"NOAA MLO monthly mean (co2_mm_mlo.txt, file created 2026-09-05); Scripps (SIO) measurements"
co2-mlo-monthly,1968-06,325.36,ppm,https://gml.noaa.gov/webdata/ccgg/trends/co2/co2_mm_mlo.txt,1968-07-07,rule,2026-09-28,collectors/climate.py@2026-09-28,collector,"NOAA MLO monthly mean (co2_mm_mlo.txt, file created 2026-09-05); Scripps (SIO) measurements"
co2-mlo-monthly,1968-07,324.14,ppm,https://gml.noaa.gov/webdata/ccgg/trends/co2/co2_mm_mlo.txt,1968-08-07,rule,2026-09-28,collectors/climate.py@2026-09-28,collector,"NOAA MLO monthly mean (co2_mm_mlo.txt, file created 2026-09-05); Scripps (SIO) measurements"
co2-mlo-monthly,1968-08,322.11,ppm,https://gml.noaa.gov/webdata/ccgg/trends/co2/co2_mm_mlo.txt,1968-09-07,rule,2026-09-28,collectors/climate.py@2026-09-28,collector,"NOAA MLO monthly mean (co2_mm_mlo.txt, file created 2026-09-05); Scripps (SIO) measurements"
co2-mlo-monthly,1968-09,320.33,ppm,https://gml.noaa.gov/webdata/ccgg/trends/co2/co2_mm_mlo.txt,1968-10-07,rule,2026-09-28,collectors/climate.py@2026-09-28,collector,"NOAA MLO monthly mean (co2_mm_mlo.txt, file created 2026-09-05); Scripps (SIO) measurements"
co2-mlo-monthly,1968-10,320.25,ppm,https://gml.noaa.gov/webdata/ccgg/trends/co2/co2_mm_mlo.txt,1968-11-07,rule,2026-09-28,collectors/climate.py@2026-09-28,collector,"NOAA MLO monthly mean (co2_mm_mlo.txt, file created 2026-09-05); Scripps (SIO) measurements"
co2-mlo-monthly,1968-11,321.32,ppm,https://gml.noaa.gov/webdata/ccgg/trends/co2/co2_mm_mlo.txt,1968-12-07,rule,2026-09-28,collectors/climate.py@2026-09-28,collector,"NOAA MLO monthly mean (co2_mm_mlo.txt, file created 2026-09-05); Scripps (SIO) measurements"
co2-mlo-monthly,1968-12,322.89,ppm,https://gml.noaa.gov/webdata/ccgg/trends/co2/co2_mm_mlo.txt,1969-01-07,rule,2026-09-28,collectors/climate.py@2026-09-28,collector,"NOAA MLO monthly mean (co2_mm_mlo.txt, file created 2026-09-05); Scripps (SIO) measurements"
co2-mlo-monthly,1969-01,324.00,ppm,https://gml.noaa.gov/webdata/ccgg/trends/co2/co2_mm_mlo.txt,1969-02-07,rule,2026-09-28,collectors/climate.py@2026-09-28,collector,"NOAA MLO monthly mean (co2_mm_mlo.txt, file created 2026-09-05); Scripps (SIO) measurements"
co2-mlo-monthly,1969-02,324.41,ppm,https://gml.noaa.gov/webdata/ccgg/trends/co2/co2_mm_mlo.txt,1969-03-07,rule,2026-09-28,collectors/climate.py@2026-09-28,collector,"NOAA MLO monthly mean (co2_mm_mlo.txt, file created 2026-09-05); Scripps (SIO) measurements"
co2-mlo-monthly,1969-03,325.63,ppm,https://gml.noaa.gov/webdata/ccgg/trends/co2/co2_mm_mlo.txt,1969-04-07,rule,2026-09-28,collectors/climate.py@2026-09-28,collector,"NOAA MLO monthly mean (co2_mm_mlo.txt, file created 2026-09-05); Scripps (SIO) measurements"
co2-mlo-monthly,1969-04,326.66,ppm,https://gml.noaa.gov/webdata/ccgg/trends/co2/co2_mm_mlo.txt,1969-05-07,rule,2026-09-28,collectors/climate.py@2026-09-28,collector,"NOAA MLO monthly mean (co2_mm_mlo.txt, file created 2026-09-05); Scripps (SIO) measurements"
co2-mlo-monthly,1969-05,327.38,ppm,https://gml.noaa.gov/webdata/ccgg/trends/co2/co2_mm_mlo.txt,1969-06-07,rule,2026-09-28,collectors/climate.py@2026-09-28,collector,"NOAA MLO monthly mean (co2_mm_mlo.txt, file created 2026-09-05); Scripps (SIO) measurements"
co2-mlo-monthly,1969-06,326.71,ppm,https://gml.noaa.gov/webdata/ccgg/trends/co2/co2_mm_mlo.txt,1969-07-07,rule,2026-09-28,collectors/climate.py@2026-09-28,collector,"NOAA MLO monthly mean (co2_mm_mlo.txt, file created 2026-09-05); Scripps (SIO) measurements"
co2-mlo-monthly,1969-07,325.88,ppm,https://gml.noaa.gov/webdata/ccgg/trends/co2/co2_mm_mlo.txt,1969-08-07,rule,2026-09-28,collectors/climate.py@2026-09-28,collector,"NOAA MLO monthly mean (co2_mm_mlo.txt, file created 2026-09-05); Scripps (SIO) measurements"
co2-mlo-monthly,1969-08,323.66,ppm,https://gml.noaa.gov/webdata/ccgg/trends/co2/co2_mm_mlo.txt,1969-09-07,rule,2026-09-28,collectors/climate.py@2026-09-28,collector,"NOAA MLO monthly mean (co2_mm_mlo.txt, file created 2026-09-05); Scripps (SIO) measurements"
co2-mlo-monthly,1969-09,322.38,ppm,https://gml.noaa.gov/webdata/ccgg/trends/co2/co2_mm_mlo.txt,1969-10-07,rule,2026-09-28,collectors/climate.py@2026-09-28,collector,"NOAA MLO monthly mean (co2_mm_mlo.txt, file created 2026-09-05); Scripps (SIO) measurements"
co2-mlo-monthly,1969-10,321.78,ppm,https://gml.noaa.gov/webdata/ccgg/trends/co2/co2_mm_mlo.txt,1969-11-07,rule,2026-09-28,collectors/climate.py@2026-09-28,collector,"NOAA MLO monthly mean (co2_mm_mlo.txt, file created 2026-09-05); Scripps (SIO) measurements"
co2-mlo-monthly,1969-11,322.85,ppm,https://gml.noaa.gov/webdata/ccgg/trends/co2/co2_mm_mlo.txt,1969-12-07,rule,2026-09-28,collectors/climate.py@2026-09-28,collector,"NOAA MLO monthly mean (co2_mm_mlo.txt, file created 2026-09-05); Scripps (SIO) measurements"
co2-mlo-monthly,1969-12,324.11,ppm,https://gml.noaa.gov/webdata/ccgg/trends/co2/co2_mm_mlo.txt,1970-01-07,rule,2026-09-28,collectors/climate.py@2026-09-28,collector,"NOAA MLO monthly mean (co2_mm_mlo.txt, file created 2026-09-05); Scripps (SIO) measurements"
co2-mlo-monthly,1970-01,325.06,ppm,https://gml.noaa.gov/webdata/ccgg/trends/co2/co2_mm_mlo.txt,1970-02-07,rule,2026-09-28,collectors/climate.py@2026-09-28,collector,"NOAA MLO monthly mean (co2_mm_mlo.txt, file created 2026-09-05); Scripps (SIO) measurements"
co2-mlo-monthly,1970-02,325.99,ppm,https://gml.noaa.gov/webdata/ccgg/trends/co2/co2_mm_mlo.txt,1970-03-07,rule,2026-09-28,collectors/climate.py@2026-09-28,collector,"NOAA MLO monthly mean (co2_mm_mlo.txt, file created 2026-09-05); Scripps (SIO) measurements"
co2-mlo-monthly,1970-03,326.93,ppm,https://gml.noaa.gov/webdata/ccgg/trends/co2/co2_mm_mlo.txt,1970-04-07,rule,2026-09-28,collectors/climate.py@2026-09-28,collector,"NOAA MLO monthly mean (co2_mm_mlo.txt, file created 2026-09-05); Scripps (SIO) measurements"
co2-mlo-monthly,1970-04,328.13,ppm,https://gml.noaa.gov/webdata/ccgg/trends/co2/co2_mm_mlo.txt,1970-05-07,rule,2026-09-28,collectors/climate.py@2026-09-28,collector,"NOAA MLO monthly mean (co2_mm_mlo.txt, file created 2026-09-05); Scripps (SIO) measurements"
co2-mlo-monthly,1970-05,328.08,ppm,https://gml.noaa.gov/webdata/ccgg/trends/co2/co2_mm_mlo.txt,1970-06-07,rule,2026-09-28,collectors/climate.py@2026-09-28,collector,"NOAA MLO monthly mean (co2_mm_mlo.txt, file created 2026-09-05); Scripps (SIO) measurements"
co2-mlo-monthly,1970-06,327.67,ppm,https://gml.noaa.gov/webdata/ccgg/trends/co2/co2_mm_mlo.txt,1970-07-07,rule,2026-09-28,collectors/climate.py@2026-09-28,collector,"NOAA MLO monthly mean (co2_mm_mlo.txt, file created 2026-09-05); Scripps (SIO) measurements"
co2-mlo-monthly,1970-07,326.34,ppm,https://gml.noaa.gov/webdata/ccgg/trends/co2/co2_mm_mlo.txt,1970-08-07,rule,2026-09-28,collectors/climate.py@2026-09-28,collector,"NOAA MLO monthly mean (co2_mm_mlo.txt, file created 2026-09-05); Scripps (SIO) measurements"
co2-mlo-monthly,1970-08,324.68,ppm,https://gml.noaa.gov/webdata/ccgg/trends/co2/co2_mm_mlo.txt,1970-09-07,rule,2026-09-28,collectors/climate.py@2026-09-28,collector,"NOAA MLO monthly mean (co2_mm_mlo.txt, file created 2026-09-05); Scripps (SIO) measurements"
co2-mlo-monthly,1970-09,323.10,ppm,https://gml.noaa.gov/webdata/ccgg/trends/co2/co2_mm_mlo.txt,1970-10-07,rule,2026-09-28,collectors/climate.py@2026-09-28,collector,"NOAA MLO monthly mean (co2_mm_mlo.txt, file created 2026-09-05); Scripps (SIO) measurements"
co2-mlo-monthly,1970-10,323.06,ppm,https://gml.noaa.gov/webdata/ccgg/trends/co2/co2_mm_mlo.txt,1970-11-07,rule,2026-09-28,collectors/climate.py@2026-09-28,collector,"NOAA MLO monthly mean (co2_mm_mlo.txt, file created 2026-09-05); Scripps (SIO) measurements"
co2-mlo-monthly,1970-11,324.01,ppm,https://gml.noaa.gov/webdata/ccgg/trends/co2/co2_mm_mlo.txt,1970-12-07,rule,2026-09-28,collectors/climate.py@2026-09-28,collector,"NOAA MLO monthly mean (co2_mm_mlo.txt, file created 2026-09-05); Scripps (SIO) measurements"
co2-mlo-monthly,1970-12,325.13,ppm,https://gml.noaa.gov/webdata/ccgg/trends/co2/co2_mm_mlo.txt,1971-01-07,rule,2026-09-28,collectors/climate.py@2026-09-28,collector,"NOAA MLO monthly mean (co2_mm_mlo.txt, file created 2026-09-05); Scripps (SIO) measurements"
co2-mlo-monthly,1971-01,326.17,ppm,https://gml.noaa.gov/webdata/ccgg/trends/co2/co2_mm_mlo.txt,1971-02-07,rule,2026-09-28,collectors/climate.py@2026-09-28,collector,"NOAA MLO monthly mean (co2_mm_mlo.txt, file created 2026-09-05); Scripps (SIO) measurements"
co2-mlo-monthly,1971-02,326.69,ppm,https://gml.noaa.gov/webdata/ccgg/trends/co2/co2_mm_mlo.txt,1971-03-07,rule,2026-09-28,collectors/climate.py@2026-09-28,collector,"NOAA MLO monthly mean (co2_mm_mlo.txt, file created 2026-09-05); Scripps (SIO) measurements"
co2-mlo-monthly,1971-03,327.18,ppm,https://gml.noaa.gov/webdata/ccgg/trends/co2/co2_mm_mlo.txt,1971-04-07,rule,2026-09-28,collectors/climate.py@2026-09-28,collector,"NOAA MLO monthly mean (co2_mm_mlo.txt, file created 2026-09-05); Scripps (SIO) measurements"
co2-mlo-monthly,1971-04,327.78,ppm,https://gml.noaa.gov/webdata/ccgg/trends/co2/co2_mm_mlo.txt,1971-05-07,rule,2026-09-28,collectors/climate.py@2026-09-28,collector,"NOAA MLO monthly mean (co2_mm_mlo.txt, file created 2026-09-05); Scripps (SIO) measurements"
co2-mlo-monthly,1971-05,328.93,ppm,https://gml.noaa.gov/webdata/ccgg/trends/co2/co2_mm_mlo.txt,1971-06-07,rule,2026-09-28,collectors/climate.py@2026-09-28,collector,"NOAA MLO monthly mean (co2_mm_mlo.txt, file created 2026-09-05); Scripps (SIO) measurements"
co2-mlo-monthly,1971-06,328.57,ppm,https://gml.noaa.gov/webdata/ccgg/trends/co2/co2_mm_mlo.txt,1971-07-07,rule,2026-09-28,collectors/climate.py@2026-09-28,collector,"NOAA MLO monthly mean (co2_mm_mlo.txt, file created 2026-09-05); Scripps (SIO) measurements"
co2-mlo-monthly,1971-07,327.36,ppm,https://gml.noaa.gov/webdata/ccgg/trends/co2/co2_mm_mlo.txt,1971-08-07,rule,2026-09-28,collectors/climate.py@2026-09-28,collector,"NOAA MLO monthly mean (co2_mm_mlo.txt, file created 2026-09-05); Scripps (SIO) measurements"
co2-mlo-monthly,1971-08,325.43,ppm,https://gml.noaa.gov/webdata/ccgg/trends/co2/co2_mm_mlo.txt,1971-09-07,rule,2026-09-28,collectors/climate.py@2026-09-28,collector,"NOAA MLO monthly mean (co2_mm_mlo.txt, file created 2026-09-05); Scripps (SIO) measurements"
co2-mlo-monthly,1971-09,323.36,ppm,https://gml.noaa.gov/webdata/ccgg/trends/co2/co2_mm_mlo.txt,1971-10-07,rule,2026-09-28,collectors/climate.py@2026-09-28,collector,"NOAA MLO monthly mean (co2_mm_mlo.txt, file created 2026-09-05); Scripps (SIO) measurements"
co2-mlo-monthly,1971-10,323.56,ppm,https://gml.noaa.gov/webdata/ccgg/trends/co2/co2_mm_mlo.txt,1971-11-07,rule,2026-09-28,collectors/climate.py@2026-09-28,collector,"NOAA MLO monthly mean (co2_mm_mlo.txt, file created 2026-09-05); Scripps (SIO) measurements"
co2-mlo-monthly,1971-11,324.80,ppm,https://gml.noaa.gov/webdata/ccgg/trends/co2/co2_mm_mlo.txt,1971-12-07,rule,2026-09-28,collectors/climate.py@2026-09-28,collector,"NOAA MLO monthly mean (co2_mm_mlo.txt, file created 2026-09-05); Scripps (SIO) measurements"
co2-mlo-monthly,1971-12,326.01,ppm,https://gml.noaa.gov/webdata/ccgg/trends/co2/co2_mm_mlo.txt,1972-01-07,rule,2026-09-28,collectors/climate.py@2026-09-28,collector,"NOAA MLO monthly mean (co2_mm_mlo.txt, file created 2026-09-05); Scripps (SIO) measurements"
co2-mlo-monthly,1972-01,326.77,ppm,https://gml.noaa.gov/webdata/ccgg/trends/co2/co2_mm_mlo.txt,1972-02-07,rule,2026-09-28,collectors/climate.py@2026-09-28,collector,"NOAA MLO monthly mean (co2_mm_mlo.txt, file created 2026-09-05); Scripps (SIO) measurements"
co2-mlo-monthly,1972-02,327.63,ppm,https://gml.noaa.gov/webdata/ccgg/trends/co2/co2_mm_mlo.txt,1972-03-07,rule,2026-09-28,collectors/climate.py@2026-09-28,collector,"NOAA MLO monthly mean (co2_mm_mlo.txt, file created 2026-09-05); Scripps (SIO) measurements"
co2-mlo-monthly,1972-03,327.75,ppm,https://gml.noaa.gov/webdata/ccgg/trends/co2/co2_mm_mlo.txt,1972-04-07,rule,2026-09-28,collectors/climate.py@2026-09-28,collector,"NOAA MLO monthly mean (co2_mm_mlo.txt, file created 2026-09-05); Scripps (SIO) measurements"
co2-mlo-monthly,1972-04,329.72,ppm,https://gml.noaa.gov/webdata/ccgg/trends/co2/co2_mm_mlo.txt,1972-05-07,rule,2026-09-28,collectors/climate.py@2026-09-28,collector,"NOAA MLO monthly mean (co2_mm_mlo.txt, file created 2026-09-05); Scripps (SIO) measurements"
co2-mlo-monthly,1972-05,330.07,ppm,https://gml.noaa.gov/webdata/ccgg/trends/co2/co2_mm_mlo.txt,1972-06-07,rule,2026-09-28,collectors/climate.py@2026-09-28,collector,"NOAA MLO monthly mean (co2_mm_mlo.txt, file created 2026-09-05); Scripps (SIO) measurements"
co2-mlo-monthly,1972-06,329.09,ppm,https://gml.noaa.gov/webdata/ccgg/trends/co2/co2_mm_mlo.txt,1972-07-07,rule,2026-09-28,collectors/climate.py@2026-09-28,collector,"NOAA MLO monthly mean (co2_mm_mlo.txt, file created 2026-09-05); Scripps (SIO) measurements"
co2-mlo-monthly,1972-07,328.04,ppm,https://gml.noaa.gov/webdata/ccgg/trends/co2/co2_mm_mlo.txt,1972-08-07,rule,2026-09-28,collectors/climate.py@2026-09-28,collector,"NOAA MLO monthly mean (co2_mm_mlo.txt, file created 2026-09-05); Scripps (SIO) measurements"
co2-mlo-monthly,1972-08,326.32,ppm,https://gml.noaa.gov/webdata/ccgg/trends/co2/co2_mm_mlo.txt,1972-09-07,rule,2026-09-28,collectors/climate.py@2026-09-28,collector,"NOAA MLO monthly mean (co2_mm_mlo.txt, file created 2026-09-05); Scripps (SIO) measurements"
co2-mlo-monthly,1972-09,324.84,ppm,https://gml.noaa.gov/webdata/ccgg/trends/co2/co2_mm_mlo.txt,1972-10-07,rule,2026-09-28,collectors/climate.py@2026-09-28,collector,"NOAA MLO monthly mean (co2_mm_mlo.txt, file created 2026-09-05); Scripps (SIO) measurements"
co2-mlo-monthly,1972-10,325.20,ppm,https://gml.noaa.gov/webdata/ccgg/trends/co2/co2_mm_mlo.txt,1972-11-07,rule,2026-09-28,collectors/climate.py@2026-09-28,collector,"NOAA MLO monthly mean (co2_mm_mlo.txt, file created 2026-09-05); Scripps (SIO) measurements"
co2-mlo-monthly,1972-11,326.50,ppm,https://gml.noaa.gov/webdata/ccgg/trends/co2/co2_mm_mlo.txt,1972-12-07,rule,2026-09-28,collectors/climate.py@2026-09-28,collector,"NOAA MLO monthly mean (co2_mm_mlo.txt, file created 2026-09-05); Scripps (SIO) measurements"
co2-mlo-monthly,1972-12,327.55,ppm,https://gml.noaa.gov/webdata/ccgg/trends/co2/co2_mm_mlo.txt,1973-01-07,rule,2026-09-28,collectors/climate.py@2026-09-28,collector,"NOAA MLO monthly mean (co2_mm_mlo.txt, file created 2026-09-05); Scripps (SIO) measurements"
co2-mlo-monthly,1973-01,328.55,ppm,https://gml.noaa.gov/webdata/ccgg/trends/co2/co2_mm_mlo.txt,1973-02-07,rule,2026-09-28,collectors/climate.py@2026-09-28,collector,"NOAA MLO monthly mean (co2_mm_mlo.txt, file created 2026-09-05); Scripps (SIO) measurements"
co2-mlo-monthly,1973-02,329.57,ppm,https://gml.noaa.gov/webdata/ccgg/trends/co2/co2_mm_mlo.txt,1973-03-07,rule,2026-09-28,collectors/climate.py@2026-09-28,collector,"NOAA MLO monthly mean (co2_mm_mlo.txt, file created 2026-09-05); Scripps (SIO) measurements"
co2-mlo-monthly,1973-03,330.30,ppm,https://gml.noaa.gov/webdata/ccgg/trends/co2/co2_mm_mlo.txt,1973-04-07,rule,2026-09-28,collectors/climate.py@2026-09-28,collector,"NOAA MLO monthly mean (co2_mm_mlo.txt, file created 2026-09-05); Scripps (SIO) measurements"
co2-mlo-monthly,1973-04,331.50,ppm,https://gml.noaa.gov/webdata/ccgg/trends/co2/co2_mm_mlo.txt,1973-05-07,rule,2026-09-28,collectors/climate.py@2026-09-28,collector,"NOAA MLO monthly mean (co2_mm_mlo.txt, file created 2026-09-05); Scripps (SIO) measurements"
co2-mlo-monthly,1973-05,332.48,ppm,https://gml.noaa.gov/webdata/ccgg/trends/co2/co2_mm_mlo.txt,1973-06-07,rule,2026-09-28,collectors/climate.py@2026-09-28,collector,"NOAA MLO monthly mean (co2_mm_mlo.txt, file created 2026-09-05); Scripps (SIO) measurements"
co2-mlo-monthly,1973-06,332.07,ppm,https://gml.noaa.gov/webdata/ccgg/trends/co2/co2_mm_mlo.txt,1973-07-07,rule,2026-09-28,collectors/climate.py@2026-09-28,collector,"NOAA MLO monthly mean (co2_mm_mlo.txt, file created 2026-09-05); Scripps (SIO) measurements"
co2-mlo-monthly,1973-07,330.87,ppm,https://gml.noaa.gov/webdata/ccgg/trends/co2/co2_mm_mlo.txt,1973-08-07,rule,2026-09-28,collectors/climate.py@2026-09-28,collector,"NOAA MLO monthly mean (co2_mm_mlo.txt, file created 2026-09-05); Scripps (SIO) measurements"
co2-mlo-monthly,1973-08,329.31,ppm,https://gml.noaa.gov/webdata/ccgg/trends/co2/co2_mm_mlo.txt,1973-09-07,rule,2026-09-28,collectors/climate.py@2026-09-28,collector,"NOAA MLO monthly mean (co2_mm_mlo.txt, file created 2026-09-05); Scripps (SIO) measurements"
co2-mlo-monthly,1973-09,327.52,ppm,https://gml.noaa.gov/webdata/ccgg/trends/co2/co2_mm_mlo.txt,1973-10-07,rule,2026-09-28,collectors/climate.py@2026-09-28,collector,"NOAA MLO monthly mean (co2_mm_mlo.txt, file created 2026-09-05); Scripps (SIO) measurements"
co2-mlo-monthly,1973-10,327.19,ppm,https://gml.noaa.gov/webdata/ccgg/trends/co2/co2_mm_mlo.txt,1973-11-07,rule,2026-09-28,collectors/climate.py@2026-09-28,collector,"NOAA MLO monthly mean (co2_mm_mlo.txt, file created 2026-09-05); Scripps (SIO) measurements"
co2-mlo-monthly,1973-11,328.17,ppm,https://gml.noaa.gov/webdata/ccgg/trends/co2/co2_mm_mlo.txt,1973-12-07,rule,2026-09-28,collectors/climate.py@2026-09-28,collector,"NOAA MLO monthly mean (co2_mm_mlo.txt, file created 2026-09-05); Scripps (SIO) measurements"
co2-mlo-monthly,1973-12,328.65,ppm,https://gml.noaa.gov/webdata/ccgg/trends/co2/co2_mm_mlo.txt,1974-01-07,rule,2026-09-28,collectors/climate.py@2026-09-28,collector,"NOAA MLO monthly mean (co2_mm_mlo.txt, file created 2026-09-05); Scripps (SIO) measurements"
co2-mlo-monthly,1974-01,329.36,ppm,https://gml.noaa.gov/webdata/ccgg/trends/co2/co2_mm_mlo.txt,1974-02-07,rule,2026-09-28,collectors/climate.py@2026-09-28,collector,"NOAA MLO monthly mean (co2_mm_mlo.txt, file created 2026-09-05); Scripps (SIO) measurements"
co2-mlo-monthly,1974-02,330.71,ppm,https://gml.noaa.gov/webdata/ccgg/trends/co2/co2_mm_mlo.txt,1974-03-07,rule,2026-09-28,collectors/climate.py@2026-09-28,collector,"NOAA MLO monthly mean (co2_mm_mlo.txt, file created 2026-09-05); Scripps (SIO) measurements"
co2-mlo-monthly,1974-03,331.49,ppm,https://gml.noaa.gov/webdata/ccgg/trends/co2/co2_mm_mlo.txt,1974-04-07,rule,2026-09-28,collectors/climate.py@2026-09-28,collector,"NOAA MLO monthly mean (co2_mm_mlo.txt, file created 2026-09-05); Scripps (SIO) measurements"
co2-mlo-monthly,1974-04,332.65,ppm,https://gml.noaa.gov/webdata/ccgg/trends/co2/co2_mm_mlo.txt,1974-05-07,rule,2026-09-28,collectors/climate.py@2026-09-28,collector,"NOAA MLO monthly mean (co2_mm_mlo.txt, file created 2026-09-05); Scripps (SIO) measurements"
co2-mlo-monthly,1974-05,333.19,ppm,https://gml.noaa.gov/webdata/ccgg/trends/co2/co2_mm_mlo.txt,1974-06-07,rule,2026-09-28,collectors/climate.py@2026-09-28,collector,"NOAA MLO monthly mean (co2_mm_mlo.txt, file created 2026-09-05)"
co2-mlo-monthly,1974-06,332.20,ppm,https://gml.noaa.gov/webdata/ccgg/trends/co2/co2_mm_mlo.txt,1974-07-07,rule,2026-09-28,collectors/climate.py@2026-09-28,collector,"NOAA MLO monthly mean (co2_mm_mlo.txt, file created 2026-09-05)"
co2-mlo-monthly,1974-07,331.07,ppm,https://gml.noaa.gov/webdata/ccgg/trends/co2/co2_mm_mlo.txt,1974-08-07,rule,2026-09-28,collectors/climate.py@2026-09-28,collector,"NOAA MLO monthly mean (co2_mm_mlo.txt, file created 2026-09-05)"
co2-mlo-monthly,1974-08,329.15,ppm,https://gml.noaa.gov/webdata/ccgg/trends/co2/co2_mm_mlo.txt,1974-09-07,rule,2026-09-28,collectors/climate.py@2026-09-28,collector,"NOAA MLO monthly mean (co2_mm_mlo.txt, file created 2026-09-05)"
co2-mlo-monthly,1974-09,327.33,ppm,https://gml.noaa.gov/webdata/ccgg/trends/co2/co2_mm_mlo.txt,1974-10-07,rule,2026-09-28,collectors/climate.py@2026-09-28,collector,"NOAA MLO monthly mean (co2_mm_mlo.txt, file created 2026-09-05)"
co2-mlo-monthly,1974-10,327.28,ppm,https://gml.noaa.gov/webdata/ccgg/trends/co2/co2_mm_mlo.txt,1974-11-07,rule,2026-09-28,collectors/climate.py@2026-09-28,collector,"NOAA MLO monthly mean (co2_mm_mlo.txt, file created 2026-09-05)"
co2-mlo-monthly,1974-11,328.31,ppm,https://gml.noaa.gov/webdata/ccgg/trends/co2/co2_mm_mlo.txt,1974-12-07,rule,2026-09-28,collectors/climate.py@2026-09-28,collector,"NOAA MLO monthly mean (co2_mm_mlo.txt, file created 2026-09-05)"
co2-mlo-monthly,1974-12,329.58,ppm,https://gml.noaa.gov/webdata/ccgg/trends/co2/co2_mm_mlo.txt,1975-01-07,rule,2026-09-28,collectors/climate.py@2026-09-28,collector,"NOAA MLO monthly mean (co2_mm_mlo.txt, file created 2026-09-05)"
co2-mlo-monthly,1975-01,330.73,ppm,https://gml.noaa.gov/webdata/ccgg/trends/co2/co2_mm_mlo.txt,1975-02-07,rule,2026-09-28,collectors/climate.py@2026-09-28,collector,"NOAA MLO monthly mean (co2_mm_mlo.txt, file created 2026-09-05)"
co2-mlo-monthly,1975-02,331.46,ppm,https://gml.noaa.gov/webdata/ccgg/trends/co2/co2_mm_mlo.txt,1975-03-07,rule,2026-09-28,collectors/climate.py@2026-09-28,collector,"NOAA MLO monthly mean (co2_mm_mlo.txt, file created 2026-09-05)"
co2-mlo-monthly,1975-03,331.94,ppm,https://gml.noaa.gov/webdata/ccgg/trends/co2/co2_mm_mlo.txt,1975-04-07,rule,2026-09-28,collectors/climate.py@2026-09-28,collector,"NOAA MLO monthly mean (co2_mm_mlo.txt, file created 2026-09-05)"
co2-mlo-monthly,1975-04,333.11,ppm,https://gml.noaa.gov/webdata/ccgg/trends/co2/co2_mm_mlo.txt,1975-05-07,rule,2026-09-28,collectors/climate.py@2026-09-28,collector,"NOAA MLO monthly mean (co2_mm_mlo.txt, file created 2026-09-05)"
co2-mlo-monthly,1975-05,333.95,ppm,https://gml.noaa.gov/webdata/ccgg/trends/co2/co2_mm_mlo.txt,1975-06-07,rule,2026-09-28,collectors/climate.py@2026-09-28,collector,"NOAA MLO monthly mean (co2_mm_mlo.txt, file created 2026-09-05)"
co2-mlo-monthly,1975-06,333.42,ppm,https://gml.noaa.gov/webdata/ccgg/trends/co2/co2_mm_mlo.txt,1975-07-07,rule,2026-09-28,collectors/climate.py@2026-09-28,collector,"NOAA MLO monthly mean (co2_mm_mlo.txt, file created 2026-09-05)"
co2-mlo-monthly,1975-07,331.97,ppm,https://gml.noaa.gov/webdata/ccgg/trends/co2/co2_mm_mlo.txt,1975-08-07,rule,2026-09-28,collectors/climate.py@2026-09-28,collector,"NOAA MLO monthly mean (co2_mm_mlo.txt, file created 2026-09-05)"
co2-mlo-monthly,1975-08,329.95,ppm,https://gml.noaa.gov/webdata/ccgg/trends/co2/co2_mm_mlo.txt,1975-09-07,rule,2026-09-28,collectors/climate.py@2026-09-28,collector,"NOAA MLO monthly mean (co2_mm_mlo.txt, file created 2026-09-05)"
co2-mlo-monthly,1975-09,328.49,ppm,https://gml.noaa.gov/webdata/ccgg/trends/co2/co2_mm_mlo.txt,1975-10-07,rule,2026-09-28,collectors/climate.py@2026-09-28,collector,"NOAA MLO monthly mean (co2_mm_mlo.txt, file created 2026-09-05)"
co2-mlo-monthly,1975-10,328.36,ppm,https://gml.noaa.gov/webdata/ccgg/trends/co2/co2_mm_mlo.txt,1975-11-07,rule,2026-09-28,collectors/climate.py@2026-09-28,collector,"NOAA MLO monthly mean (co2_mm_mlo.txt, file created 2026-09-05)"
co2-mlo-monthly,1975-11,329.38,ppm,https://gml.noaa.gov/webdata/ccgg/trends/co2/co2_mm_mlo.txt,1975-12-07,rule,2026-09-28,collectors/climate.py@2026-09-28,collector,"NOAA MLO monthly mean (co2_mm_mlo.txt, file created 2026-09-05)"
co2-mlo-monthly,1975-12,330.77,ppm,https://gml.noaa.gov/webdata/ccgg/trends/co2/co2_mm_mlo.txt,1976-01-07,rule,2026-09-28,collectors/climate.py@2026-09-28,collector,"NOAA MLO monthly mean (co2_mm_mlo.txt, file created 2026-09-05); interpolated missing month"
co2-mlo-monthly,1976-01,331.56,ppm,https://gml.noaa.gov/webdata/ccgg/trends/co2/co2_mm_mlo.txt,1976-02-07,rule,2026-09-28,collectors/climate.py@2026-09-28,collector,"NOAA MLO monthly mean (co2_mm_mlo.txt, file created 2026-09-05)"
co2-mlo-monthly,1976-02,332.74,ppm,https://gml.noaa.gov/webdata/ccgg/trends/co2/co2_mm_mlo.txt,1976-03-07,rule,2026-09-28,collectors/climate.py@2026-09-28,collector,"NOAA MLO monthly mean (co2_mm_mlo.txt, file created 2026-09-05)"
co2-mlo-monthly,1976-03,333.36,ppm,https://gml.noaa.gov/webdata/ccgg/trends/co2/co2_mm_mlo.txt,1976-04-07,rule,2026-09-28,collectors/climate.py@2026-09-28,collector,"NOAA MLO monthly mean (co2_mm_mlo.txt, file created 2026-09-05)"
co2-mlo-monthly,1976-04,334.74,ppm,https://gml.noaa.gov/webdata/ccgg/trends/co2/co2_mm_mlo.txt,1976-05-07,rule,2026-09-28,collectors/climate.py@2026-09-28,collector,"NOAA MLO monthly mean (co2_mm_mlo.txt, file created 2026-09-05)"
co2-mlo-monthly,1976-05,334.72,ppm,https://gml.noaa.gov/webdata/ccgg/trends/co2/co2_mm_mlo.txt,1976-06-07,rule,2026-09-28,collectors/climate.py@2026-09-28,collector,"NOAA MLO monthly mean (co2_mm_mlo.txt, file created 2026-09-05)"
co2-mlo-monthly,1976-06,333.97,ppm,https://gml.noaa.gov/webdata/ccgg/trends/co2/co2_mm_mlo.txt,1976-07-07,rule,2026-09-28,collectors/climate.py@2026-09-28,collector,"NOAA MLO monthly mean (co2_mm_mlo.txt, file created 2026-09-05)"
co2-mlo-monthly,1976-07,333.08,ppm,https://gml.noaa.gov/webdata/ccgg/trends/co2/co2_mm_mlo.txt,1976-08-07,rule,2026-09-28,collectors/climate.py@2026-09-28,collector,"NOAA MLO monthly mean (co2_mm_mlo.txt, file created 2026-09-05)"
co2-mlo-monthly,1976-08,330.68,ppm,https://gml.noaa.gov/webdata/ccgg/trends/co2/co2_mm_mlo.txt,1976-09-07,rule,2026-09-28,collectors/climate.py@2026-09-28,collector,"NOAA MLO monthly mean (co2_mm_mlo.txt, file created 2026-09-05)"
co2-mlo-monthly,1976-09,328.96,ppm,https://gml.noaa.gov/webdata/ccgg/trends/co2/co2_mm_mlo.txt,1976-10-07,rule,2026-09-28,collectors/climate.py@2026-09-28,collector,"NOAA MLO monthly mean (co2_mm_mlo.txt, file created 2026-09-05)"
co2-mlo-monthly,1976-10,328.72,ppm,https://gml.noaa.gov/webdata/ccgg/trends/co2/co2_mm_mlo.txt,1976-11-07,rule,2026-09-28,collectors/climate.py@2026-09-28,collector,"NOAA MLO monthly mean (co2_mm_mlo.txt, file created 2026-09-05)"
co2-mlo-monthly,1976-11,330.16,ppm,https://gml.noaa.gov/webdata/ccgg/trends/co2/co2_mm_mlo.txt,1976-12-07,rule,2026-09-28,collectors/climate.py@2026-09-28,collector,"NOAA MLO monthly mean (co2_mm_mlo.txt, file created 2026-09-05)"
co2-mlo-monthly,1976-12,331.62,ppm,https://gml.noaa.gov/webdata/ccgg/trends/co2/co2_mm_mlo.txt,1977-01-07,rule,2026-09-28,collectors/climate.py@2026-09-28,collector,"NOAA MLO monthly mean (co2_mm_mlo.txt, file created 2026-09-05)"
co2-mlo-monthly,1977-01,332.68,ppm,https://gml.noaa.gov/webdata/ccgg/trends/co2/co2_mm_mlo.txt,1977-02-07,rule,2026-09-28,collectors/climate.py@2026-09-28,collector,"NOAA MLO monthly mean (co2_mm_mlo.txt, file created 2026-09-05)"
co2-mlo-monthly,1977-02,333.17,ppm,https://gml.noaa.gov/webdata/ccgg/trends/co2/co2_mm_mlo.txt,1977-03-07,rule,2026-09-28,collectors/climate.py@2026-09-28,collector,"NOAA MLO monthly mean (co2_mm_mlo.txt, file created 2026-09-05)"
co2-mlo-monthly,1977-03,334.96,ppm,https://gml.noaa.gov/webdata/ccgg/trends/co2/co2_mm_mlo.txt,1977-04-07,rule,2026-09-28,collectors/climate.py@2026-09-28,collector,"NOAA MLO monthly mean (co2_mm_mlo.txt, file created 2026-09-05)"
co2-mlo-monthly,1977-04,336.14,ppm,https://gml.noaa.gov/webdata/ccgg/trends/co2/co2_mm_mlo.txt,1977-05-07,rule,2026-09-28,collectors/climate.py@2026-09-28,collector,"NOAA MLO monthly mean (co2_mm_mlo.txt, file created 2026-09-05)"
co2-mlo-monthly,1977-05,336.93,ppm,https://gml.noaa.gov/webdata/ccgg/trends/co2/co2_mm_mlo.txt,1977-06-07,rule,2026-09-28,collectors/climate.py@2026-09-28,collector,"NOAA MLO monthly mean (co2_mm_mlo.txt, file created 2026-09-05)"
co2-mlo-monthly,1977-06,336.17,ppm,https://gml.noaa.gov/webdata/ccgg/trends/co2/co2_mm_mlo.txt,1977-07-07,rule,2026-09-28,collectors/climate.py@2026-09-28,collector,"NOAA MLO monthly mean (co2_mm_mlo.txt, file created 2026-09-05)"
co2-mlo-monthly,1977-07,334.89,ppm,https://gml.noaa.gov/webdata/ccgg/trends/co2/co2_mm_mlo.txt,1977-08-07,rule,2026-09-28,collectors/climate.py@2026-09-28,collector,"NOAA MLO monthly mean (co2_mm_mlo.txt, file created 2026-09-05)"
co2-mlo-monthly,1977-08,332.56,ppm,https://gml.noaa.gov/webdata/ccgg/trends/co2/co2_mm_mlo.txt,1977-09-07,rule,2026-09-28,collectors/climate.py@2026-09-28,collector,"NOAA MLO monthly mean (co2_mm_mlo.txt, file created 2026-09-05)"
co2-mlo-monthly,1977-09,331.29,ppm,https://gml.noaa.gov/webdata/ccgg/trends/co2/co2_mm_mlo.txt,1977-10-07,rule,2026-09-28,collectors/climate.py@2026-09-28,collector,"NOAA MLO monthly mean (co2_mm_mlo.txt, file created 2026-09-05)"
co2-mlo-monthly,1977-10,331.28,ppm,https://gml.noaa.gov/webdata/ccgg/trends/co2/co2_mm_mlo.txt,1977-11-07,rule,2026-09-28,collectors/climate.py@2026-09-28,collector,"NOAA MLO monthly mean (co2_mm_mlo.txt, file created 2026-09-05)"
co2-mlo-monthly,1977-11,332.46,ppm,https://gml.noaa.gov/webdata/ccgg/trends/co2/co2_mm_mlo.txt,1977-12-07,rule,2026-09-28,collectors/climate.py@2026-09-28,collector,"NOAA MLO monthly mean (co2_mm_mlo.txt, file created 2026-09-05)"
co2-mlo-monthly,1977-12,333.60,ppm,https://gml.noaa.gov/webdata/ccgg/trends/co2/co2_mm_mlo.txt,1978-01-07,rule,2026-09-28,collectors/climate.py@2026-09-28,collector,"NOAA MLO monthly mean (co2_mm_mlo.txt, file created 2026-09-05)"
co2-mlo-monthly,1978-01,334.94,ppm,https://gml.noaa.gov/webdata/ccgg/trends/co2/co2_mm_mlo.txt,1978-02-07,rule,2026-09-28,collectors/climate.py@2026-09-28,collector,"NOAA MLO monthly mean (co2_mm_mlo.txt, file created 2026-09-05)"
co2-mlo-monthly,1978-02,335.26,ppm,https://gml.noaa.gov/webdata/ccgg/trends/co2/co2_mm_mlo.txt,1978-03-07,rule,2026-09-28,collectors/climate.py@2026-09-28,collector,"NOAA MLO monthly mean (co2_mm_mlo.txt, file created 2026-09-05)"
co2-mlo-monthly,1978-03,336.66,ppm,https://gml.noaa.gov/webdata/ccgg/trends/co2/co2_mm_mlo.txt,1978-04-07,rule,2026-09-28,collectors/climate.py@2026-09-28,collector,"NOAA MLO monthly mean (co2_mm_mlo.txt, file created 2026-09-05)"
co2-mlo-monthly,1978-04,337.69,ppm,https://gml.noaa.gov/webdata/ccgg/trends/co2/co2_mm_mlo.txt,1978-05-07,rule,2026-09-28,collectors/climate.py@2026-09-28,collector,"NOAA MLO monthly mean (co2_mm_mlo.txt, file created 2026-09-05)"
co2-mlo-monthly,1978-05,338.02,ppm,https://gml.noaa.gov/webdata/ccgg/trends/co2/co2_mm_mlo.txt,1978-06-07,rule,2026-09-28,collectors/climate.py@2026-09-28,collector,"NOAA MLO monthly mean (co2_mm_mlo.txt, file created 2026-09-05)"
co2-mlo-monthly,1978-06,338.01,ppm,https://gml.noaa.gov/webdata/ccgg/trends/co2/co2_mm_mlo.txt,1978-07-07,rule,2026-09-28,collectors/climate.py@2026-09-28,collector,"NOAA MLO monthly mean (co2_mm_mlo.txt, file created 2026-09-05)"
co2-mlo-monthly,1978-07,336.50,ppm,https://gml.noaa.gov/webdata/ccgg/trends/co2/co2_mm_mlo.txt,1978-08-07,rule,2026-09-28,collectors/climate.py@2026-09-28,collector,"NOAA MLO monthly mean (co2_mm_mlo.txt, file created 2026-09-05)"
co2-mlo-monthly,1978-08,334.42,ppm,https://gml.noaa.gov/webdata/ccgg/trends/co2/co2_mm_mlo.txt,1978-09-07,rule,2026-09-28,collectors/climate.py@2026-09-28,collector,"NOAA MLO monthly mean (co2_mm_mlo.txt, file created 2026-09-05)"
co2-mlo-monthly,1978-09,332.36,ppm,https://gml.noaa.gov/webdata/ccgg/trends/co2/co2_mm_mlo.txt,1978-10-07,rule,2026-09-28,collectors/climate.py@2026-09-28,collector,"NOAA MLO monthly mean (co2_mm_mlo.txt, file created 2026-09-05)"
co2-mlo-monthly,1978-10,332.45,ppm,https://gml.noaa.gov/webdata/ccgg/trends/co2/co2_mm_mlo.txt,1978-11-07,rule,2026-09-28,collectors/climate.py@2026-09-28,collector,"NOAA MLO monthly mean (co2_mm_mlo.txt, file created 2026-09-05)"
co2-mlo-monthly,1978-11,333.76,ppm,https://gml.noaa.gov/webdata/ccgg/trends/co2/co2_mm_mlo.txt,1978-12-07,rule,2026-09-28,collectors/climate.py@2026-09-28,collector,"NOAA MLO monthly mean (co2_mm_mlo.txt, file created 2026-09-05)"
co2-mlo-monthly,1978-12,334.91,ppm,https://gml.noaa.gov/webdata/ccgg/trends/co2/co2_mm_mlo.txt,1979-01-07,rule,2026-09-28,collectors/climate.py@2026-09-28,collector,"NOAA MLO monthly mean (co2_mm_mlo.txt, file created 2026-09-05)"
co2-mlo-monthly,1979-01,336.14,ppm,https://gml.noaa.gov/webdata/ccgg/trends/co2/co2_mm_mlo.txt,1979-02-07,rule,2026-09-28,collectors/climate.py@2026-09-28,collector,"NOAA MLO monthly mean (co2_mm_mlo.txt, file created 2026-09-05)"
co2-mlo-monthly,1979-02,336.69,ppm,https://gml.noaa.gov/webdata/ccgg/trends/co2/co2_mm_mlo.txt,1979-03-07,rule,2026-09-28,collectors/climate.py@2026-09-28,collector,"NOAA MLO monthly mean (co2_mm_mlo.txt, file created 2026-09-05)"
co2-mlo-monthly,1979-03,338.27,ppm,https://gml.noaa.gov/webdata/ccgg/trends/co2/co2_mm_mlo.txt,1979-04-07,rule,2026-09-28,collectors/climate.py@2026-09-28,collector,"NOAA MLO monthly mean (co2_mm_mlo.txt, file created 2026-09-05)"
co2-mlo-monthly,1979-04,338.82,ppm,https://gml.noaa.gov/webdata/ccgg/trends/co2/co2_mm_mlo.txt,1979-05-07,rule,2026-09-28,collectors/climate.py@2026-09-28,collector,"NOAA MLO monthly mean (co2_mm_mlo.txt, file created 2026-09-05)"
co2-mlo-monthly,1979-05,339.24,ppm,https://gml.noaa.gov/webdata/ccgg/trends/co2/co2_mm_mlo.txt,1979-06-07,rule,2026-09-28,collectors/climate.py@2026-09-28,collector,"NOAA MLO monthly mean (co2_mm_mlo.txt, file created 2026-09-05)"
co2-mlo-monthly,1979-06,339.26,ppm,https://gml.noaa.gov/webdata/ccgg/trends/co2/co2_mm_mlo.txt,1979-07-07,rule,2026-09-28,collectors/climate.py@2026-09-28,collector,"NOAA MLO monthly mean (co2_mm_mlo.txt, file created 2026-09-05)"
co2-mlo-monthly,1979-07,337.54,ppm,https://gml.noaa.gov/webdata/ccgg/trends/co2/co2_mm_mlo.txt,1979-08-07,rule,2026-09-28,collectors/climate.py@2026-09-28,collector,"NOAA MLO monthly mean (co2_mm_mlo.txt, file created 2026-09-05)"
co2-mlo-monthly,1979-08,335.72,ppm,https://gml.noaa.gov/webdata/ccgg/trends/co2/co2_mm_mlo.txt,1979-09-07,rule,2026-09-28,collectors/climate.py@2026-09-28,collector,"NOAA MLO monthly mean (co2_mm_mlo.txt, file created 2026-09-05)"
co2-mlo-monthly,1979-09,333.97,ppm,https://gml.noaa.gov/webdata/ccgg/trends/co2/co2_mm_mlo.txt,1979-10-07,rule,2026-09-28,collectors/climate.py@2026-09-28,collector,"NOAA MLO monthly mean (co2_mm_mlo.txt, file created 2026-09-05)"
co2-mlo-monthly,1979-10,334.24,ppm,https://gml.noaa.gov/webdata/ccgg/trends/co2/co2_mm_mlo.txt,1979-11-07,rule,2026-09-28,collectors/climate.py@2026-09-28,collector,"NOAA MLO monthly mean (co2_mm_mlo.txt, file created 2026-09-05)"
co2-mlo-monthly,1979-11,335.32,ppm,https://gml.noaa.gov/webdata/ccgg/trends/co2/co2_mm_mlo.txt,1979-12-07,rule,2026-09-28,collectors/climate.py@2026-09-28,collector,"NOAA MLO monthly mean (co2_mm_mlo.txt, file created 2026-09-05)"
co2-mlo-monthly,1979-12,336.81,ppm,https://gml.noaa.gov/webdata/ccgg/trends/co2/co2_mm_mlo.txt,1980-01-07,rule,2026-09-28,collectors/climate.py@2026-09-28,collector,"NOAA MLO monthly mean (co2_mm_mlo.txt, file created 2026-09-05)"
co2-mlo-monthly,1980-01,337.90,ppm,https://gml.noaa.gov/webdata/ccgg/trends/co2/co2_mm_mlo.txt,1980-02-07,rule,2026-09-28,collectors/climate.py@2026-09-28,collector,"NOAA MLO monthly mean (co2_mm_mlo.txt, file created 2026-09-05)"
co2-mlo-monthly,1980-02,338.34,ppm,https://gml.noaa.gov/webdata/ccgg/trends/co2/co2_mm_mlo.txt,1980-03-07,rule,2026-09-28,collectors/climate.py@2026-09-28,collector,"NOAA MLO monthly mean (co2_mm_mlo.txt, file created 2026-09-05)"
co2-mlo-monthly,1980-03,340.07,ppm,https://gml.noaa.gov/webdata/ccgg/trends/co2/co2_mm_mlo.txt,1980-04-07,rule,2026-09-28,collectors/climate.py@2026-09-28,collector,"NOAA MLO monthly mean (co2_mm_mlo.txt, file created 2026-09-05)"
co2-mlo-monthly,1980-04,340.93,ppm,https://gml.noaa.gov/webdata/ccgg/trends/co2/co2_mm_mlo.txt,1980-05-07,rule,2026-09-28,collectors/climate.py@2026-09-28,collector,"NOAA MLO monthly mean (co2_mm_mlo.txt, file created 2026-09-05)"
co2-mlo-monthly,1980-05,341.45,ppm,https://gml.noaa.gov/webdata/ccgg/trends/co2/co2_mm_mlo.txt,1980-06-07,rule,2026-09-28,collectors/climate.py@2026-09-28,collector,"NOAA MLO monthly mean (co2_mm_mlo.txt, file created 2026-09-05)"
co2-mlo-monthly,1980-06,341.36,ppm,https://gml.noaa.gov/webdata/ccgg/trends/co2/co2_mm_mlo.txt,1980-07-07,rule,2026-09-28,collectors/climate.py@2026-09-28,collector,"NOAA MLO monthly mean (co2_mm_mlo.txt, file created 2026-09-05)"
co2-mlo-monthly,1980-07,339.45,ppm,https://gml.noaa.gov/webdata/ccgg/trends/co2/co2_mm_mlo.txt,1980-08-07,rule,2026-09-28,collectors/climate.py@2026-09-28,collector,"NOAA MLO monthly mean (co2_mm_mlo.txt, file created 2026-09-05)"
co2-mlo-monthly,1980-08,337.67,ppm,https://gml.noaa.gov/webdata/ccgg/trends/co2/co2_mm_mlo.txt,1980-09-07,rule,2026-09-28,collectors/climate.py@2026-09-28,collector,"NOAA MLO monthly mean (co2_mm_mlo.txt, file created 2026-09-05)"
co2-mlo-monthly,1980-09,336.25,ppm,https://gml.noaa.gov/webdata/ccgg/trends/co2/co2_mm_mlo.txt,1980-10-07,rule,2026-09-28,collectors/climate.py@2026-09-28,collector,"NOAA MLO monthly mean (co2_mm_mlo.txt, file created 2026-09-05)"
co2-mlo-monthly,1980-10,336.14,ppm,https://gml.noaa.gov/webdata/ccgg/trends/co2/co2_mm_mlo.txt,1980-11-07,rule,2026-09-28,collectors/climate.py@2026-09-28,collector,"NOAA MLO monthly mean (co2_mm_mlo.txt, file created 2026-09-05)"
co2-mlo-monthly,1980-11,337.30,ppm,https://gml.noaa.gov/webdata/ccgg/trends/co2/co2_mm_mlo.txt,1980-12-07,rule,2026-09-28,collectors/climate.py@2026-09-28,collector,"NOAA MLO monthly mean (co2_mm_mlo.txt, file created 2026-09-05)"
co2-mlo-monthly,1980-12,338.29,ppm,https://gml.noaa.gov/webdata/ccgg/trends/co2/co2_mm_mlo.txt,1981-01-07,rule,2026-09-28,collectors/climate.py@2026-09-28,collector,"NOAA MLO monthly mean (co2_mm_mlo.txt, file created 2026-09-05)"
co2-mlo-monthly,1981-01,339.29,ppm,https://gml.noaa.gov/webdata/ccgg/trends/co2/co2_mm_mlo.txt,1981-02-07,rule,2026-09-28,collectors/climate.py@2026-09-28,collector,"NOAA MLO monthly mean (co2_mm_mlo.txt, file created 2026-09-05)"
co2-mlo-monthly,1981-02,340.55,ppm,https://gml.noaa.gov/webdata/ccgg/trends/co2/co2_mm_mlo.txt,1981-03-07,rule,2026-09-28,collectors/climate.py@2026-09-28,collector,"NOAA MLO monthly mean (co2_mm_mlo.txt, file created 2026-09-05)"
co2-mlo-monthly,1981-03,341.63,ppm,https://gml.noaa.gov/webdata/ccgg/trends/co2/co2_mm_mlo.txt,1981-04-07,rule,2026-09-28,collectors/climate.py@2026-09-28,collector,"NOAA MLO monthly mean (co2_mm_mlo.txt, file created 2026-09-05)"
co2-mlo-monthly,1981-04,342.60,ppm,https://gml.noaa.gov/webdata/ccgg/trends/co2/co2_mm_mlo.txt,1981-05-07,rule,2026-09-28,collectors/climate.py@2026-09-28,collector,"NOAA MLO monthly mean (co2_mm_mlo.txt, file created 2026-09-05)"
co2-mlo-monthly,1981-05,343.04,ppm,https://gml.noaa.gov/webdata/ccgg/trends/co2/co2_mm_mlo.txt,1981-06-07,rule,2026-09-28,collectors/climate.py@2026-09-28,collector,"NOAA MLO monthly mean (co2_mm_mlo.txt, file created 2026-09-05)"
co2-mlo-monthly,1981-06,342.54,ppm,https://gml.noaa.gov/webdata/ccgg/trends/co2/co2_mm_mlo.txt,1981-07-07,rule,2026-09-28,collectors/climate.py@2026-09-28,collector,"NOAA MLO monthly mean (co2_mm_mlo.txt, file created 2026-09-05)"
co2-mlo-monthly,1981-07,340.82,ppm,https://gml.noaa.gov/webdata/ccgg/trends/co2/co2_mm_mlo.txt,1981-08-07,rule,2026-09-28,collectors/climate.py@2026-09-28,collector,"NOAA MLO monthly mean (co2_mm_mlo.txt, file created 2026-09-05)"
co2-mlo-monthly,1981-08,338.48,ppm,https://gml.noaa.gov/webdata/ccgg/trends/co2/co2_mm_mlo.txt,1981-09-07,rule,2026-09-28,collectors/climate.py@2026-09-28,collector,"NOAA MLO monthly mean (co2_mm_mlo.txt, file created 2026-09-05)"
co2-mlo-monthly,1981-09,336.95,ppm,https://gml.noaa.gov/webdata/ccgg/trends/co2/co2_mm_mlo.txt,1981-10-07,rule,2026-09-28,collectors/climate.py@2026-09-28,collector,"NOAA MLO monthly mean (co2_mm_mlo.txt, file created 2026-09-05)"
co2-mlo-monthly,1981-10,337.05,ppm,https://gml.noaa.gov/webdata/ccgg/trends/co2/co2_mm_mlo.txt,1981-11-07,rule,2026-09-28,collectors/climate.py@2026-09-28,collector,"NOAA MLO monthly mean (co2_mm_mlo.txt, file created 2026-09-05)"
co2-mlo-monthly,1981-11,338.58,ppm,https://gml.noaa.gov/webdata/ccgg/trends/co2/co2_mm_mlo.txt,1981-12-07,rule,2026-09-28,collectors/climate.py@2026-09-28,collector,"NOAA MLO monthly mean (co2_mm_mlo.txt, file created 2026-09-05)"
co2-mlo-monthly,1981-12,339.91,ppm,https://gml.noaa.gov/webdata/ccgg/trends/co2/co2_mm_mlo.txt,1982-01-07,rule,2026-09-28,collectors/climate.py@2026-09-28,collector,"NOAA MLO monthly mean (co2_mm_mlo.txt, file created 2026-09-05)"
co2-mlo-monthly,1982-01,340.93,ppm,https://gml.noaa.gov/webdata/ccgg/trends/co2/co2_mm_mlo.txt,1982-02-07,rule,2026-09-28,collectors/climate.py@2026-09-28,collector,"NOAA MLO monthly mean (co2_mm_mlo.txt, file created 2026-09-05)"
co2-mlo-monthly,1982-02,341.76,ppm,https://gml.noaa.gov/webdata/ccgg/trends/co2/co2_mm_mlo.txt,1982-03-07,rule,2026-09-28,collectors/climate.py@2026-09-28,collector,"NOAA MLO monthly mean (co2_mm_mlo.txt, file created 2026-09-05)"
co2-mlo-monthly,1982-03,342.78,ppm,https://gml.noaa.gov/webdata/ccgg/trends/co2/co2_mm_mlo.txt,1982-04-07,rule,2026-09-28,collectors/climate.py@2026-09-28,collector,"NOAA MLO monthly mean (co2_mm_mlo.txt, file created 2026-09-05)"
co2-mlo-monthly,1982-04,343.96,ppm,https://gml.noaa.gov/webdata/ccgg/trends/co2/co2_mm_mlo.txt,1982-05-07,rule,2026-09-28,collectors/climate.py@2026-09-28,collector,"NOAA MLO monthly mean (co2_mm_mlo.txt, file created 2026-09-05)"
co2-mlo-monthly,1982-05,344.77,ppm,https://gml.noaa.gov/webdata/ccgg/trends/co2/co2_mm_mlo.txt,1982-06-07,rule,2026-09-28,collectors/climate.py@2026-09-28,collector,"NOAA MLO monthly mean (co2_mm_mlo.txt, file created 2026-09-05)"
co2-mlo-monthly,1982-06,343.88,ppm,https://gml.noaa.gov/webdata/ccgg/trends/co2/co2_mm_mlo.txt,1982-07-07,rule,2026-09-28,collectors/climate.py@2026-09-28,collector,"NOAA MLO monthly mean (co2_mm_mlo.txt, file created 2026-09-05)"
co2-mlo-monthly,1982-07,342.42,ppm,https://gml.noaa.gov/webdata/ccgg/trends/co2/co2_mm_mlo.txt,1982-08-07,rule,2026-09-28,collectors/climate.py@2026-09-28,collector,"NOAA MLO monthly mean (co2_mm_mlo.txt, file created 2026-09-05)"
co2-mlo-monthly,1982-08,340.24,ppm,https://gml.noaa.gov/webdata/ccgg/trends/co2/co2_mm_mlo.txt,1982-09-07,rule,2026-09-28,collectors/climate.py@2026-09-28,collector,"NOAA MLO monthly mean (co2_mm_mlo.txt, file created 2026-09-05)"
co2-mlo-monthly,1982-09,338.37,ppm,https://gml.noaa.gov/webdata/ccgg/trends/co2/co2_mm_mlo.txt,1982-10-07,rule,2026-09-28,collectors/climate.py@2026-09-28,collector,"NOAA MLO monthly mean (co2_mm_mlo.txt, file created 2026-09-05)"
co2-mlo-monthly,1982-10,338.41,ppm,https://gml.noaa.gov/webdata/ccgg/trends/co2/co2_mm_mlo.txt,1982-11-07,rule,2026-09-28,collectors/climate.py@2026-09-28,collector,"NOAA MLO monthly mean (co2_mm_mlo.txt, file created 2026-09-05)"
co2-mlo-monthly,1982-11,339.44,ppm,https://gml.noaa.gov/webdata/ccgg/trends/co2/co2_mm_mlo.txt,1982-12-07,rule,2026-09-28,collectors/climate.py@2026-09-28,collector,"NOAA MLO monthly mean (co2_mm_mlo.txt, file created 2026-09-05)"
co2-mlo-monthly,1982-12,340.78,ppm,https://gml.noaa.gov/webdata/ccgg/trends/co2/co2_mm_mlo.txt,1983-01-07,rule,2026-09-28,collectors/climate.py@2026-09-28,collector,"NOAA MLO monthly mean (co2_mm_mlo.txt, file created 2026-09-05)"
co2-mlo-monthly,1983-01,341.57,ppm,https://gml.noaa.gov/webdata/ccgg/trends/co2/co2_mm_mlo.txt,1983-02-07,rule,2026-09-28,collectors/climate.py@2026-09-28,collector,"NOAA MLO monthly mean (co2_mm_mlo.txt, file created 2026-09-05)"
co2-mlo-monthly,1983-02,342.78,ppm,https://gml.noaa.gov/webdata/ccgg/trends/co2/co2_mm_mlo.txt,1983-03-07,rule,2026-09-28,collectors/climate.py@2026-09-28,collector,"NOAA MLO monthly mean (co2_mm_mlo.txt, file created 2026-09-05)"
co2-mlo-monthly,1983-03,343.37,ppm,https://gml.noaa.gov/webdata/ccgg/trends/co2/co2_mm_mlo.txt,1983-04-07,rule,2026-09-28,collectors/climate.py@2026-09-28,collector,"NOAA MLO monthly mean (co2_mm_mlo.txt, file created 2026-09-05)"
co2-mlo-monthly,1983-04,345.40,ppm,https://gml.noaa.gov/webdata/ccgg/trends/co2/co2_mm_mlo.txt,1983-05-07,rule,2026-09-28,collectors/climate.py@2026-09-28,collector,"NOAA MLO monthly mean (co2_mm_mlo.txt, file created 2026-09-05)"
co2-mlo-monthly,1983-05,346.14,ppm,https://gml.noaa.gov/webdata/ccgg/trends/co2/co2_mm_mlo.txt,1983-06-07,rule,2026-09-28,collectors/climate.py@2026-09-28,collector,"NOAA MLO monthly mean (co2_mm_mlo.txt, file created 2026-09-05)"
co2-mlo-monthly,1983-06,345.76,ppm,https://gml.noaa.gov/webdata/ccgg/trends/co2/co2_mm_mlo.txt,1983-07-07,rule,2026-09-28,collectors/climate.py@2026-09-28,collector,"NOAA MLO monthly mean (co2_mm_mlo.txt, file created 2026-09-05)"
co2-mlo-monthly,1983-07,344.32,ppm,https://gml.noaa.gov/webdata/ccgg/trends/co2/co2_mm_mlo.txt,1983-08-07,rule,2026-09-28,collectors/climate.py@2026-09-28,collector,"NOAA MLO monthly mean (co2_mm_mlo.txt, file created 2026-09-05)"
co2-mlo-monthly,1983-08,342.51,ppm,https://gml.noaa.gov/webdata/ccgg/trends/co2/co2_mm_mlo.txt,1983-09-07,rule,2026-09-28,collectors/climate.py@2026-09-28,collector,"NOAA MLO monthly mean (co2_mm_mlo.txt, file created 2026-09-05)"
co2-mlo-monthly,1983-09,340.46,ppm,https://gml.noaa.gov/webdata/ccgg/trends/co2/co2_mm_mlo.txt,1983-10-07,rule,2026-09-28,collectors/climate.py@2026-09-28,collector,"NOAA MLO monthly mean (co2_mm_mlo.txt, file created 2026-09-05)"
co2-mlo-monthly,1983-10,340.53,ppm,https://gml.noaa.gov/webdata/ccgg/trends/co2/co2_mm_mlo.txt,1983-11-07,rule,2026-09-28,collectors/climate.py@2026-09-28,collector,"NOAA MLO monthly mean (co2_mm_mlo.txt, file created 2026-09-05)"
co2-mlo-monthly,1983-11,341.79,ppm,https://gml.noaa.gov/webdata/ccgg/trends/co2/co2_mm_mlo.txt,1983-12-07,rule,2026-09-28,collectors/climate.py@2026-09-28,collector,"NOAA MLO monthly mean (co2_mm_mlo.txt, file created 2026-09-05)"
co2-mlo-monthly,1983-12,343.20,ppm,https://gml.noaa.gov/webdata/ccgg/trends/co2/co2_mm_mlo.txt,1984-01-07,rule,2026-09-28,collectors/climate.py@2026-09-28,collector,"NOAA MLO monthly mean (co2_mm_mlo.txt, file created 2026-09-05)"
co2-mlo-monthly,1984-01,344.21,ppm,https://gml.noaa.gov/webdata/ccgg/trends/co2/co2_mm_mlo.txt,1984-02-07,rule,2026-09-28,collectors/climate.py@2026-09-28,collector,"NOAA MLO monthly mean (co2_mm_mlo.txt, file created 2026-09-05)"
co2-mlo-monthly,1984-02,344.92,ppm,https://gml.noaa.gov/webdata/ccgg/trends/co2/co2_mm_mlo.txt,1984-03-07,rule,2026-09-28,collectors/climate.py@2026-09-28,collector,"NOAA MLO monthly mean (co2_mm_mlo.txt, file created 2026-09-05)"
co2-mlo-monthly,1984-03,345.68,ppm,https://gml.noaa.gov/webdata/ccgg/trends/co2/co2_mm_mlo.txt,1984-04-07,rule,2026-09-28,collectors/climate.py@2026-09-28,collector,"NOAA MLO monthly mean (co2_mm_mlo.txt, file created 2026-09-05)"
co2-mlo-monthly,1984-04,347.37,ppm,https://gml.noaa.gov/webdata/ccgg/trends/co2/co2_mm_mlo.txt,1984-05-07,rule,2026-09-28,collectors/climate.py@2026-09-28,collector,"NOAA MLO monthly mean (co2_mm_mlo.txt, file created 2026-09-05); interpolated missing month"
co2-mlo-monthly,1984-05,347.77,ppm,https://gml.noaa.gov/webdata/ccgg/trends/co2/co2_mm_mlo.txt,1984-06-07,rule,2026-09-28,collectors/climate.py@2026-09-28,collector,"NOAA MLO monthly mean (co2_mm_mlo.txt, file created 2026-09-05)"
co2-mlo-monthly,1984-06,347.16,ppm,https://gml.noaa.gov/webdata/ccgg/trends/co2/co2_mm_mlo.txt,1984-07-07,rule,2026-09-28,collectors/climate.py@2026-09-28,collector,"NOAA MLO monthly mean (co2_mm_mlo.txt, file created 2026-09-05)"
co2-mlo-monthly,1984-07,345.79,ppm,https://gml.noaa.gov/webdata/ccgg/trends/co2/co2_mm_mlo.txt,1984-08-07,rule,2026-09-28,collectors/climate.py@2026-09-28,collector,"NOAA MLO monthly mean (co2_mm_mlo.txt, file created 2026-09-05)"
co2-mlo-monthly,1984-08,343.74,ppm,https://gml.noaa.gov/webdata/ccgg/trends/co2/co2_mm_mlo.txt,1984-09-07,rule,2026-09-28,collectors/climate.py@2026-09-28,collector,"NOAA MLO monthly mean (co2_mm_mlo.txt, file created 2026-09-05)"
co2-mlo-monthly,1984-09,341.59,ppm,https://gml.noaa.gov/webdata/ccgg/trends/co2/co2_mm_mlo.txt,1984-10-07,rule,2026-09-28,collectors/climate.py@2026-09-28,collector,"NOAA MLO monthly mean (co2_mm_mlo.txt, file created 2026-09-05)"
co2-mlo-monthly,1984-10,341.86,ppm,https://gml.noaa.gov/webdata/ccgg/trends/co2/co2_mm_mlo.txt,1984-11-07,rule,2026-09-28,collectors/climate.py@2026-09-28,collector,"NOAA MLO monthly mean (co2_mm_mlo.txt, file created 2026-09-05)"
co2-mlo-monthly,1984-11,343.31,ppm,https://gml.noaa.gov/webdata/ccgg/trends/co2/co2_mm_mlo.txt,1984-12-07,rule,2026-09-28,collectors/climate.py@2026-09-28,collector,"NOAA MLO monthly mean (co2_mm_mlo.txt, file created 2026-09-05)"
co2-mlo-monthly,1984-12,345.00,ppm,https://gml.noaa.gov/webdata/ccgg/trends/co2/co2_mm_mlo.txt,1985-01-07,rule,2026-09-28,collectors/climate.py@2026-09-28,collector,"NOAA MLO monthly mean (co2_mm_mlo.txt, file created 2026-09-05)"
co2-mlo-monthly,1985-01,345.48,ppm,https://gml.noaa.gov/webdata/ccgg/trends/co2/co2_mm_mlo.txt,1985-02-07,rule,2026-09-28,collectors/climate.py@2026-09-28,collector,"NOAA MLO monthly mean (co2_mm_mlo.txt, file created 2026-09-05)"
co2-mlo-monthly,1985-02,346.41,ppm,https://gml.noaa.gov/webdata/ccgg/trends/co2/co2_mm_mlo.txt,1985-03-07,rule,2026-09-28,collectors/climate.py@2026-09-28,collector,"NOAA MLO monthly mean (co2_mm_mlo.txt, file created 2026-09-05)"
co2-mlo-monthly,1985-03,347.91,ppm,https://gml.noaa.gov/webdata/ccgg/trends/co2/co2_mm_mlo.txt,1985-04-07,rule,2026-09-28,collectors/climate.py@2026-09-28,collector,"NOAA MLO monthly mean (co2_mm_mlo.txt, file created 2026-09-05)"
co2-mlo-monthly,1985-04,348.66,ppm,https://gml.noaa.gov/webdata/ccgg/trends/co2/co2_mm_mlo.txt,1985-05-07,rule,2026-09-28,collectors/climate.py@2026-09-28,collector,"NOAA MLO monthly mean (co2_mm_mlo.txt, file created 2026-09-05)"
co2-mlo-monthly,1985-05,349.28,ppm,https://gml.noaa.gov/webdata/ccgg/trends/co2/co2_mm_mlo.txt,1985-06-07,rule,2026-09-28,collectors/climate.py@2026-09-28,collector,"NOAA MLO monthly mean (co2_mm_mlo.txt, file created 2026-09-05)"
co2-mlo-monthly,1985-06,348.65,ppm,https://gml.noaa.gov/webdata/ccgg/trends/co2/co2_mm_mlo.txt,1985-07-07,rule,2026-09-28,collectors/climate.py@2026-09-28,collector,"NOAA MLO monthly mean (co2_mm_mlo.txt, file created 2026-09-05)"
co2-mlo-monthly,1985-07,346.90,ppm,https://gml.noaa.gov/webdata/ccgg/trends/co2/co2_mm_mlo.txt,1985-08-07,rule,2026-09-28,collectors/climate.py@2026-09-28,collector,"NOAA MLO monthly mean (co2_mm_mlo.txt, file created 2026-09-05)"
co2-mlo-monthly,1985-08,345.26,ppm,https://gml.noaa.gov/webdata/ccgg/trends/co2/co2_mm_mlo.txt,1985-09-07,rule,2026-09-28,collectors/climate.py@2026-09-28,collector,"NOAA MLO monthly mean (co2_mm_mlo.txt, file created 2026-09-05)"
co2-mlo-monthly,1985-09,343.47,ppm,https://gml.noaa.gov/webdata/ccgg/trends/co2/co2_mm_mlo.txt,1985-10-07,rule,2026-09-28,collectors/climate.py@2026-09-28,collector,"NOAA MLO monthly mean (co2_mm_mlo.txt, file created 2026-09-05)"
co2-mlo-monthly,1985-10,343.35,ppm,https://gml.noaa.gov/webdata/ccgg/trends/co2/co2_mm_mlo.txt,1985-11-07,rule,2026-09-28,collectors/climate.py@2026-09-28,collector,"NOAA MLO monthly mean (co2_mm_mlo.txt, file created 2026-09-05)"
co2-mlo-monthly,1985-11,344.73,ppm,https://gml.noaa.gov/webdata/ccgg/trends/co2/co2_mm_mlo.txt,1985-12-07,rule,2026-09-28,collectors/climate.py@2026-09-28,collector,"NOAA MLO monthly mean (co2_mm_mlo.txt, file created 2026-09-05)"
co2-mlo-monthly,1985-12,346.12,ppm,https://gml.noaa.gov/webdata/ccgg/trends/co2/co2_mm_mlo.txt,1986-01-07,rule,2026-09-28,collectors/climate.py@2026-09-28,collector,"NOAA MLO monthly mean (co2_mm_mlo.txt, file created 2026-09-05)"
co2-mlo-monthly,1986-01,346.78,ppm,https://gml.noaa.gov/webdata/ccgg/trends/co2/co2_mm_mlo.txt,1986-02-07,rule,2026-09-28,collectors/climate.py@2026-09-28,collector,"NOAA MLO monthly mean (co2_mm_mlo.txt, file created 2026-09-05)"
co2-mlo-monthly,1986-02,347.48,ppm,https://gml.noaa.gov/webdata/ccgg/trends/co2/co2_mm_mlo.txt,1986-03-07,rule,2026-09-28,collectors/climate.py@2026-09-28,collector,"NOAA MLO monthly mean (co2_mm_mlo.txt, file created 2026-09-05)"
co2-mlo-monthly,1986-03,348.25,ppm,https://gml.noaa.gov/webdata/ccgg/trends/co2/co2_mm_mlo.txt,1986-04-07,rule,2026-09-28,collectors/climate.py@2026-09-28,collector,"NOAA MLO monthly mean (co2_mm_mlo.txt, file created 2026-09-05)"
co2-mlo-monthly,1986-04,349.86,ppm,https://gml.noaa.gov/webdata/ccgg/trends/co2/co2_mm_mlo.txt,1986-05-07,rule,2026-09-28,collectors/climate.py@2026-09-28,collector,"NOAA MLO monthly mean (co2_mm_mlo.txt, file created 2026-09-05)"
co2-mlo-monthly,1986-05,350.52,ppm,https://gml.noaa.gov/webdata/ccgg/trends/co2/co2_mm_mlo.txt,1986-06-07,rule,2026-09-28,collectors/climate.py@2026-09-28,collector,"NOAA MLO monthly mean (co2_mm_mlo.txt, file created 2026-09-05)"
co2-mlo-monthly,1986-06,349.98,ppm,https://gml.noaa.gov/webdata/ccgg/trends/co2/co2_mm_mlo.txt,1986-07-07,rule,2026-09-28,collectors/climate.py@2026-09-28,collector,"NOAA MLO monthly mean (co2_mm_mlo.txt, file created 2026-09-05)"
co2-mlo-monthly,1986-07,348.25,ppm,https://gml.noaa.gov/webdata/ccgg/trends/co2/co2_mm_mlo.txt,1986-08-07,rule,2026-09-28,collectors/climate.py@2026-09-28,collector,"NOAA MLO monthly mean (co2_mm_mlo.txt, file created 2026-09-05)"
co2-mlo-monthly,1986-08,346.17,ppm,https://gml.noaa.gov/webdata/ccgg/trends/co2/co2_mm_mlo.txt,1986-09-07,rule,2026-09-28,collectors/climate.py@2026-09-28,collector,"NOAA MLO monthly mean (co2_mm_mlo.txt, file created 2026-09-05)"
co2-mlo-monthly,1986-09,345.48,ppm,https://gml.noaa.gov/webdata/ccgg/trends/co2/co2_mm_mlo.txt,1986-10-07,rule,2026-09-28,collectors/climate.py@2026-09-28,collector,"NOAA MLO monthly mean (co2_mm_mlo.txt, file created 2026-09-05)"
co2-mlo-monthly,1986-10,344.82,ppm,https://gml.noaa.gov/webdata/ccgg/trends/co2/co2_mm_mlo.txt,1986-11-07,rule,2026-09-28,collectors/climate.py@2026-09-28,collector,"NOAA MLO monthly mean (co2_mm_mlo.txt, file created 2026-09-05)"
co2-mlo-monthly,1986-11,346.22,ppm,https://gml.noaa.gov/webdata/ccgg/trends/co2/co2_mm_mlo.txt,1986-12-07,rule,2026-09-28,collectors/climate.py@2026-09-28,collector,"NOAA MLO monthly mean (co2_mm_mlo.txt, file created 2026-09-05)"
co2-mlo-monthly,1986-12,347.48,ppm,https://gml.noaa.gov/webdata/ccgg/trends/co2/co2_mm_mlo.txt,1987-01-07,rule,2026-09-28,collectors/climate.py@2026-09-28,collector,"NOAA MLO monthly mean (co2_mm_mlo.txt, file created 2026-09-05)"
co2-mlo-monthly,1987-01,348.73,ppm,https://gml.noaa.gov/webdata/ccgg/trends/co2/co2_mm_mlo.txt,1987-02-07,rule,2026-09-28,collectors/climate.py@2026-09-28,collector,"NOAA MLO monthly mean (co2_mm_mlo.txt, file created 2026-09-05)"
co2-mlo-monthly,1987-02,348.92,ppm,https://gml.noaa.gov/webdata/ccgg/trends/co2/co2_mm_mlo.txt,1987-03-07,rule,2026-09-28,collectors/climate.py@2026-09-28,collector,"NOAA MLO monthly mean (co2_mm_mlo.txt, file created 2026-09-05)"
co2-mlo-monthly,1987-03,349.81,ppm,https://gml.noaa.gov/webdata/ccgg/trends/co2/co2_mm_mlo.txt,1987-04-07,rule,2026-09-28,collectors/climate.py@2026-09-28,collector,"NOAA MLO monthly mean (co2_mm_mlo.txt, file created 2026-09-05)"
co2-mlo-monthly,1987-04,351.40,ppm,https://gml.noaa.gov/webdata/ccgg/trends/co2/co2_mm_mlo.txt,1987-05-07,rule,2026-09-28,collectors/climate.py@2026-09-28,collector,"NOAA MLO monthly mean (co2_mm_mlo.txt, file created 2026-09-05)"
co2-mlo-monthly,1987-05,352.15,ppm,https://gml.noaa.gov/webdata/ccgg/trends/co2/co2_mm_mlo.txt,1987-06-07,rule,2026-09-28,collectors/climate.py@2026-09-28,collector,"NOAA MLO monthly mean (co2_mm_mlo.txt, file created 2026-09-05)"
co2-mlo-monthly,1987-06,351.58,ppm,https://gml.noaa.gov/webdata/ccgg/trends/co2/co2_mm_mlo.txt,1987-07-07,rule,2026-09-28,collectors/climate.py@2026-09-28,collector,"NOAA MLO monthly mean (co2_mm_mlo.txt, file created 2026-09-05)"
co2-mlo-monthly,1987-07,350.21,ppm,https://gml.noaa.gov/webdata/ccgg/trends/co2/co2_mm_mlo.txt,1987-08-07,rule,2026-09-28,collectors/climate.py@2026-09-28,collector,"NOAA MLO monthly mean (co2_mm_mlo.txt, file created 2026-09-05)"
co2-mlo-monthly,1987-08,348.20,ppm,https://gml.noaa.gov/webdata/ccgg/trends/co2/co2_mm_mlo.txt,1987-09-07,rule,2026-09-28,collectors/climate.py@2026-09-28,collector,"NOAA MLO monthly mean (co2_mm_mlo.txt, file created 2026-09-05)"
co2-mlo-monthly,1987-09,346.66,ppm,https://gml.noaa.gov/webdata/ccgg/trends/co2/co2_mm_mlo.txt,1987-10-07,rule,2026-09-28,collectors/climate.py@2026-09-28,collector,"NOAA MLO monthly mean (co2_mm_mlo.txt, file created 2026-09-05)"
co2-mlo-monthly,1987-10,346.72,ppm,https://gml.noaa.gov/webdata/ccgg/trends/co2/co2_mm_mlo.txt,1987-11-07,rule,2026-09-28,collectors/climate.py@2026-09-28,collector,"NOAA MLO monthly mean (co2_mm_mlo.txt, file created 2026-09-05)"
co2-mlo-monthly,1987-11,348.08,ppm,https://gml.noaa.gov/webdata/ccgg/trends/co2/co2_mm_mlo.txt,1987-12-07,rule,2026-09-28,collectors/climate.py@2026-09-28,collector,"NOAA MLO monthly mean (co2_mm_mlo.txt, file created 2026-09-05)"
co2-mlo-monthly,1987-12,349.28,ppm,https://gml.noaa.gov/webdata/ccgg/trends/co2/co2_mm_mlo.txt,1988-01-07,rule,2026-09-28,collectors/climate.py@2026-09-28,collector,"NOAA MLO monthly mean (co2_mm_mlo.txt, file created 2026-09-05)"
co2-mlo-monthly,1988-01,350.51,ppm,https://gml.noaa.gov/webdata/ccgg/trends/co2/co2_mm_mlo.txt,1988-02-07,rule,2026-09-28,collectors/climate.py@2026-09-28,collector,"NOAA MLO monthly mean (co2_mm_mlo.txt, file created 2026-09-05)"
co2-mlo-monthly,1988-02,351.70,ppm,https://gml.noaa.gov/webdata/ccgg/trends/co2/co2_mm_mlo.txt,1988-03-07,rule,2026-09-28,collectors/climate.py@2026-09-28,collector,"NOAA MLO monthly mean (co2_mm_mlo.txt, file created 2026-09-05)"
co2-mlo-monthly,1988-03,352.50,ppm,https://gml.noaa.gov/webdata/ccgg/trends/co2/co2_mm_mlo.txt,1988-04-07,rule,2026-09-28,collectors/climate.py@2026-09-28,collector,"NOAA MLO monthly mean (co2_mm_mlo.txt, file created 2026-09-05)"
co2-mlo-monthly,1988-04,353.67,ppm,https://gml.noaa.gov/webdata/ccgg/trends/co2/co2_mm_mlo.txt,1988-05-07,rule,2026-09-28,collectors/climate.py@2026-09-28,collector,"NOAA MLO monthly mean (co2_mm_mlo.txt, file created 2026-09-05)"
co2-mlo-monthly,1988-05,354.35,ppm,https://gml.noaa.gov/webdata/ccgg/trends/co2/co2_mm_mlo.txt,1988-06-07,rule,2026-09-28,collectors/climate.py@2026-09-28,collector,"NOAA MLO monthly mean (co2_mm_mlo.txt, file created 2026-09-05)"
co2-mlo-monthly,1988-06,353.88,ppm,https://gml.noaa.gov/webdata/ccgg/trends/co2/co2_mm_mlo.txt,1988-07-07,rule,2026-09-28,collectors/climate.py@2026-09-28,collector,"NOAA MLO monthly mean (co2_mm_mlo.txt, file created 2026-09-05)"
co2-mlo-monthly,1988-07,352.80,ppm,https://gml.noaa.gov/webdata/ccgg/trends/co2/co2_mm_mlo.txt,1988-08-07,rule,2026-09-28,collectors/climate.py@2026-09-28,collector,"NOAA MLO monthly mean (co2_mm_mlo.txt, file created 2026-09-05)"
co2-mlo-monthly,1988-08,350.49,ppm,https://gml.noaa.gov/webdata/ccgg/trends/co2/co2_mm_mlo.txt,1988-09-07,rule,2026-09-28,collectors/climate.py@2026-09-28,collector,"NOAA MLO monthly mean (co2_mm_mlo.txt, file created 2026-09-05)"
co2-mlo-monthly,1988-09,348.97,ppm,https://gml.noaa.gov/webdata/ccgg/trends/co2/co2_mm_mlo.txt,1988-10-07,rule,2026-09-28,collectors/climate.py@2026-09-28,collector,"NOAA MLO monthly mean (co2_mm_mlo.txt, file created 2026-09-05)"
co2-mlo-monthly,1988-10,349.37,ppm,https://gml.noaa.gov/webdata/ccgg/trends/co2/co2_mm_mlo.txt,1988-11-07,rule,2026-09-28,collectors/climate.py@2026-09-28,collector,"NOAA MLO monthly mean (co2_mm_mlo.txt, file created 2026-09-05)"
co2-mlo-monthly,1988-11,350.42,ppm,https://gml.noaa.gov/webdata/ccgg/trends/co2/co2_mm_mlo.txt,1988-12-07,rule,2026-09-28,collectors/climate.py@2026-09-28,collector,"NOAA MLO monthly mean (co2_mm_mlo.txt, file created 2026-09-05)"
co2-mlo-monthly,1988-12,351.62,ppm,https://gml.noaa.gov/webdata/ccgg/trends/co2/co2_mm_mlo.txt,1989-01-07,rule,2026-09-28,collectors/climate.py@2026-09-28,collector,"NOAA MLO monthly mean (co2_mm_mlo.txt, file created 2026-09-05)"
co2-mlo-monthly,1989-01,353.07,ppm,https://gml.noaa.gov/webdata/ccgg/trends/co2/co2_mm_mlo.txt,1989-02-07,rule,2026-09-28,collectors/climate.py@2026-09-28,collector,"NOAA MLO monthly mean (co2_mm_mlo.txt, file created 2026-09-05)"
co2-mlo-monthly,1989-02,353.43,ppm,https://gml.noaa.gov/webdata/ccgg/trends/co2/co2_mm_mlo.txt,1989-03-07,rule,2026-09-28,collectors/climate.py@2026-09-28,collector,"NOAA MLO monthly mean (co2_mm_mlo.txt, file created 2026-09-05)"
co2-mlo-monthly,1989-03,354.08,ppm,https://gml.noaa.gov/webdata/ccgg/trends/co2/co2_mm_mlo.txt,1989-04-07,rule,2026-09-28,collectors/climate.py@2026-09-28,collector,"NOAA MLO monthly mean (co2_mm_mlo.txt, file created 2026-09-05)"
co2-mlo-monthly,1989-04,355.72,ppm,https://gml.noaa.gov/webdata/ccgg/trends/co2/co2_mm_mlo.txt,1989-05-07,rule,2026-09-28,collectors/climate.py@2026-09-28,collector,"NOAA MLO monthly mean (co2_mm_mlo.txt, file created 2026-09-05)"
co2-mlo-monthly,1989-05,355.95,ppm,https://gml.noaa.gov/webdata/ccgg/trends/co2/co2_mm_mlo.txt,1989-06-07,rule,2026-09-28,collectors/climate.py@2026-09-28,collector,"NOAA MLO monthly mean (co2_mm_mlo.txt, file created 2026-09-05)"
co2-mlo-monthly,1989-06,355.44,ppm,https://gml.noaa.gov/webdata/ccgg/trends/co2/co2_mm_mlo.txt,1989-07-07,rule,2026-09-28,collectors/climate.py@2026-09-28,collector,"NOAA MLO monthly mean (co2_mm_mlo.txt, file created 2026-09-05)"
co2-mlo-monthly,1989-07,354.05,ppm,https://gml.noaa.gov/webdata/ccgg/trends/co2/co2_mm_mlo.txt,1989-08-07,rule,2026-09-28,collectors/climate.py@2026-09-28,collector,"NOAA MLO monthly mean (co2_mm_mlo.txt, file created 2026-09-05)"
co2-mlo-monthly,1989-08,351.84,ppm,https://gml.noaa.gov/webdata/ccgg/trends/co2/co2_mm_mlo.txt,1989-09-07,rule,2026-09-28,collectors/climate.py@2026-09-28,collector,"NOAA MLO monthly mean (co2_mm_mlo.txt, file created 2026-09-05)"
co2-mlo-monthly,1989-09,350.09,ppm,https://gml.noaa.gov/webdata/ccgg/trends/co2/co2_mm_mlo.txt,1989-10-07,rule,2026-09-28,collectors/climate.py@2026-09-28,collector,"NOAA MLO monthly mean (co2_mm_mlo.txt, file created 2026-09-05)"
co2-mlo-monthly,1989-10,350.33,ppm,https://gml.noaa.gov/webdata/ccgg/trends/co2/co2_mm_mlo.txt,1989-11-07,rule,2026-09-28,collectors/climate.py@2026-09-28,collector,"NOAA MLO monthly mean (co2_mm_mlo.txt, file created 2026-09-05)"
co2-mlo-monthly,1989-11,351.55,ppm,https://gml.noaa.gov/webdata/ccgg/trends/co2/co2_mm_mlo.txt,1989-12-07,rule,2026-09-28,collectors/climate.py@2026-09-28,collector,"NOAA MLO monthly mean (co2_mm_mlo.txt, file created 2026-09-05)"
co2-mlo-monthly,1989-12,352.91,ppm,https://gml.noaa.gov/webdata/ccgg/trends/co2/co2_mm_mlo.txt,1990-01-07,rule,2026-09-28,collectors/climate.py@2026-09-28,collector,"NOAA MLO monthly mean (co2_mm_mlo.txt, file created 2026-09-05)"
co2-mlo-monthly,1990-01,353.86,ppm,https://gml.noaa.gov/webdata/ccgg/trends/co2/co2_mm_mlo.txt,1990-02-07,rule,2026-09-28,collectors/climate.py@2026-09-28,collector,"NOAA MLO monthly mean (co2_mm_mlo.txt, file created 2026-09-05)"
co2-mlo-monthly,1990-02,355.10,ppm,https://gml.noaa.gov/webdata/ccgg/trends/co2/co2_mm_mlo.txt,1990-03-07,rule,2026-09-28,collectors/climate.py@2026-09-28,collector,"NOAA MLO monthly mean (co2_mm_mlo.txt, file created 2026-09-05)"
co2-mlo-monthly,1990-03,355.75,ppm,https://gml.noaa.gov/webdata/ccgg/trends/co2/co2_mm_mlo.txt,1990-04-07,rule,2026-09-28,collectors/climate.py@2026-09-28,collector,"NOAA MLO monthly mean (co2_mm_mlo.txt, file created 2026-09-05)"
co2-mlo-monthly,1990-04,356.38,ppm,https://gml.noaa.gov/webdata/ccgg/trends/co2/co2_mm_mlo.txt,1990-05-07,rule,2026-09-28,collectors/climate.py@2026-09-28,collector,"NOAA MLO monthly mean (co2_mm_mlo.txt, file created 2026-09-05)"
co2-mlo-monthly,1990-05,357.38,ppm,https://gml.noaa.gov/webdata/ccgg/trends/co2/co2_mm_mlo.txt,1990-06-07,rule,2026-09-28,collectors/climate.py@2026-09-28,collector,"NOAA MLO monthly mean (co2_mm_mlo.txt, file created 2026-09-05)"
co2-mlo-monthly,1990-06,356.39,ppm,https://gml.noaa.gov/webdata/ccgg/trends/co2/co2_mm_mlo.txt,1990-07-07,rule,2026-09-28,collectors/climate.py@2026-09-28,collector,"NOAA MLO monthly mean (co2_mm_mlo.txt, file created 2026-09-05)"
co2-mlo-monthly,1990-07,354.89,ppm,https://gml.noaa.gov/webdata/ccgg/trends/co2/co2_mm_mlo.txt,1990-08-07,rule,2026-09-28,collectors/climate.py@2026-09-28,collector,"NOAA MLO monthly mean (co2_mm_mlo.txt, file created 2026-09-05)"
co2-mlo-monthly,1990-08,353.06,ppm,https://gml.noaa.gov/webdata/ccgg/trends/co2/co2_mm_mlo.txt,1990-09-07,rule,2026-09-28,collectors/climate.py@2026-09-28,collector,"NOAA MLO monthly mean (co2_mm_mlo.txt, file created 2026-09-05)"
co2-mlo-monthly,1990-09,351.38,ppm,https://gml.noaa.gov/webdata/ccgg/trends/co2/co2_mm_mlo.txt,1990-10-07,rule,2026-09-28,collectors/climate.py@2026-09-28,collector,"NOAA MLO monthly mean (co2_mm_mlo.txt, file created 2026-09-05)"
co2-mlo-monthly,1990-10,351.69,ppm,https://gml.noaa.gov/webdata/ccgg/trends/co2/co2_mm_mlo.txt,1990-11-07,rule,2026-09-28,collectors/climate.py@2026-09-28,collector,"NOAA MLO monthly mean (co2_mm_mlo.txt, file created 2026-09-05)"
co2-mlo-monthly,1990-11,353.14,ppm,https://gml.noaa.gov/webdata/ccgg/trends/co2/co2_mm_mlo.txt,1990-12-07,rule,2026-09-28,collectors/climate.py@2026-09-28,collector,"NOAA MLO monthly mean (co2_mm_mlo.txt, file created 2026-09-05)"
co2-mlo-monthly,1990-12,354.41,ppm,https://gml.noaa.gov/webdata/ccgg/trends/co2/co2_mm_mlo.txt,1991-01-07,rule,2026-09-28,collectors/climate.py@2026-09-28,collector,"NOAA MLO monthly mean (co2_mm_mlo.txt, file created 2026-09-05)"
co2-mlo-monthly,1991-01,354.93,ppm,https://gml.noaa.gov/webdata/ccgg/trends/co2/co2_mm_mlo.txt,1991-02-07,rule,2026-09-28,collectors/climate.py@2026-09-28,collector,"NOAA MLO monthly mean (co2_mm_mlo.txt, file created 2026-09-05)"
co2-mlo-monthly,1991-02,355.82,ppm,https://gml.noaa.gov/webdata/ccgg/trends/co2/co2_mm_mlo.txt,1991-03-07,rule,2026-09-28,collectors/climate.py@2026-09-28,collector,"NOAA MLO monthly mean (co2_mm_mlo.txt, file created 2026-09-05)"
co2-mlo-monthly,1991-03,357.33,ppm,https://gml.noaa.gov/webdata/ccgg/trends/co2/co2_mm_mlo.txt,1991-04-07,rule,2026-09-28,collectors/climate.py@2026-09-28,collector,"NOAA MLO monthly mean (co2_mm_mlo.txt, file created 2026-09-05)"
co2-mlo-monthly,1991-04,358.77,ppm,https://gml.noaa.gov/webdata/ccgg/trends/co2/co2_mm_mlo.txt,1991-05-07,rule,2026-09-28,collectors/climate.py@2026-09-28,collector,"NOAA MLO monthly mean (co2_mm_mlo.txt, file created 2026-09-05)"
co2-mlo-monthly,1991-05,359.23,ppm,https://gml.noaa.gov/webdata/ccgg/trends/co2/co2_mm_mlo.txt,1991-06-07,rule,2026-09-28,collectors/climate.py@2026-09-28,collector,"NOAA MLO monthly mean (co2_mm_mlo.txt, file created 2026-09-05)"
co2-mlo-monthly,1991-06,358.23,ppm,https://gml.noaa.gov/webdata/ccgg/trends/co2/co2_mm_mlo.txt,1991-07-07,rule,2026-09-28,collectors/climate.py@2026-09-28,collector,"NOAA MLO monthly mean (co2_mm_mlo.txt, file created 2026-09-05)"
co2-mlo-monthly,1991-07,356.30,ppm,https://gml.noaa.gov/webdata/ccgg/trends/co2/co2_mm_mlo.txt,1991-08-07,rule,2026-09-28,collectors/climate.py@2026-09-28,collector,"NOAA MLO monthly mean (co2_mm_mlo.txt, file created 2026-09-05)"
co2-mlo-monthly,1991-08,353.97,ppm,https://gml.noaa.gov/webdata/ccgg/trends/co2/co2_mm_mlo.txt,1991-09-07,rule,2026-09-28,collectors/climate.py@2026-09-28,collector,"NOAA MLO monthly mean (co2_mm_mlo.txt, file created 2026-09-05)"
co2-mlo-monthly,1991-09,352.34,ppm,https://gml.noaa.gov/webdata/ccgg/trends/co2/co2_mm_mlo.txt,1991-10-07,rule,2026-09-28,collectors/climate.py@2026-09-28,collector,"NOAA MLO monthly mean (co2_mm_mlo.txt, file created 2026-09-05)"
co2-mlo-monthly,1991-10,352.43,ppm,https://gml.noaa.gov/webdata/ccgg/trends/co2/co2_mm_mlo.txt,1991-11-07,rule,2026-09-28,collectors/climate.py@2026-09-28,collector,"NOAA MLO monthly mean (co2_mm_mlo.txt, file created 2026-09-05)"
co2-mlo-monthly,1991-11,353.89,ppm,https://gml.noaa.gov/webdata/ccgg/trends/co2/co2_mm_mlo.txt,1991-12-07,rule,2026-09-28,collectors/climate.py@2026-09-28,collector,"NOAA MLO monthly mean (co2_mm_mlo.txt, file created 2026-09-05)"
co2-mlo-monthly,1991-12,355.21,ppm,https://gml.noaa.gov/webdata/ccgg/trends/co2/co2_mm_mlo.txt,1992-01-07,rule,2026-09-28,collectors/climate.py@2026-09-28,collector,"NOAA MLO monthly mean (co2_mm_mlo.txt, file created 2026-09-05)"
co2-mlo-monthly,1992-01,356.34,ppm,https://gml.noaa.gov/webdata/ccgg/trends/co2/co2_mm_mlo.txt,1992-02-07,rule,2026-09-28,collectors/climate.py@2026-09-28,collector,"NOAA MLO monthly mean (co2_mm_mlo.txt, file created 2026-09-05)"
co2-mlo-monthly,1992-02,357.21,ppm,https://gml.noaa.gov/webdata/ccgg/trends/co2/co2_mm_mlo.txt,1992-03-07,rule,2026-09-28,collectors/climate.py@2026-09-28,collector,"NOAA MLO monthly mean (co2_mm_mlo.txt, file created 2026-09-05)"
co2-mlo-monthly,1992-03,357.97,ppm,https://gml.noaa.gov/webdata/ccgg/trends/co2/co2_mm_mlo.txt,1992-04-07,rule,2026-09-28,collectors/climate.py@2026-09-28,collector,"NOAA MLO monthly mean (co2_mm_mlo.txt, file created 2026-09-05)"
co2-mlo-monthly,1992-04,359.22,ppm,https://gml.noaa.gov/webdata/ccgg/trends/co2/co2_mm_mlo.txt,1992-05-07,rule,2026-09-28,collectors/climate.py@2026-09-28,collector,"NOAA MLO monthly mean (co2_mm_mlo.txt, file created 2026-09-05)"
co2-mlo-monthly,1992-05,359.71,ppm,https://gml.noaa.gov/webdata/ccgg/trends/co2/co2_mm_mlo.txt,1992-06-07,rule,2026-09-28,collectors/climate.py@2026-09-28,collector,"NOAA MLO monthly mean (co2_mm_mlo.txt, file created 2026-09-05)"
co2-mlo-monthly,1992-06,359.44,ppm,https://gml.noaa.gov/webdata/ccgg/trends/co2/co2_mm_mlo.txt,1992-07-07,rule,2026-09-28,collectors/climate.py@2026-09-28,collector,"NOAA MLO monthly mean (co2_mm_mlo.txt, file created 2026-09-05)"
co2-mlo-monthly,1992-07,357.15,ppm,https://gml.noaa.gov/webdata/ccgg/trends/co2/co2_mm_mlo.txt,1992-08-07,rule,2026-09-28,collectors/climate.py@2026-09-28,collector,"NOAA MLO monthly mean (co2_mm_mlo.txt, file created 2026-09-05)"
co2-mlo-monthly,1992-08,354.99,ppm,https://gml.noaa.gov/webdata/ccgg/trends/co2/co2_mm_mlo.txt,1992-09-07,rule,2026-09-28,collectors/climate.py@2026-09-28,collector,"NOAA MLO monthly mean (co2_mm_mlo.txt, file created 2026-09-05)"
co2-mlo-monthly,1992-09,353.01,ppm,https://gml.noaa.gov/webdata/ccgg/trends/co2/co2_mm_mlo.txt,1992-10-07,rule,2026-09-28,collectors/climate.py@2026-09-28,collector,"NOAA MLO monthly mean (co2_mm_mlo.txt, file created 2026-09-05)"
co2-mlo-monthly,1992-10,353.40,ppm,https://gml.noaa.gov/webdata/ccgg/trends/co2/co2_mm_mlo.txt,1992-11-07,rule,2026-09-28,collectors/climate.py@2026-09-28,collector,"NOAA MLO monthly mean (co2_mm_mlo.txt, file created 2026-09-05)"
co2-mlo-monthly,1992-11,354.42,ppm,https://gml.noaa.gov/webdata/ccgg/trends/co2/co2_mm_mlo.txt,1992-12-07,rule,2026-09-28,collectors/climate.py@2026-09-28,collector,"NOAA MLO monthly mean (co2_mm_mlo.txt, file created 2026-09-05)"
co2-mlo-monthly,1992-12,355.68,ppm,https://gml.noaa.gov/webdata/ccgg/trends/co2/co2_mm_mlo.txt,1993-01-07,rule,2026-09-28,collectors/climate.py@2026-09-28,collector,"NOAA MLO monthly mean (co2_mm_mlo.txt, file created 2026-09-05)"
co2-mlo-monthly,1993-01,357.10,ppm,https://gml.noaa.gov/webdata/ccgg/trends/co2/co2_mm_mlo.txt,1993-02-07,rule,2026-09-28,collectors/climate.py@2026-09-28,collector,"NOAA MLO monthly mean (co2_mm_mlo.txt, file created 2026-09-05)"
co2-mlo-monthly,1993-02,357.42,ppm,https://gml.noaa.gov/webdata/ccgg/trends/co2/co2_mm_mlo.txt,1993-03-07,rule,2026-09-28,collectors/climate.py@2026-09-28,collector,"NOAA MLO monthly mean (co2_mm_mlo.txt, file created 2026-09-05)"
co2-mlo-monthly,1993-03,358.59,ppm,https://gml.noaa.gov/webdata/ccgg/trends/co2/co2_mm_mlo.txt,1993-04-07,rule,2026-09-28,collectors/climate.py@2026-09-28,collector,"NOAA MLO monthly mean (co2_mm_mlo.txt, file created 2026-09-05)"
co2-mlo-monthly,1993-04,359.39,ppm,https://gml.noaa.gov/webdata/ccgg/trends/co2/co2_mm_mlo.txt,1993-05-07,rule,2026-09-28,collectors/climate.py@2026-09-28,collector,"NOAA MLO monthly mean (co2_mm_mlo.txt, file created 2026-09-05)"
co2-mlo-monthly,1993-05,360.30,ppm,https://gml.noaa.gov/webdata/ccgg/trends/co2/co2_mm_mlo.txt,1993-06-07,rule,2026-09-28,collectors/climate.py@2026-09-28,collector,"NOAA MLO monthly mean (co2_mm_mlo.txt, file created 2026-09-05)"
co2-mlo-monthly,1993-06,359.64,ppm,https://gml.noaa.gov/webdata/ccgg/trends/co2/co2_mm_mlo.txt,1993-07-07,rule,2026-09-28,collectors/climate.py@2026-09-28,collector,"NOAA MLO monthly mean (co2_mm_mlo.txt, file created 2026-09-05)"
co2-mlo-monthly,1993-07,357.45,ppm,https://gml.noaa.gov/webdata/ccgg/trends/co2/co2_mm_mlo.txt,1993-08-07,rule,2026-09-28,collectors/climate.py@2026-09-28,collector,"NOAA MLO monthly mean (co2_mm_mlo.txt, file created 2026-09-05)"
co2-mlo-monthly,1993-08,355.76,ppm,https://gml.noaa.gov/webdata/ccgg/trends/co2/co2_mm_mlo.txt,1993-09-07,rule,2026-09-28,collectors/climate.py@2026-09-28,collector,"NOAA MLO monthly mean (co2_mm_mlo.txt, file created 2026-09-05)"
co2-mlo-monthly,1993-09,354.14,ppm,https://gml.noaa.gov/webdata/ccgg/trends/co2/co2_mm_mlo.txt,1993-10-07,rule,2026-09-28,collectors/climate.py@2026-09-28,collector,"NOAA MLO monthly mean (co2_mm_mlo.txt, file created 2026-09-05)"
co2-mlo-monthly,1993-10,354.23,ppm,https://gml.noaa.gov/webdata/ccgg/trends/co2/co2_mm_mlo.txt,1993-11-07,rule,2026-09-28,collectors/climate.py@2026-09-28,collector,"NOAA MLO monthly mean (co2_mm_mlo.txt, file created 2026-09-05)"
co2-mlo-monthly,1993-11,355.53,ppm,https://gml.noaa.gov/webdata/ccgg/trends/co2/co2_mm_mlo.txt,1993-12-07,rule,2026-09-28,collectors/climate.py@2026-09-28,collector,"NOAA MLO monthly mean (co2_mm_mlo.txt, file created 2026-09-05)"
co2-mlo-monthly,1993-12,357.03,ppm,https://gml.noaa.gov/webdata/ccgg/trends/co2/co2_mm_mlo.txt,1994-01-07,rule,2026-09-28,collectors/climate.py@2026-09-28,collector,"NOAA MLO monthly mean (co2_mm_mlo.txt, file created 2026-09-05)"
co2-mlo-monthly,1994-01,358.36,ppm,https://gml.noaa.gov/webdata/ccgg/trends/co2/co2_mm_mlo.txt,1994-02-07,rule,2026-09-28,collectors/climate.py@2026-09-28,collector,"NOAA MLO monthly mean (co2_mm_mlo.txt, file created 2026-09-05)"
co2-mlo-monthly,1994-02,359.04,ppm,https://gml.noaa.gov/webdata/ccgg/trends/co2/co2_mm_mlo.txt,1994-03-07,rule,2026-09-28,collectors/climate.py@2026-09-28,collector,"NOAA MLO monthly mean (co2_mm_mlo.txt, file created 2026-09-05)"
co2-mlo-monthly,1994-03,360.11,ppm,https://gml.noaa.gov/webdata/ccgg/trends/co2/co2_mm_mlo.txt,1994-04-07,rule,2026-09-28,collectors/climate.py@2026-09-28,collector,"NOAA MLO monthly mean (co2_mm_mlo.txt, file created 2026-09-05)"
co2-mlo-monthly,1994-04,361.36,ppm,https://gml.noaa.gov/webdata/ccgg/trends/co2/co2_mm_mlo.txt,1994-05-07,rule,2026-09-28,collectors/climate.py@2026-09-28,collector,"NOAA MLO monthly mean (co2_mm_mlo.txt, file created 2026-09-05)"
co2-mlo-monthly,1994-05,361.78,ppm,https://gml.noaa.gov/webdata/ccgg/trends/co2/co2_mm_mlo.txt,1994-06-07,rule,2026-09-28,collectors/climate.py@2026-09-28,collector,"NOAA MLO monthly mean (co2_mm_mlo.txt, file created 2026-09-05)"
co2-mlo-monthly,1994-06,360.94,ppm,https://gml.noaa.gov/webdata/ccgg/trends/co2/co2_mm_mlo.txt,1994-07-07,rule,2026-09-28,collectors/climate.py@2026-09-28,collector,"NOAA MLO monthly mean (co2_mm_mlo.txt, file created 2026-09-05)"
co2-mlo-monthly,1994-07,359.51,ppm,https://gml.noaa.gov/webdata/ccgg/trends/co2/co2_mm_mlo.txt,1994-08-07,rule,2026-09-28,collectors/climate.py@2026-09-28,collector,"NOAA MLO monthly mean (co2_mm_mlo.txt, file created 2026-09-05)"
co2-mlo-monthly,1994-08,357.59,ppm,https://gml.noaa.gov/webdata/ccgg/trends/co2/co2_mm_mlo.txt,1994-09-07,rule,2026-09-28,collectors/climate.py@2026-09-28,collector,"NOAA MLO monthly mean (co2_mm_mlo.txt, file created 2026-09-05)"
co2-mlo-monthly,1994-09,355.86,ppm,https://gml.noaa.gov/webdata/ccgg/trends/co2/co2_mm_mlo.txt,1994-10-07,rule,2026-09-28,collectors/climate.py@2026-09-28,collector,"NOAA MLO monthly mean (co2_mm_mlo.txt, file created 2026-09-05)"
co2-mlo-monthly,1994-10,356.21,ppm,https://gml.noaa.gov/webdata/ccgg/trends/co2/co2_mm_mlo.txt,1994-11-07,rule,2026-09-28,collectors/climate.py@2026-09-28,collector,"NOAA MLO monthly mean (co2_mm_mlo.txt, file created 2026-09-05)"
co2-mlo-monthly,1994-11,357.65,ppm,https://gml.noaa.gov/webdata/ccgg/trends/co2/co2_mm_mlo.txt,1994-12-07,rule,2026-09-28,collectors/climate.py@2026-09-28,collector,"NOAA MLO monthly mean (co2_mm_mlo.txt, file created 2026-09-05)"
co2-mlo-monthly,1994-12,359.10,ppm,https://gml.noaa.gov/webdata/ccgg/trends/co2/co2_mm_mlo.txt,1995-01-07,rule,2026-09-28,collectors/climate.py@2026-09-28,collector,"NOAA MLO monthly mean (co2_mm_mlo.txt, file created 2026-09-05)"
co2-mlo-monthly,1995-01,360.04,ppm,https://gml.noaa.gov/webdata/ccgg/trends/co2/co2_mm_mlo.txt,1995-02-07,rule,2026-09-28,collectors/climate.py@2026-09-28,collector,"NOAA MLO monthly mean (co2_mm_mlo.txt, file created 2026-09-05)"
co2-mlo-monthly,1995-02,361.00,ppm,https://gml.noaa.gov/webdata/ccgg/trends/co2/co2_mm_mlo.txt,1995-03-07,rule,2026-09-28,collectors/climate.py@2026-09-28,collector,"NOAA MLO monthly mean (co2_mm_mlo.txt, file created 2026-09-05)"
co2-mlo-monthly,1995-03,361.98,ppm,https://gml.noaa.gov/webdata/ccgg/trends/co2/co2_mm_mlo.txt,1995-04-07,rule,2026-09-28,collectors/climate.py@2026-09-28,collector,"NOAA MLO monthly mean (co2_mm_mlo.txt, file created 2026-09-05)"
co2-mlo-monthly,1995-04,363.44,ppm,https://gml.noaa.gov/webdata/ccgg/trends/co2/co2_mm_mlo.txt,1995-05-07,rule,2026-09-28,collectors/climate.py@2026-09-28,collector,"NOAA MLO monthly mean (co2_mm_mlo.txt, file created 2026-09-05)"
co2-mlo-monthly,1995-05,363.83,ppm,https://gml.noaa.gov/webdata/ccgg/trends/co2/co2_mm_mlo.txt,1995-06-07,rule,2026-09-28,collectors/climate.py@2026-09-28,collector,"NOAA MLO monthly mean (co2_mm_mlo.txt, file created 2026-09-05)"
co2-mlo-monthly,1995-06,363.33,ppm,https://gml.noaa.gov/webdata/ccgg/trends/co2/co2_mm_mlo.txt,1995-07-07,rule,2026-09-28,collectors/climate.py@2026-09-28,collector,"NOAA MLO monthly mean (co2_mm_mlo.txt, file created 2026-09-05)"
co2-mlo-monthly,1995-07,361.78,ppm,https://gml.noaa.gov/webdata/ccgg/trends/co2/co2_mm_mlo.txt,1995-08-07,rule,2026-09-28,collectors/climate.py@2026-09-28,collector,"NOAA MLO monthly mean (co2_mm_mlo.txt, file created 2026-09-05)"
co2-mlo-monthly,1995-08,359.33,ppm,https://gml.noaa.gov/webdata/ccgg/trends/co2/co2_mm_mlo.txt,1995-09-07,rule,2026-09-28,collectors/climate.py@2026-09-28,collector,"NOAA MLO monthly mean (co2_mm_mlo.txt, file created 2026-09-05)"
co2-mlo-monthly,1995-09,358.32,ppm,https://gml.noaa.gov/webdata/ccgg/trends/co2/co2_mm_mlo.txt,1995-10-07,rule,2026-09-28,collectors/climate.py@2026-09-28,collector,"NOAA MLO monthly mean (co2_mm_mlo.txt, file created 2026-09-05)"
co2-mlo-monthly,1995-10,358.14,ppm,https://gml.noaa.gov/webdata/ccgg/trends/co2/co2_mm_mlo.txt,1995-11-07,rule,2026-09-28,collectors/climate.py@2026-09-28,collector,"NOAA MLO monthly mean (co2_mm_mlo.txt, file created 2026-09-05)"
co2-mlo-monthly,1995-11,359.61,ppm,https://gml.noaa.gov/webdata/ccgg/trends/co2/co2_mm_mlo.txt,1995-12-07,rule,2026-09-28,collectors/climate.py@2026-09-28,collector,"NOAA MLO monthly mean (co2_mm_mlo.txt, file created 2026-09-05)"
co2-mlo-monthly,1995-12,360.82,ppm,https://gml.noaa.gov/webdata/ccgg/trends/co2/co2_mm_mlo.txt,1996-01-07,rule,2026-09-28,collectors/climate.py@2026-09-28,collector,"NOAA MLO monthly mean (co2_mm_mlo.txt, file created 2026-09-05)"
co2-mlo-monthly,1996-01,362.20,ppm,https://gml.noaa.gov/webdata/ccgg/trends/co2/co2_mm_mlo.txt,1996-02-07,rule,2026-09-28,collectors/climate.py@2026-09-28,collector,"NOAA MLO monthly mean (co2_mm_mlo.txt, file created 2026-09-05)"
co2-mlo-monthly,1996-02,363.36,ppm,https://gml.noaa.gov/webdata/ccgg/trends/co2/co2_mm_mlo.txt,1996-03-07,rule,2026-09-28,collectors/climate.py@2026-09-28,collector,"NOAA MLO monthly mean (co2_mm_mlo.txt, file created 2026-09-05)"
co2-mlo-monthly,1996-03,364.28,ppm,https://gml.noaa.gov/webdata/ccgg/trends/co2/co2_mm_mlo.txt,1996-04-07,rule,2026-09-28,collectors/climate.py@2026-09-28,collector,"NOAA MLO monthly mean (co2_mm_mlo.txt, file created 2026-09-05)"
co2-mlo-monthly,1996-04,364.69,ppm,https://gml.noaa.gov/webdata/ccgg/trends/co2/co2_mm_mlo.txt,1996-05-07,rule,2026-09-28,collectors/climate.py@2026-09-28,collector,"NOAA MLO monthly mean (co2_mm_mlo.txt, file created 2026-09-05)"
co2-mlo-monthly,1996-05,365.25,ppm,https://gml.noaa.gov/webdata/ccgg/trends/co2/co2_mm_mlo.txt,1996-06-07,rule,2026-09-28,collectors/climate.py@2026-09-28,collector,"NOAA MLO monthly mean (co2_mm_mlo.txt, file created 2026-09-05)"
co2-mlo-monthly,1996-06,365.06,ppm,https://gml.noaa.gov/webdata/ccgg/trends/co2/co2_mm_mlo.txt,1996-07-07,rule,2026-09-28,collectors/climate.py@2026-09-28,collector,"NOAA MLO monthly mean (co2_mm_mlo.txt, file created 2026-09-05)"
co2-mlo-monthly,1996-07,363.69,ppm,https://gml.noaa.gov/webdata/ccgg/trends/co2/co2_mm_mlo.txt,1996-08-07,rule,2026-09-28,collectors/climate.py@2026-09-28,collector,"NOAA MLO monthly mean (co2_mm_mlo.txt, file created 2026-09-05)"
co2-mlo-monthly,1996-08,361.55,ppm,https://gml.noaa.gov/webdata/ccgg/trends/co2/co2_mm_mlo.txt,1996-09-07,rule,2026-09-28,collectors/climate.py@2026-09-28,collector,"NOAA MLO monthly mean (co2_mm_mlo.txt, file created 2026-09-05)"
co2-mlo-monthly,1996-09,359.69,ppm,https://gml.noaa.gov/webdata/ccgg/trends/co2/co2_mm_mlo.txt,1996-10-07,rule,2026-09-28,collectors/climate.py@2026-09-28,collector,"NOAA MLO monthly mean (co2_mm_mlo.txt, file created 2026-09-05)"
co2-mlo-monthly,1996-10,359.72,ppm,https://gml.noaa.gov/webdata/ccgg/trends/co2/co2_mm_mlo.txt,1996-11-07,rule,2026-09-28,collectors/climate.py@2026-09-28,collector,"NOAA MLO monthly mean (co2_mm_mlo.txt, file created 2026-09-05)"
co2-mlo-monthly,1996-11,361.04,ppm,https://gml.noaa.gov/webdata/ccgg/trends/co2/co2_mm_mlo.txt,1996-12-07,rule,2026-09-28,collectors/climate.py@2026-09-28,collector,"NOAA MLO monthly mean (co2_mm_mlo.txt, file created 2026-09-05)"
co2-mlo-monthly,1996-12,362.39,ppm,https://gml.noaa.gov/webdata/ccgg/trends/co2/co2_mm_mlo.txt,1997-01-07,rule,2026-09-28,collectors/climate.py@2026-09-28,collector,"NOAA MLO monthly mean (co2_mm_mlo.txt, file created 2026-09-05)"
co2-mlo-monthly,1997-01,363.24,ppm,https://gml.noaa.gov/webdata/ccgg/trends/co2/co2_mm_mlo.txt,1997-02-07,rule,2026-09-28,collectors/climate.py@2026-09-28,collector,"NOAA MLO monthly mean (co2_mm_mlo.txt, file created 2026-09-05)"
co2-mlo-monthly,1997-02,364.21,ppm,https://gml.noaa.gov/webdata/ccgg/trends/co2/co2_mm_mlo.txt,1997-03-07,rule,2026-09-28,collectors/climate.py@2026-09-28,collector,"NOAA MLO monthly mean (co2_mm_mlo.txt, file created 2026-09-05)"
co2-mlo-monthly,1997-03,364.65,ppm,https://gml.noaa.gov/webdata/ccgg/trends/co2/co2_mm_mlo.txt,1997-04-07,rule,2026-09-28,collectors/climate.py@2026-09-28,collector,"NOAA MLO monthly mean (co2_mm_mlo.txt, file created 2026-09-05)"
co2-mlo-monthly,1997-04,366.49,ppm,https://gml.noaa.gov/webdata/ccgg/trends/co2/co2_mm_mlo.txt,1997-05-07,rule,2026-09-28,collectors/climate.py@2026-09-28,collector,"NOAA MLO monthly mean (co2_mm_mlo.txt, file created 2026-09-05)"
co2-mlo-monthly,1997-05,366.77,ppm,https://gml.noaa.gov/webdata/ccgg/trends/co2/co2_mm_mlo.txt,1997-06-07,rule,2026-09-28,collectors/climate.py@2026-09-28,collector,"NOAA MLO monthly mean (co2_mm_mlo.txt, file created 2026-09-05)"
co2-mlo-monthly,1997-06,365.73,ppm,https://gml.noaa.gov/webdata/ccgg/trends/co2/co2_mm_mlo.txt,1997-07-07,rule,2026-09-28,collectors/climate.py@2026-09-28,collector,"NOAA MLO monthly mean (co2_mm_mlo.txt, file created 2026-09-05)"
co2-mlo-monthly,1997-07,364.46,ppm,https://gml.noaa.gov/webdata/ccgg/trends/co2/co2_mm_mlo.txt,1997-08-07,rule,2026-09-28,collectors/climate.py@2026-09-28,collector,"NOAA MLO monthly mean (co2_mm_mlo.txt, file created 2026-09-05)"
co2-mlo-monthly,1997-08,362.40,ppm,https://gml.noaa.gov/webdata/ccgg/trends/co2/co2_mm_mlo.txt,1997-09-07,rule,2026-09-28,collectors/climate.py@2026-09-28,collector,"NOAA MLO monthly mean (co2_mm_mlo.txt, file created 2026-09-05)"
co2-mlo-monthly,1997-09,360.44,ppm,https://gml.noaa.gov/webdata/ccgg/trends/co2/co2_mm_mlo.txt,1997-10-07,rule,2026-09-28,collectors/climate.py@2026-09-28,collector,"NOAA MLO monthly mean (co2_mm_mlo.txt, file created 2026-09-05)"
co2-mlo-monthly,1997-10,360.97,ppm,https://gml.noaa.gov/webdata/ccgg/trends/co2/co2_mm_mlo.txt,1997-11-07,rule,2026-09-28,collectors/climate.py@2026-09-28,collector,"NOAA MLO monthly mean (co2_mm_mlo.txt, file created 2026-09-05)"
co2-mlo-monthly,1997-11,362.65,ppm,https://gml.noaa.gov/webdata/ccgg/trends/co2/co2_mm_mlo.txt,1997-12-07,rule,2026-09-28,collectors/climate.py@2026-09-28,collector,"NOAA MLO monthly mean (co2_mm_mlo.txt, file created 2026-09-05)"
co2-mlo-monthly,1997-12,364.51,ppm,https://gml.noaa.gov/webdata/ccgg/trends/co2/co2_mm_mlo.txt,1998-01-07,rule,2026-09-28,collectors/climate.py@2026-09-28,collector,"NOAA MLO monthly mean (co2_mm_mlo.txt, file created 2026-09-05)"
co2-mlo-monthly,1998-01,365.39,ppm,https://gml.noaa.gov/webdata/ccgg/trends/co2/co2_mm_mlo.txt,1998-02-07,rule,2026-09-28,collectors/climate.py@2026-09-28,collector,"NOAA MLO monthly mean (co2_mm_mlo.txt, file created 2026-09-05)"
co2-mlo-monthly,1998-02,366.10,ppm,https://gml.noaa.gov/webdata/ccgg/trends/co2/co2_mm_mlo.txt,1998-03-07,rule,2026-09-28,collectors/climate.py@2026-09-28,collector,"NOAA MLO monthly mean (co2_mm_mlo.txt, file created 2026-09-05)"
co2-mlo-monthly,1998-03,367.36,ppm,https://gml.noaa.gov/webdata/ccgg/trends/co2/co2_mm_mlo.txt,1998-04-07,rule,2026-09-28,collectors/climate.py@2026-09-28,collector,"NOAA MLO monthly mean (co2_mm_mlo.txt, file created 2026-09-05)"
co2-mlo-monthly,1998-04,368.79,ppm,https://gml.noaa.gov/webdata/ccgg/trends/co2/co2_mm_mlo.txt,1998-05-07,rule,2026-09-28,collectors/climate.py@2026-09-28,collector,"NOAA MLO monthly mean (co2_mm_mlo.txt, file created 2026-09-05)"
co2-mlo-monthly,1998-05,369.56,ppm,https://gml.noaa.gov/webdata/ccgg/trends/co2/co2_mm_mlo.txt,1998-06-07,rule,2026-09-28,collectors/climate.py@2026-09-28,collector,"NOAA MLO monthly mean (co2_mm_mlo.txt, file created 2026-09-05)"
co2-mlo-monthly,1998-06,369.13,ppm,https://gml.noaa.gov/webdata/ccgg/trends/co2/co2_mm_mlo.txt,1998-07-07,rule,2026-09-28,collectors/climate.py@2026-09-28,collector,"NOAA MLO monthly mean (co2_mm_mlo.txt, file created 2026-09-05)"
co2-mlo-monthly,1998-07,367.98,ppm,https://gml.noaa.gov/webdata/ccgg/trends/co2/co2_mm_mlo.txt,1998-08-07,rule,2026-09-28,collectors/climate.py@2026-09-28,collector,"NOAA MLO monthly mean (co2_mm_mlo.txt, file created 2026-09-05)"
co2-mlo-monthly,1998-08,366.10,ppm,https://gml.noaa.gov/webdata/ccgg/trends/co2/co2_mm_mlo.txt,1998-09-07,rule,2026-09-28,collectors/climate.py@2026-09-28,collector,"NOAA MLO monthly mean (co2_mm_mlo.txt, file created 2026-09-05)"
co2-mlo-monthly,1998-09,364.16,ppm,https://gml.noaa.gov/webdata/ccgg/trends/co2/co2_mm_mlo.txt,1998-10-07,rule,2026-09-28,collectors/climate.py@2026-09-28,collector,"NOAA MLO monthly mean (co2_mm_mlo.txt, file created 2026-09-05)"
co2-mlo-monthly,1998-10,364.54,ppm,https://gml.noaa.gov/webdata/ccgg/trends/co2/co2_mm_mlo.txt,1998-11-07,rule,2026-09-28,collectors/climate.py@2026-09-28,collector,"NOAA MLO monthly mean (co2_mm_mlo.txt, file created 2026-09-05)"
co2-mlo-monthly,1998-11,365.67,ppm,https://gml.noaa.gov/webdata/ccgg/trends/co2/co2_mm_mlo.txt,1998-12-07,rule,2026-09-28,collectors/climate.py@2026-09-28,collector,"NOAA MLO monthly mean (co2_mm_mlo.txt, file created 2026-09-05)"
co2-mlo-monthly,1998-12,367.30,ppm,https://gml.noaa.gov/webdata/ccgg/trends/co2/co2_mm_mlo.txt,1999-01-07,rule,2026-09-28,collectors/climate.py@2026-09-28,collector,"NOAA MLO monthly mean (co2_mm_mlo.txt, file created 2026-09-05)"
co2-mlo-monthly,1999-01,368.35,ppm,https://gml.noaa.gov/webdata/ccgg/trends/co2/co2_mm_mlo.txt,1999-02-07,rule,2026-09-28,collectors/climate.py@2026-09-28,collector,"NOAA MLO monthly mean (co2_mm_mlo.txt, file created 2026-09-05)"
co2-mlo-monthly,1999-02,369.28,ppm,https://gml.noaa.gov/webdata/ccgg/trends/co2/co2_mm_mlo.txt,1999-03-07,rule,2026-09-28,collectors/climate.py@2026-09-28,collector,"NOAA MLO monthly mean (co2_mm_mlo.txt, file created 2026-09-05)"
co2-mlo-monthly,1999-03,369.84,ppm,https://gml.noaa.gov/webdata/ccgg/trends/co2/co2_mm_mlo.txt,1999-04-07,rule,2026-09-28,collectors/climate.py@2026-09-28,collector,"NOAA MLO monthly mean (co2_mm_mlo.txt, file created 2026-09-05)"
co2-mlo-monthly,1999-04,371.15,ppm,https://gml.noaa.gov/webdata/ccgg/trends/co2/co2_mm_mlo.txt,1999-05-07,rule,2026-09-28,collectors/climate.py@2026-09-28,collector,"NOAA MLO monthly mean (co2_mm_mlo.txt, file created 2026-09-05)"
co2-mlo-monthly,1999-05,371.12,ppm,https://gml.noaa.gov/webdata/ccgg/trends/co2/co2_mm_mlo.txt,1999-06-07,rule,2026-09-28,collectors/climate.py@2026-09-28,collector,"NOAA MLO monthly mean (co2_mm_mlo.txt, file created 2026-09-05)"
co2-mlo-monthly,1999-06,370.46,ppm,https://gml.noaa.gov/webdata/ccgg/trends/co2/co2_mm_mlo.txt,1999-07-07,rule,2026-09-28,collectors/climate.py@2026-09-28,collector,"NOAA MLO monthly mean (co2_mm_mlo.txt, file created 2026-09-05)"
co2-mlo-monthly,1999-07,369.61,ppm,https://gml.noaa.gov/webdata/ccgg/trends/co2/co2_mm_mlo.txt,1999-08-07,rule,2026-09-28,collectors/climate.py@2026-09-28,collector,"NOAA MLO monthly mean (co2_mm_mlo.txt, file created 2026-09-05)"
co2-mlo-monthly,1999-08,367.06,ppm,https://gml.noaa.gov/webdata/ccgg/trends/co2/co2_mm_mlo.txt,1999-09-07,rule,2026-09-28,collectors/climate.py@2026-09-28,collector,"NOAA MLO monthly mean (co2_mm_mlo.txt, file created 2026-09-05)"
co2-mlo-monthly,1999-09,364.95,ppm,https://gml.noaa.gov/webdata/ccgg/trends/co2/co2_mm_mlo.txt,1999-10-07,rule,2026-09-28,collectors/climate.py@2026-09-28,collector,"NOAA MLO monthly mean (co2_mm_mlo.txt, file created 2026-09-05)"
co2-mlo-monthly,1999-10,365.52,ppm,https://gml.noaa.gov/webdata/ccgg/trends/co2/co2_mm_mlo.txt,1999-11-07,rule,2026-09-28,collectors/climate.py@2026-09-28,collector,"NOAA MLO monthly mean (co2_mm_mlo.txt, file created 2026-09-05)"
co2-mlo-monthly,1999-11,366.88,ppm,https://gml.noaa.gov/webdata/ccgg/trends/co2/co2_mm_mlo.txt,1999-12-07,rule,2026-09-28,collectors/climate.py@2026-09-28,collector,"NOAA MLO monthly mean (co2_mm_mlo.txt, file created 2026-09-05)"
co2-mlo-monthly,1999-12,368.26,ppm,https://gml.noaa.gov/webdata/ccgg/trends/co2/co2_mm_mlo.txt,2000-01-07,rule,2026-09-28,collectors/climate.py@2026-09-28,collector,"NOAA MLO monthly mean (co2_mm_mlo.txt, file created 2026-09-05)"
co2-mlo-monthly,2000-01,369.45,ppm,https://gml.noaa.gov/webdata/ccgg/trends/co2/co2_mm_mlo.txt,2000-02-07,rule,2026-09-28,collectors/climate.py@2026-09-28,collector,"NOAA MLO monthly mean (co2_mm_mlo.txt, file created 2026-09-05)"
co2-mlo-monthly,2000-02,369.71,ppm,https://gml.noaa.gov/webdata/ccgg/trends/co2/co2_mm_mlo.txt,2000-03-07,rule,2026-09-28,collectors/climate.py@2026-09-28,collector,"NOAA MLO monthly mean (co2_mm_mlo.txt, file created 2026-09-05)"
co2-mlo-monthly,2000-03,370.75,ppm,https://gml.noaa.gov/webdata/ccgg/trends/co2/co2_mm_mlo.txt,2000-04-07,rule,2026-09-28,collectors/climate.py@2026-09-28,collector,"NOAA MLO monthly mean (co2_mm_mlo.txt, file created 2026-09-05)"
co2-mlo-monthly,2000-04,371.98,ppm,https://gml.noaa.gov/webdata/ccgg/trends/co2/co2_mm_mlo.txt,2000-05-07,rule,2026-09-28,collectors/climate.py@2026-09-28,collector,"NOAA MLO monthly mean (co2_mm_mlo.txt, file created 2026-09-05)"
co2-mlo-monthly,2000-05,371.75,ppm,https://gml.noaa.gov/webdata/ccgg/trends/co2/co2_mm_mlo.txt,2000-06-07,rule,2026-09-28,collectors/climate.py@2026-09-28,collector,"NOAA MLO monthly mean (co2_mm_mlo.txt, file created 2026-09-05)"
co2-mlo-monthly,2000-06,371.87,ppm,https://gml.noaa.gov/webdata/ccgg/trends/co2/co2_mm_mlo.txt,2000-07-07,rule,2026-09-28,collectors/climate.py@2026-09-28,collector,"NOAA MLO monthly mean (co2_mm_mlo.txt, file created 2026-09-05)"
co2-mlo-monthly,2000-07,370.02,ppm,https://gml.noaa.gov/webdata/ccgg/trends/co2/co2_mm_mlo.txt,2000-08-07,rule,2026-09-28,collectors/climate.py@2026-09-28,collector,"NOAA MLO monthly mean (co2_mm_mlo.txt, file created 2026-09-05)"
co2-mlo-monthly,2000-08,368.27,ppm,https://gml.noaa.gov/webdata/ccgg/trends/co2/co2_mm_mlo.txt,2000-09-07,rule,2026-09-28,collectors/climate.py@2026-09-28,collector,"NOAA MLO monthly mean (co2_mm_mlo.txt, file created 2026-09-05)"
co2-mlo-monthly,2000-09,367.15,ppm,https://gml.noaa.gov/webdata/ccgg/trends/co2/co2_mm_mlo.txt,2000-10-07,rule,2026-09-28,collectors/climate.py@2026-09-28,collector,"NOAA MLO monthly mean (co2_mm_mlo.txt, file created 2026-09-05)"
co2-mlo-monthly,2000-10,367.18,ppm,https://gml.noaa.gov/webdata/ccgg/trends/co2/co2_mm_mlo.txt,2000-11-07,rule,2026-09-28,collectors/climate.py@2026-09-28,collector,"NOAA MLO monthly mean (co2_mm_mlo.txt, file created 2026-09-05)"
co2-mlo-monthly,2000-11,368.53,ppm,https://gml.noaa.gov/webdata/ccgg/trends/co2/co2_mm_mlo.txt,2000-12-07,rule,2026-09-28,collectors/climate.py@2026-09-28,collector,"NOAA MLO monthly mean (co2_mm_mlo.txt, file created 2026-09-05)"
co2-mlo-monthly,2000-12,369.83,ppm,https://gml.noaa.gov/webdata/ccgg/trends/co2/co2_mm_mlo.txt,2001-01-07,rule,2026-09-28,collectors/climate.py@2026-09-28,collector,"NOAA MLO monthly mean (co2_mm_mlo.txt, file created 2026-09-05)"
co2-mlo-monthly,2001-01,370.76,ppm,https://gml.noaa.gov/webdata/ccgg/trends/co2/co2_mm_mlo.txt,2001-02-07,rule,2026-09-28,collectors/climate.py@2026-09-28,collector,"NOAA MLO monthly mean (co2_mm_mlo.txt, file created 2026-09-05)"
co2-mlo-monthly,2001-02,371.69,ppm,https://gml.noaa.gov/webdata/ccgg/trends/co2/co2_mm_mlo.txt,2001-03-07,rule,2026-09-28,collectors/climate.py@2026-09-28,collector,"NOAA MLO monthly mean (co2_mm_mlo.txt, file created 2026-09-05)"
co2-mlo-monthly,2001-03,372.63,ppm,https://gml.noaa.gov/webdata/ccgg/trends/co2/co2_mm_mlo.txt,2001-04-07,rule,2026-09-28,collectors/climate.py@2026-09-28,collector,"NOAA MLO monthly mean (co2_mm_mlo.txt, file created 2026-09-05)"
co2-mlo-monthly,2001-04,373.55,ppm,https://gml.noaa.gov/webdata/ccgg/trends/co2/co2_mm_mlo.txt,2001-05-07,rule,2026-09-28,collectors/climate.py@2026-09-28,collector,"NOAA MLO monthly mean (co2_mm_mlo.txt, file created 2026-09-05)"
co2-mlo-monthly,2001-05,374.03,ppm,https://gml.noaa.gov/webdata/ccgg/trends/co2/co2_mm_mlo.txt,2001-06-07,rule,2026-09-28,collectors/climate.py@2026-09-28,collector,"NOAA MLO monthly mean (co2_mm_mlo.txt, file created 2026-09-05)"
co2-mlo-monthly,2001-06,373.40,ppm,https://gml.noaa.gov/webdata/ccgg/trends/co2/co2_mm_mlo.txt,2001-07-07,rule,2026-09-28,collectors/climate.py@2026-09-28,collector,"NOAA MLO monthly mean (co2_mm_mlo.txt, file created 2026-09-05)"
co2-mlo-monthly,2001-07,371.68,ppm,https://gml.noaa.gov/webdata/ccgg/trends/co2/co2_mm_mlo.txt,2001-08-07,rule,2026-09-28,collectors/climate.py@2026-09-28,collector,"NOAA MLO monthly mean (co2_mm_mlo.txt, file created 2026-09-05)"
co2-mlo-monthly,2001-08,369.78,ppm,https://gml.noaa.gov/webdata/ccgg/trends/co2/co2_mm_mlo.txt,2001-09-07,rule,2026-09-28,collectors/climate.py@2026-09-28,collector,"NOAA MLO monthly mean (co2_mm_mlo.txt, file created 2026-09-05)"
co2-mlo-monthly,2001-09,368.34,ppm,https://gml.noaa.gov/webdata/ccgg/trends/co2/co2_mm_mlo.txt,2001-10-07,rule,2026-09-28,collectors/climate.py@2026-09-28,collector,"NOAA MLO monthly mean (co2_mm_mlo.txt, file created 2026-09-05)"
co2-mlo-monthly,2001-10,368.61,ppm,https://gml.noaa.gov/webdata/ccgg/trends/co2/co2_mm_mlo.txt,2001-11-07,rule,2026-09-28,collectors/climate.py@2026-09-28,collector,"NOAA MLO monthly mean (co2_mm_mlo.txt, file created 2026-09-05)"
co2-mlo-monthly,2001-11,369.94,ppm,https://gml.noaa.gov/webdata/ccgg/trends/co2/co2_mm_mlo.txt,2001-12-07,rule,2026-09-28,collectors/climate.py@2026-09-28,collector,"NOAA MLO monthly mean (co2_mm_mlo.txt, file created 2026-09-05)"
co2-mlo-monthly,2001-12,371.42,ppm,https://gml.noaa.gov/webdata/ccgg/trends/co2/co2_mm_mlo.txt,2002-01-07,rule,2026-09-28,collectors/climate.py@2026-09-28,collector,"NOAA MLO monthly mean (co2_mm_mlo.txt, file created 2026-09-05)"
co2-mlo-monthly,2002-01,372.70,ppm,https://gml.noaa.gov/webdata/ccgg/trends/co2/co2_mm_mlo.txt,2002-02-07,rule,2026-09-28,collectors/climate.py@2026-09-28,collector,"NOAA MLO monthly mean (co2_mm_mlo.txt, file created 2026-09-05)"
co2-mlo-monthly,2002-02,373.37,ppm,https://gml.noaa.gov/webdata/ccgg/trends/co2/co2_mm_mlo.txt,2002-03-07,rule,2026-09-28,collectors/climate.py@2026-09-28,collector,"NOAA MLO monthly mean (co2_mm_mlo.txt, file created 2026-09-05)"
co2-mlo-monthly,2002-03,374.30,ppm,https://gml.noaa.gov/webdata/ccgg/trends/co2/co2_mm_mlo.txt,2002-04-07,rule,2026-09-28,collectors/climate.py@2026-09-28,collector,"NOAA MLO monthly mean (co2_mm_mlo.txt, file created 2026-09-05)"
co2-mlo-monthly,2002-04,375.19,ppm,https://gml.noaa.gov/webdata/ccgg/trends/co2/co2_mm_mlo.txt,2002-05-07,rule,2026-09-28,collectors/climate.py@2026-09-28,collector,"NOAA MLO monthly mean (co2_mm_mlo.txt, file created 2026-09-05)"
co2-mlo-monthly,2002-05,375.93,ppm,https://gml.noaa.gov/webdata/ccgg/trends/co2/co2_mm_mlo.txt,2002-06-07,rule,2026-09-28,collectors/climate.py@2026-09-28,collector,"NOAA MLO monthly mean (co2_mm_mlo.txt, file created 2026-09-05)"
co2-mlo-monthly,2002-06,375.69,ppm,https://gml.noaa.gov/webdata/ccgg/trends/co2/co2_mm_mlo.txt,2002-07-07,rule,2026-09-28,collectors/climate.py@2026-09-28,collector,"NOAA MLO monthly mean (co2_mm_mlo.txt, file created 2026-09-05)"
co2-mlo-monthly,2002-07,374.16,ppm,https://gml.noaa.gov/webdata/ccgg/trends/co2/co2_mm_mlo.txt,2002-08-07,rule,2026-09-28,collectors/climate.py@2026-09-28,collector,"NOAA MLO monthly mean (co2_mm_mlo.txt, file created 2026-09-05)"
co2-mlo-monthly,2002-08,372.03,ppm,https://gml.noaa.gov/webdata/ccgg/trends/co2/co2_mm_mlo.txt,2002-09-07,rule,2026-09-28,collectors/climate.py@2026-09-28,collector,"NOAA MLO monthly mean (co2_mm_mlo.txt, file created 2026-09-05)"
co2-mlo-monthly,2002-09,370.92,ppm,https://gml.noaa.gov/webdata/ccgg/trends/co2/co2_mm_mlo.txt,2002-10-07,rule,2026-09-28,collectors/climate.py@2026-09-28,collector,"NOAA MLO monthly mean (co2_mm_mlo.txt, file created 2026-09-05)"
co2-mlo-monthly,2002-10,370.73,ppm,https://gml.noaa.gov/webdata/ccgg/trends/co2/co2_mm_mlo.txt,2002-11-07,rule,2026-09-28,collectors/climate.py@2026-09-28,collector,"NOAA MLO monthly mean (co2_mm_mlo.txt, file created 2026-09-05)"
co2-mlo-monthly,2002-11,372.43,ppm,https://gml.noaa.gov/webdata/ccgg/trends/co2/co2_mm_mlo.txt,2002-12-07,rule,2026-09-28,collectors/climate.py@2026-09-28,collector,"NOAA MLO monthly mean (co2_mm_mlo.txt, file created 2026-09-05)"
co2-mlo-monthly,2002-12,373.98,ppm,https://gml.noaa.gov/webdata/ccgg/trends/co2/co2_mm_mlo.txt,2003-01-07,rule,2026-09-28,collectors/climate.py@2026-09-28,collector,"NOAA MLO monthly mean (co2_mm_mlo.txt, file created 2026-09-05)"
co2-mlo-monthly,2003-01,375.07,ppm,https://gml.noaa.gov/webdata/ccgg/trends/co2/co2_mm_mlo.txt,2003-02-07,rule,2026-09-28,collectors/climate.py@2026-09-28,collector,"NOAA MLO monthly mean (co2_mm_mlo.txt, file created 2026-09-05)"
co2-mlo-monthly,2003-02,375.82,ppm,https://gml.noaa.gov/webdata/ccgg/trends/co2/co2_mm_mlo.txt,2003-03-07,rule,2026-09-28,collectors/climate.py@2026-09-28,collector,"NOAA MLO monthly mean (co2_mm_mlo.txt, file created 2026-09-05)"
co2-mlo-monthly,2003-03,376.64,ppm,https://gml.noaa.gov/webdata/ccgg/trends/co2/co2_mm_mlo.txt,2003-04-07,rule,2026-09-28,collectors/climate.py@2026-09-28,collector,"NOAA MLO monthly mean (co2_mm_mlo.txt, file created 2026-09-05)"
co2-mlo-monthly,2003-04,377.92,ppm,https://gml.noaa.gov/webdata/ccgg/trends/co2/co2_mm_mlo.txt,2003-05-07,rule,2026-09-28,collectors/climate.py@2026-09-28,collector,"NOAA MLO monthly mean (co2_mm_mlo.txt, file created 2026-09-05)"
co2-mlo-monthly,2003-05,378.78,ppm,https://gml.noaa.gov/webdata/ccgg/trends/co2/co2_mm_mlo.txt,2003-06-07,rule,2026-09-28,collectors/climate.py@2026-09-28,collector,"NOAA MLO monthly mean (co2_mm_mlo.txt, file created 2026-09-05)"
co2-mlo-monthly,2003-06,378.46,ppm,https://gml.noaa.gov/webdata/ccgg/trends/co2/co2_mm_mlo.txt,2003-07-07,rule,2026-09-28,collectors/climate.py@2026-09-28,collector,"NOAA MLO monthly mean (co2_mm_mlo.txt, file created 2026-09-05)"
co2-mlo-monthly,2003-07,376.88,ppm,https://gml.noaa.gov/webdata/ccgg/trends/co2/co2_mm_mlo.txt,2003-08-07,rule,2026-09-28,collectors/climate.py@2026-09-28,collector,"NOAA MLO monthly mean (co2_mm_mlo.txt, file created 2026-09-05)"
co2-mlo-monthly,2003-08,374.57,ppm,https://gml.noaa.gov/webdata/ccgg/trends/co2/co2_mm_mlo.txt,2003-09-07,rule,2026-09-28,collectors/climate.py@2026-09-28,collector,"NOAA MLO monthly mean (co2_mm_mlo.txt, file created 2026-09-05)"
co2-mlo-monthly,2003-09,373.34,ppm,https://gml.noaa.gov/webdata/ccgg/trends/co2/co2_mm_mlo.txt,2003-10-07,rule,2026-09-28,collectors/climate.py@2026-09-28,collector,"NOAA MLO monthly mean (co2_mm_mlo.txt, file created 2026-09-05)"
co2-mlo-monthly,2003-10,373.31,ppm,https://gml.noaa.gov/webdata/ccgg/trends/co2/co2_mm_mlo.txt,2003-11-07,rule,2026-09-28,collectors/climate.py@2026-09-28,collector,"NOAA MLO monthly mean (co2_mm_mlo.txt, file created 2026-09-05)"
co2-mlo-monthly,2003-11,374.84,ppm,https://gml.noaa.gov/webdata/ccgg/trends/co2/co2_mm_mlo.txt,2003-12-07,rule,2026-09-28,collectors/climate.py@2026-09-28,collector,"NOAA MLO monthly mean (co2_mm_mlo.txt, file created 2026-09-05)"
co2-mlo-monthly,2003-12,376.17,ppm,https://gml.noaa.gov/webdata/ccgg/trends/co2/co2_mm_mlo.txt,2004-01-07,rule,2026-09-28,collectors/climate.py@2026-09-28,collector,"NOAA MLO monthly mean (co2_mm_mlo.txt, file created 2026-09-05)"
co2-mlo-monthly,2004-01,377.17,ppm,https://gml.noaa.gov/webdata/ccgg/trends/co2/co2_mm_mlo.txt,2004-02-07,rule,2026-09-28,collectors/climate.py@2026-09-28,collector,"NOAA MLO monthly mean (co2_mm_mlo.txt, file created 2026-09-05)"
co2-mlo-monthly,2004-02,378.05,ppm,https://gml.noaa.gov/webdata/ccgg/trends/co2/co2_mm_mlo.txt,2004-03-07,rule,2026-09-28,collectors/climate.py@2026-09-28,collector,"NOAA MLO monthly mean (co2_mm_mlo.txt, file created 2026-09-05)"
co2-mlo-monthly,2004-03,379.06,ppm,https://gml.noaa.gov/webdata/ccgg/trends/co2/co2_mm_mlo.txt,2004-04-07,rule,2026-09-28,collectors/climate.py@2026-09-28,collector,"NOAA MLO monthly mean (co2_mm_mlo.txt, file created 2026-09-05)"
co2-mlo-monthly,2004-04,380.54,ppm,https://gml.noaa.gov/webdata/ccgg/trends/co2/co2_mm_mlo.txt,2004-05-07,rule,2026-09-28,collectors/climate.py@2026-09-28,collector,"NOAA MLO monthly mean (co2_mm_mlo.txt, file created 2026-09-05)"
co2-mlo-monthly,2004-05,380.80,ppm,https://gml.noaa.gov/webdata/ccgg/trends/co2/co2_mm_mlo.txt,2004-06-07,rule,2026-09-28,collectors/climate.py@2026-09-28,collector,"NOAA MLO monthly mean (co2_mm_mlo.txt, file created 2026-09-05)"
co2-mlo-monthly,2004-06,379.87,ppm,https://gml.noaa.gov/webdata/ccgg/trends/co2/co2_mm_mlo.txt,2004-07-07,rule,2026-09-28,collectors/climate.py@2026-09-28,collector,"NOAA MLO monthly mean (co2_mm_mlo.txt, file created 2026-09-05)"
co2-mlo-monthly,2004-07,377.65,ppm,https://gml.noaa.gov/webdata/ccgg/trends/co2/co2_mm_mlo.txt,2004-08-07,rule,2026-09-28,collectors/climate.py@2026-09-28,collector,"NOAA MLO monthly mean (co2_mm_mlo.txt, file created 2026-09-05)"
co2-mlo-monthly,2004-08,376.17,ppm,https://gml.noaa.gov/webdata/ccgg/trends/co2/co2_mm_mlo.txt,2004-09-07,rule,2026-09-28,collectors/climate.py@2026-09-28,collector,"NOAA MLO monthly mean (co2_mm_mlo.txt, file created 2026-09-05)"
co2-mlo-monthly,2004-09,374.43,ppm,https://gml.noaa.gov/webdata/ccgg/trends/co2/co2_mm_mlo.txt,2004-10-07,rule,2026-09-28,collectors/climate.py@2026-09-28,collector,"NOAA MLO monthly mean (co2_mm_mlo.txt, file created 2026-09-05)"
co2-mlo-monthly,2004-10,374.63,ppm,https://gml.noaa.gov/webdata/ccgg/trends/co2/co2_mm_mlo.txt,2004-11-07,rule,2026-09-28,collectors/climate.py@2026-09-28,collector,"NOAA MLO monthly mean (co2_mm_mlo.txt, file created 2026-09-05)"
co2-mlo-monthly,2004-11,376.33,ppm,https://gml.noaa.gov/webdata/ccgg/trends/co2/co2_mm_mlo.txt,2004-12-07,rule,2026-09-28,collectors/climate.py@2026-09-28,collector,"NOAA MLO monthly mean (co2_mm_mlo.txt, file created 2026-09-05)"
co2-mlo-monthly,2004-12,377.68,ppm,https://gml.noaa.gov/webdata/ccgg/trends/co2/co2_mm_mlo.txt,2005-01-07,rule,2026-09-28,collectors/climate.py@2026-09-28,collector,"NOAA MLO monthly mean (co2_mm_mlo.txt, file created 2026-09-05)"
co2-mlo-monthly,2005-01,378.63,ppm,https://gml.noaa.gov/webdata/ccgg/trends/co2/co2_mm_mlo.txt,2005-02-07,rule,2026-09-28,collectors/climate.py@2026-09-28,collector,"NOAA MLO monthly mean (co2_mm_mlo.txt, file created 2026-09-05)"
co2-mlo-monthly,2005-02,379.91,ppm,https://gml.noaa.gov/webdata/ccgg/trends/co2/co2_mm_mlo.txt,2005-03-07,rule,2026-09-28,collectors/climate.py@2026-09-28,collector,"NOAA MLO monthly mean (co2_mm_mlo.txt, file created 2026-09-05)"
co2-mlo-monthly,2005-03,380.95,ppm,https://gml.noaa.gov/webdata/ccgg/trends/co2/co2_mm_mlo.txt,2005-04-07,rule,2026-09-28,collectors/climate.py@2026-09-28,collector,"NOAA MLO monthly mean (co2_mm_mlo.txt, file created 2026-09-05)"
co2-mlo-monthly,2005-04,382.48,ppm,https://gml.noaa.gov/webdata/ccgg/trends/co2/co2_mm_mlo.txt,2005-05-07,rule,2026-09-28,collectors/climate.py@2026-09-28,collector,"NOAA MLO monthly mean (co2_mm_mlo.txt, file created 2026-09-05)"
co2-mlo-monthly,2005-05,382.64,ppm,https://gml.noaa.gov/webdata/ccgg/trends/co2/co2_mm_mlo.txt,2005-06-07,rule,2026-09-28,collectors/climate.py@2026-09-28,collector,"NOAA MLO monthly mean (co2_mm_mlo.txt, file created 2026-09-05)"
co2-mlo-monthly,2005-06,382.40,ppm,https://gml.noaa.gov/webdata/ccgg/trends/co2/co2_mm_mlo.txt,2005-07-07,rule,2026-09-28,collectors/climate.py@2026-09-28,collector,"NOAA MLO monthly mean (co2_mm_mlo.txt, file created 2026-09-05)"
co2-mlo-monthly,2005-07,380.93,ppm,https://gml.noaa.gov/webdata/ccgg/trends/co2/co2_mm_mlo.txt,2005-08-07,rule,2026-09-28,collectors/climate.py@2026-09-28,collector,"NOAA MLO monthly mean (co2_mm_mlo.txt, file created 2026-09-05)"
co2-mlo-monthly,2005-08,378.93,ppm,https://gml.noaa.gov/webdata/ccgg/trends/co2/co2_mm_mlo.txt,2005-09-07,rule,2026-09-28,collectors/climate.py@2026-09-28,collector,"NOAA MLO monthly mean (co2_mm_mlo.txt, file created 2026-09-05)"
co2-mlo-monthly,2005-09,376.89,ppm,https://gml.noaa.gov/webdata/ccgg/trends/co2/co2_mm_mlo.txt,2005-10-07,rule,2026-09-28,collectors/climate.py@2026-09-28,collector,"NOAA MLO monthly mean (co2_mm_mlo.txt, file created 2026-09-05)"
co2-mlo-monthly,2005-10,377.19,ppm,https://gml.noaa.gov/webdata/ccgg/trends/co2/co2_mm_mlo.txt,2005-11-07,rule,2026-09-28,collectors/climate.py@2026-09-28,collector,"NOAA MLO monthly mean (co2_mm_mlo.txt, file created 2026-09-05)"
co2-mlo-monthly,2005-11,378.54,ppm,https://gml.noaa.gov/webdata/ccgg/trends/co2/co2_mm_mlo.txt,2005-12-07,rule,2026-09-28,collectors/climate.py@2026-09-28,collector,"NOAA MLO monthly mean (co2_mm_mlo.txt, file created 2026-09-05)"
co2-mlo-monthly,2005-12,380.31,ppm,https://gml.noaa.gov/webdata/ccgg/trends/co2/co2_mm_mlo.txt,2006-01-07,rule,2026-09-28,collectors/climate.py@2026-09-28,collector,"NOAA MLO monthly mean (co2_mm_mlo.txt, file created 2026-09-05)"
co2-mlo-monthly,2006-01,381.58,ppm,https://gml.noaa.gov/webdata/ccgg/trends/co2/co2_mm_mlo.txt,2006-02-07,rule,2026-09-28,collectors/climate.py@2026-09-28,collector,"NOAA MLO monthly mean (co2_mm_mlo.txt, file created 2026-09-05)"
co2-mlo-monthly,2006-02,382.40,ppm,https://gml.noaa.gov/webdata/ccgg/trends/co2/co2_mm_mlo.txt,2006-03-07,rule,2026-09-28,collectors/climate.py@2026-09-28,collector,"NOAA MLO monthly mean (co2_mm_mlo.txt, file created 2026-09-05)"
co2-mlo-monthly,2006-03,382.86,ppm,https://gml.noaa.gov/webdata/ccgg/trends/co2/co2_mm_mlo.txt,2006-04-07,rule,2026-09-28,collectors/climate.py@2026-09-28,collector,"NOAA MLO monthly mean (co2_mm_mlo.txt, file created 2026-09-05)"
co2-mlo-monthly,2006-04,384.80,ppm,https://gml.noaa.gov/webdata/ccgg/trends/co2/co2_mm_mlo.txt,2006-05-07,rule,2026-09-28,collectors/climate.py@2026-09-28,collector,"NOAA MLO monthly mean (co2_mm_mlo.txt, file created 2026-09-05)"
co2-mlo-monthly,2006-05,385.22,ppm,https://gml.noaa.gov/webdata/ccgg/trends/co2/co2_mm_mlo.txt,2006-06-07,rule,2026-09-28,collectors/climate.py@2026-09-28,collector,"NOAA MLO monthly mean (co2_mm_mlo.txt, file created 2026-09-05)"
co2-mlo-monthly,2006-06,384.24,ppm,https://gml.noaa.gov/webdata/ccgg/trends/co2/co2_mm_mlo.txt,2006-07-07,rule,2026-09-28,collectors/climate.py@2026-09-28,collector,"NOAA MLO monthly mean (co2_mm_mlo.txt, file created 2026-09-05)"
co2-mlo-monthly,2006-07,382.65,ppm,https://gml.noaa.gov/webdata/ccgg/trends/co2/co2_mm_mlo.txt,2006-08-07,rule,2026-09-28,collectors/climate.py@2026-09-28,collector,"NOAA MLO monthly mean (co2_mm_mlo.txt, file created 2026-09-05)"
co2-mlo-monthly,2006-08,380.60,ppm,https://gml.noaa.gov/webdata/ccgg/trends/co2/co2_mm_mlo.txt,2006-09-07,rule,2026-09-28,collectors/climate.py@2026-09-28,collector,"NOAA MLO monthly mean (co2_mm_mlo.txt, file created 2026-09-05)"
co2-mlo-monthly,2006-09,379.04,ppm,https://gml.noaa.gov/webdata/ccgg/trends/co2/co2_mm_mlo.txt,2006-10-07,rule,2026-09-28,collectors/climate.py@2026-09-28,collector,"NOAA MLO monthly mean (co2_mm_mlo.txt, file created 2026-09-05)"
co2-mlo-monthly,2006-10,379.33,ppm,https://gml.noaa.gov/webdata/ccgg/trends/co2/co2_mm_mlo.txt,2006-11-07,rule,2026-09-28,collectors/climate.py@2026-09-28,collector,"NOAA MLO monthly mean (co2_mm_mlo.txt, file created 2026-09-05)"
co2-mlo-monthly,2006-11,380.35,ppm,https://gml.noaa.gov/webdata/ccgg/trends/co2/co2_mm_mlo.txt,2006-12-07,rule,2026-09-28,collectors/climate.py@2026-09-28,collector,"NOAA MLO monthly mean (co2_mm_mlo.txt, file created 2026-09-05)"
co2-mlo-monthly,2006-12,382.02,ppm,https://gml.noaa.gov/webdata/ccgg/trends/co2/co2_mm_mlo.txt,2007-01-07,rule,2026-09-28,collectors/climate.py@2026-09-28,collector,"NOAA MLO monthly mean (co2_mm_mlo.txt, file created 2026-09-05)"
co2-mlo-monthly,2007-01,383.10,ppm,https://gml.noaa.gov/webdata/ccgg/trends/co2/co2_mm_mlo.txt,2007-02-07,rule,2026-09-28,collectors/climate.py@2026-09-28,collector,"NOAA MLO monthly mean (co2_mm_mlo.txt, file created 2026-09-05)"
co2-mlo-monthly,2007-02,384.12,ppm,https://gml.noaa.gov/webdata/ccgg/trends/co2/co2_mm_mlo.txt,2007-03-07,rule,2026-09-28,collectors/climate.py@2026-09-28,collector,"NOAA MLO monthly mean (co2_mm_mlo.txt, file created 2026-09-05)"
co2-mlo-monthly,2007-03,384.81,ppm,https://gml.noaa.gov/webdata/ccgg/trends/co2/co2_mm_mlo.txt,2007-04-07,rule,2026-09-28,collectors/climate.py@2026-09-28,collector,"NOAA MLO monthly mean (co2_mm_mlo.txt, file created 2026-09-05)"
co2-mlo-monthly,2007-04,386.73,ppm,https://gml.noaa.gov/webdata/ccgg/trends/co2/co2_mm_mlo.txt,2007-05-07,rule,2026-09-28,collectors/climate.py@2026-09-28,collector,"NOAA MLO monthly mean (co2_mm_mlo.txt, file created 2026-09-05)"
co2-mlo-monthly,2007-05,386.78,ppm,https://gml.noaa.gov/webdata/ccgg/trends/co2/co2_mm_mlo.txt,2007-06-07,rule,2026-09-28,collectors/climate.py@2026-09-28,collector,"NOAA MLO monthly mean (co2_mm_mlo.txt, file created 2026-09-05)"
co2-mlo-monthly,2007-06,386.33,ppm,https://gml.noaa.gov/webdata/ccgg/trends/co2/co2_mm_mlo.txt,2007-07-07,rule,2026-09-28,collectors/climate.py@2026-09-28,collector,"NOAA MLO monthly mean (co2_mm_mlo.txt, file created 2026-09-05)"
co2-mlo-monthly,2007-07,384.73,ppm,https://gml.noaa.gov/webdata/ccgg/trends/co2/co2_mm_mlo.txt,2007-08-07,rule,2026-09-28,collectors/climate.py@2026-09-28,collector,"NOAA MLO monthly mean (co2_mm_mlo.txt, file created 2026-09-05)"
co2-mlo-monthly,2007-08,382.24,ppm,https://gml.noaa.gov/webdata/ccgg/trends/co2/co2_mm_mlo.txt,2007-09-07,rule,2026-09-28,collectors/climate.py@2026-09-28,collector,"NOAA MLO monthly mean (co2_mm_mlo.txt, file created 2026-09-05)"
co2-mlo-monthly,2007-09,381.20,ppm,https://gml.noaa.gov/webdata/ccgg/trends/co2/co2_mm_mlo.txt,2007-10-07,rule,2026-09-28,collectors/climate.py@2026-09-28,collector,"NOAA MLO monthly mean (co2_mm_mlo.txt, file created 2026-09-05)"
co2-mlo-monthly,2007-10,381.37,ppm,https://gml.noaa.gov/webdata/ccgg/trends/co2/co2_mm_mlo.txt,2007-11-07,rule,2026-09-28,collectors/climate.py@2026-09-28,collector,"NOAA MLO monthly mean (co2_mm_mlo.txt, file created 2026-09-05)"
co2-mlo-monthly,2007-11,382.70,ppm,https://gml.noaa.gov/webdata/ccgg/trends/co2/co2_mm_mlo.txt,2007-12-07,rule,2026-09-28,collectors/climate.py@2026-09-28,collector,"NOAA MLO monthly mean (co2_mm_mlo.txt, file created 2026-09-05)"
co2-mlo-monthly,2007-12,384.19,ppm,https://gml.noaa.gov/webdata/ccgg/trends/co2/co2_mm_mlo.txt,2008-01-07,rule,2026-09-28,collectors/climate.py@2026-09-28,collector,"NOAA MLO monthly mean (co2_mm_mlo.txt, file created 2026-09-05)"
co2-mlo-monthly,2008-01,385.78,ppm,https://gml.noaa.gov/webdata/ccgg/trends/co2/co2_mm_mlo.txt,2008-02-07,rule,2026-09-28,collectors/climate.py@2026-09-28,collector,"NOAA MLO monthly mean (co2_mm_mlo.txt, file created 2026-09-05)"
co2-mlo-monthly,2008-02,386.06,ppm,https://gml.noaa.gov/webdata/ccgg/trends/co2/co2_mm_mlo.txt,2008-03-07,rule,2026-09-28,collectors/climate.py@2026-09-28,collector,"NOAA MLO monthly mean (co2_mm_mlo.txt, file created 2026-09-05)"
co2-mlo-monthly,2008-03,386.28,ppm,https://gml.noaa.gov/webdata/ccgg/trends/co2/co2_mm_mlo.txt,2008-04-07,rule,2026-09-28,collectors/climate.py@2026-09-28,collector,"NOAA MLO monthly mean (co2_mm_mlo.txt, file created 2026-09-05)"
co2-mlo-monthly,2008-04,387.33,ppm,https://gml.noaa.gov/webdata/ccgg/trends/co2/co2_mm_mlo.txt,2008-05-07,rule,2026-09-28,collectors/climate.py@2026-09-28,collector,"NOAA MLO monthly mean (co2_mm_mlo.txt, file created 2026-09-05)"
co2-mlo-monthly,2008-05,388.78,ppm,https://gml.noaa.gov/webdata/ccgg/trends/co2/co2_mm_mlo.txt,2008-06-07,rule,2026-09-28,collectors/climate.py@2026-09-28,collector,"NOAA MLO monthly mean (co2_mm_mlo.txt, file created 2026-09-05)"
co2-mlo-monthly,2008-06,387.99,ppm,https://gml.noaa.gov/webdata/ccgg/trends/co2/co2_mm_mlo.txt,2008-07-07,rule,2026-09-28,collectors/climate.py@2026-09-28,collector,"NOAA MLO monthly mean (co2_mm_mlo.txt, file created 2026-09-05)"
co2-mlo-monthly,2008-07,386.62,ppm,https://gml.noaa.gov/webdata/ccgg/trends/co2/co2_mm_mlo.txt,2008-08-07,rule,2026-09-28,collectors/climate.py@2026-09-28,collector,"NOAA MLO monthly mean (co2_mm_mlo.txt, file created 2026-09-05)"
co2-mlo-monthly,2008-08,384.32,ppm,https://gml.noaa.gov/webdata/ccgg/trends/co2/co2_mm_mlo.txt,2008-09-07,rule,2026-09-28,collectors/climate.py@2026-09-28,collector,"NOAA MLO monthly mean (co2_mm_mlo.txt, file created 2026-09-05)"
co2-mlo-monthly,2008-09,383.41,ppm,https://gml.noaa.gov/webdata/ccgg/trends/co2/co2_mm_mlo.txt,2008-10-07,rule,2026-09-28,collectors/climate.py@2026-09-28,collector,"NOAA MLO monthly mean (co2_mm_mlo.txt, file created 2026-09-05)"
co2-mlo-monthly,2008-10,383.22,ppm,https://gml.noaa.gov/webdata/ccgg/trends/co2/co2_mm_mlo.txt,2008-11-07,rule,2026-09-28,collectors/climate.py@2026-09-28,collector,"NOAA MLO monthly mean (co2_mm_mlo.txt, file created 2026-09-05)"
co2-mlo-monthly,2008-11,384.41,ppm,https://gml.noaa.gov/webdata/ccgg/trends/co2/co2_mm_mlo.txt,2008-12-07,rule,2026-09-28,collectors/climate.py@2026-09-28,collector,"NOAA MLO monthly mean (co2_mm_mlo.txt, file created 2026-09-05)"
co2-mlo-monthly,2008-12,385.79,ppm,https://gml.noaa.gov/webdata/ccgg/trends/co2/co2_mm_mlo.txt,2009-01-07,rule,2026-09-28,collectors/climate.py@2026-09-28,collector,"NOAA MLO monthly mean (co2_mm_mlo.txt, file created 2026-09-05)"
co2-mlo-monthly,2009-01,387.17,ppm,https://gml.noaa.gov/webdata/ccgg/trends/co2/co2_mm_mlo.txt,2009-02-07,rule,2026-09-28,collectors/climate.py@2026-09-28,collector,"NOAA MLO monthly mean (co2_mm_mlo.txt, file created 2026-09-05)"
co2-mlo-monthly,2009-02,387.70,ppm,https://gml.noaa.gov/webdata/ccgg/trends/co2/co2_mm_mlo.txt,2009-03-07,rule,2026-09-28,collectors/climate.py@2026-09-28,collector,"NOAA MLO monthly mean (co2_mm_mlo.txt, file created 2026-09-05)"
co2-mlo-monthly,2009-03,389.04,ppm,https://gml.noaa.gov/webdata/ccgg/trends/co2/co2_mm_mlo.txt,2009-04-07,rule,2026-09-28,collectors/climate.py@2026-09-28,collector,"NOAA MLO monthly mean (co2_mm_mlo.txt, file created 2026-09-05)"
co2-mlo-monthly,2009-04,389.76,ppm,https://gml.noaa.gov/webdata/ccgg/trends/co2/co2_mm_mlo.txt,2009-05-07,rule,2026-09-28,collectors/climate.py@2026-09-28,collector,"NOAA MLO monthly mean (co2_mm_mlo.txt, file created 2026-09-05)"
co2-mlo-monthly,2009-05,390.36,ppm,https://gml.noaa.gov/webdata/ccgg/trends/co2/co2_mm_mlo.txt,2009-06-07,rule,2026-09-28,collectors/climate.py@2026-09-28,collector,"NOAA MLO monthly mean (co2_mm_mlo.txt, file created 2026-09-05)"
co2-mlo-monthly,2009-06,389.70,ppm,https://gml.noaa.gov/webdata/ccgg/trends/co2/co2_mm_mlo.txt,2009-07-07,rule,2026-09-28,collectors/climate.py@2026-09-28,collector,"NOAA MLO monthly mean (co2_mm_mlo.txt, file created 2026-09-05)"
co2-mlo-monthly,2009-07,388.24,ppm,https://gml.noaa.gov/webdata/ccgg/trends/co2/co2_mm_mlo.txt,2009-08-07,rule,2026-09-28,collectors/climate.py@2026-09-28,collector,"NOAA MLO monthly mean (co2_mm_mlo.txt, file created 2026-09-05)"
co2-mlo-monthly,2009-08,386.29,ppm,https://gml.noaa.gov/webdata/ccgg/trends/co2/co2_mm_mlo.txt,2009-09-07,rule,2026-09-28,collectors/climate.py@2026-09-28,collector,"NOAA MLO monthly mean (co2_mm_mlo.txt, file created 2026-09-05)"
co2-mlo-monthly,2009-09,384.95,ppm,https://gml.noaa.gov/webdata/ccgg/trends/co2/co2_mm_mlo.txt,2009-10-07,rule,2026-09-28,collectors/climate.py@2026-09-28,collector,"NOAA MLO monthly mean (co2_mm_mlo.txt, file created 2026-09-05)"
co2-mlo-monthly,2009-10,384.64,ppm,https://gml.noaa.gov/webdata/ccgg/trends/co2/co2_mm_mlo.txt,2009-11-07,rule,2026-09-28,collectors/climate.py@2026-09-28,collector,"NOAA MLO monthly mean (co2_mm_mlo.txt, file created 2026-09-05)"
co2-mlo-monthly,2009-11,386.23,ppm,https://gml.noaa.gov/webdata/ccgg/trends/co2/co2_mm_mlo.txt,2009-12-07,rule,2026-09-28,collectors/climate.py@2026-09-28,collector,"NOAA MLO monthly mean (co2_mm_mlo.txt, file created 2026-09-05)"
co2-mlo-monthly,2009-12,387.63,ppm,https://gml.noaa.gov/webdata/ccgg/trends/co2/co2_mm_mlo.txt,2010-01-07,rule,2026-09-28,collectors/climate.py@2026-09-28,collector,"NOAA MLO monthly mean (co2_mm_mlo.txt, file created 2026-09-05)"
co2-mlo-monthly,2010-01,388.91,ppm,https://gml.noaa.gov/webdata/ccgg/trends/co2/co2_mm_mlo.txt,2010-02-07,rule,2026-09-28,collectors/climate.py@2026-09-28,collector,"NOAA MLO monthly mean (co2_mm_mlo.txt, file created 2026-09-05)"
co2-mlo-monthly,2010-02,390.41,ppm,https://gml.noaa.gov/webdata/ccgg/trends/co2/co2_mm_mlo.txt,2010-03-07,rule,2026-09-28,collectors/climate.py@2026-09-28,collector,"NOAA MLO monthly mean (co2_mm_mlo.txt, file created 2026-09-05)"
co2-mlo-monthly,2010-03,391.37,ppm,https://gml.noaa.gov/webdata/ccgg/trends/co2/co2_mm_mlo.txt,2010-04-07,rule,2026-09-28,collectors/climate.py@2026-09-28,collector,"NOAA MLO monthly mean (co2_mm_mlo.txt, file created 2026-09-05)"
co2-mlo-monthly,2010-04,392.67,ppm,https://gml.noaa.gov/webdata/ccgg/trends/co2/co2_mm_mlo.txt,2010-05-07,rule,2026-09-28,collectors/climate.py@2026-09-28,collector,"NOAA MLO monthly mean (co2_mm_mlo.txt, file created 2026-09-05)"
co2-mlo-monthly,2010-05,393.21,ppm,https://gml.noaa.gov/webdata/ccgg/trends/co2/co2_mm_mlo.txt,2010-06-07,rule,2026-09-28,collectors/climate.py@2026-09-28,collector,"NOAA MLO monthly mean (co2_mm_mlo.txt, file created 2026-09-05)"
co2-mlo-monthly,2010-06,392.38,ppm,https://gml.noaa.gov/webdata/ccgg/trends/co2/co2_mm_mlo.txt,2010-07-07,rule,2026-09-28,collectors/climate.py@2026-09-28,collector,"NOAA MLO monthly mean (co2_mm_mlo.txt, file created 2026-09-05)"
co2-mlo-monthly,2010-07,390.41,ppm,https://gml.noaa.gov/webdata/ccgg/trends/co2/co2_mm_mlo.txt,2010-08-07,rule,2026-09-28,collectors/climate.py@2026-09-28,collector,"NOAA MLO monthly mean (co2_mm_mlo.txt, file created 2026-09-05)"
co2-mlo-monthly,2010-08,388.54,ppm,https://gml.noaa.gov/webdata/ccgg/trends/co2/co2_mm_mlo.txt,2010-09-07,rule,2026-09-28,collectors/climate.py@2026-09-28,collector,"NOAA MLO monthly mean (co2_mm_mlo.txt, file created 2026-09-05)"
co2-mlo-monthly,2010-09,387.03,ppm,https://gml.noaa.gov/webdata/ccgg/trends/co2/co2_mm_mlo.txt,2010-10-07,rule,2026-09-28,collectors/climate.py@2026-09-28,collector,"NOAA MLO monthly mean (co2_mm_mlo.txt, file created 2026-09-05)"
co2-mlo-monthly,2010-10,387.43,ppm,https://gml.noaa.gov/webdata/ccgg/trends/co2/co2_mm_mlo.txt,2010-11-07,rule,2026-09-28,collectors/climate.py@2026-09-28,collector,"NOAA MLO monthly mean (co2_mm_mlo.txt, file created 2026-09-05)"
co2-mlo-monthly,2010-11,388.87,ppm,https://gml.noaa.gov/webdata/ccgg/trends/co2/co2_mm_mlo.txt,2010-12-07,rule,2026-09-28,collectors/climate.py@2026-09-28,collector,"NOAA MLO monthly mean (co2_mm_mlo.txt, file created 2026-09-05)"
co2-mlo-monthly,2010-12,389.99,ppm,https://gml.noaa.gov/webdata/ccgg/trends/co2/co2_mm_mlo.txt,2011-01-07,rule,2026-09-28,collectors/climate.py@2026-09-28,collector,"NOAA MLO monthly mean (co2_mm_mlo.txt, file created 2026-09-05)"
co2-mlo-monthly,2011-01,391.50,ppm,https://gml.noaa.gov/webdata/ccgg/trends/co2/co2_mm_mlo.txt,2011-02-07,rule,2026-09-28,collectors/climate.py@2026-09-28,collector,"NOAA MLO monthly mean (co2_mm_mlo.txt, file created 2026-09-05)"
co2-mlo-monthly,2011-02,392.05,ppm,https://gml.noaa.gov/webdata/ccgg/trends/co2/co2_mm_mlo.txt,2011-03-07,rule,2026-09-28,collectors/climate.py@2026-09-28,collector,"NOAA MLO monthly mean (co2_mm_mlo.txt, file created 2026-09-05)"
co2-mlo-monthly,2011-03,392.80,ppm,https://gml.noaa.gov/webdata/ccgg/trends/co2/co2_mm_mlo.txt,2011-04-07,rule,2026-09-28,collectors/climate.py@2026-09-28,collector,"NOAA MLO monthly mean (co2_mm_mlo.txt, file created 2026-09-05)"
co2-mlo-monthly,2011-04,393.44,ppm,https://gml.noaa.gov/webdata/ccgg/trends/co2/co2_mm_mlo.txt,2011-05-07,rule,2026-09-28,collectors/climate.py@2026-09-28,collector,"NOAA MLO monthly mean (co2_mm_mlo.txt, file created 2026-09-05)"
co2-mlo-monthly,2011-05,394.41,ppm,https://gml.noaa.gov/webdata/ccgg/trends/co2/co2_mm_mlo.txt,2011-06-07,rule,2026-09-28,collectors/climate.py@2026-09-28,collector,"NOAA MLO monthly mean (co2_mm_mlo.txt, file created 2026-09-05)"
co2-mlo-monthly,2011-06,393.95,ppm,https://gml.noaa.gov/webdata/ccgg/trends/co2/co2_mm_mlo.txt,2011-07-07,rule,2026-09-28,collectors/climate.py@2026-09-28,collector,"NOAA MLO monthly mean (co2_mm_mlo.txt, file created 2026-09-05)"
co2-mlo-monthly,2011-07,392.72,ppm,https://gml.noaa.gov/webdata/ccgg/trends/co2/co2_mm_mlo.txt,2011-08-07,rule,2026-09-28,collectors/climate.py@2026-09-28,collector,"NOAA MLO monthly mean (co2_mm_mlo.txt, file created 2026-09-05)"
co2-mlo-monthly,2011-08,390.33,ppm,https://gml.noaa.gov/webdata/ccgg/trends/co2/co2_mm_mlo.txt,2011-09-07,rule,2026-09-28,collectors/climate.py@2026-09-28,collector,"NOAA MLO monthly mean (co2_mm_mlo.txt, file created 2026-09-05)"
co2-mlo-monthly,2011-09,389.28,ppm,https://gml.noaa.gov/webdata/ccgg/trends/co2/co2_mm_mlo.txt,2011-10-07,rule,2026-09-28,collectors/climate.py@2026-09-28,collector,"NOAA MLO monthly mean (co2_mm_mlo.txt, file created 2026-09-05)"
co2-mlo-monthly,2011-10,389.19,ppm,https://gml.noaa.gov/webdata/ccgg/trends/co2/co2_mm_mlo.txt,2011-11-07,rule,2026-09-28,collectors/climate.py@2026-09-28,collector,"NOAA MLO monthly mean (co2_mm_mlo.txt, file created 2026-09-05)"
co2-mlo-monthly,2011-11,390.48,ppm,https://gml.noaa.gov/webdata/ccgg/trends/co2/co2_mm_mlo.txt,2011-12-07,rule,2026-09-28,collectors/climate.py@2026-09-28,collector,"NOAA MLO monthly mean (co2_mm_mlo.txt, file created 2026-09-05)"
co2-mlo-monthly,2011-12,392.06,ppm,https://gml.noaa.gov/webdata/ccgg/trends/co2/co2_mm_mlo.txt,2012-01-07,rule,2026-09-28,collectors/climate.py@2026-09-28,collector,"NOAA MLO monthly mean (co2_mm_mlo.txt, file created 2026-09-05)"
co2-mlo-monthly,2012-01,393.31,ppm,https://gml.noaa.gov/webdata/ccgg/trends/co2/co2_mm_mlo.txt,2012-02-07,rule,2026-09-28,collectors/climate.py@2026-09-28,collector,"NOAA MLO monthly mean (co2_mm_mlo.txt, file created 2026-09-05)"
co2-mlo-monthly,2012-02,394.04,ppm,https://gml.noaa.gov/webdata/ccgg/trends/co2/co2_mm_mlo.txt,2012-03-07,rule,2026-09-28,collectors/climate.py@2026-09-28,collector,"NOAA MLO monthly mean (co2_mm_mlo.txt, file created 2026-09-05)"
co2-mlo-monthly,2012-03,394.59,ppm,https://gml.noaa.gov/webdata/ccgg/trends/co2/co2_mm_mlo.txt,2012-04-07,rule,2026-09-28,collectors/climate.py@2026-09-28,collector,"NOAA MLO monthly mean (co2_mm_mlo.txt, file created 2026-09-05)"
co2-mlo-monthly,2012-04,396.38,ppm,https://gml.noaa.gov/webdata/ccgg/trends/co2/co2_mm_mlo.txt,2012-05-07,rule,2026-09-28,collectors/climate.py@2026-09-28,collector,"NOAA MLO monthly mean (co2_mm_mlo.txt, file created 2026-09-05)"
co2-mlo-monthly,2012-05,396.93,ppm,https://gml.noaa.gov/webdata/ccgg/trends/co2/co2_mm_mlo.txt,2012-06-07,rule,2026-09-28,collectors/climate.py@2026-09-28,collector,"NOAA MLO monthly mean (co2_mm_mlo.txt, file created 2026-09-05)"
co2-mlo-monthly,2012-06,395.91,ppm,https://gml.noaa.gov/webdata/ccgg/trends/co2/co2_mm_mlo.txt,2012-07-07,rule,2026-09-28,collectors/climate.py@2026-09-28,collector,"NOAA MLO monthly mean (co2_mm_mlo.txt, file created 2026-09-05)"
co2-mlo-monthly,2012-07,394.56,ppm,https://gml.noaa.gov/webdata/ccgg/trends/co2/co2_mm_mlo.txt,2012-08-07,rule,2026-09-28,collectors/climate.py@2026-09-28,collector,"NOAA MLO monthly mean (co2_mm_mlo.txt, file created 2026-09-05)"
co2-mlo-monthly,2012-08,392.59,ppm,https://gml.noaa.gov/webdata/ccgg/trends/co2/co2_mm_mlo.txt,2012-09-07,rule,2026-09-28,collectors/climate.py@2026-09-28,collector,"NOAA MLO monthly mean (co2_mm_mlo.txt, file created 2026-09-05)"
co2-mlo-monthly,2012-09,391.32,ppm,https://gml.noaa.gov/webdata/ccgg/trends/co2/co2_mm_mlo.txt,2012-10-07,rule,2026-09-28,collectors/climate.py@2026-09-28,collector,"NOAA MLO monthly mean (co2_mm_mlo.txt, file created 2026-09-05)"
co2-mlo-monthly,2012-10,391.27,ppm,https://gml.noaa.gov/webdata/ccgg/trends/co2/co2_mm_mlo.txt,2012-11-07,rule,2026-09-28,collectors/climate.py@2026-09-28,collector,"NOAA MLO monthly mean (co2_mm_mlo.txt, file created 2026-09-05)"
co2-mlo-monthly,2012-11,393.20,ppm,https://gml.noaa.gov/webdata/ccgg/trends/co2/co2_mm_mlo.txt,2012-12-07,rule,2026-09-28,collectors/climate.py@2026-09-28,collector,"NOAA MLO monthly mean (co2_mm_mlo.txt, file created 2026-09-05)"
co2-mlo-monthly,2012-12,394.57,ppm,https://gml.noaa.gov/webdata/ccgg/trends/co2/co2_mm_mlo.txt,2013-01-07,rule,2026-09-28,collectors/climate.py@2026-09-28,collector,"NOAA MLO monthly mean (co2_mm_mlo.txt, file created 2026-09-05)"
co2-mlo-monthly,2013-01,395.78,ppm,https://gml.noaa.gov/webdata/ccgg/trends/co2/co2_mm_mlo.txt,2013-02-07,rule,2026-09-28,collectors/climate.py@2026-09-28,collector,"NOAA MLO monthly mean (co2_mm_mlo.txt, file created 2026-09-05)"
co2-mlo-monthly,2013-02,397.03,ppm,https://gml.noaa.gov/webdata/ccgg/trends/co2/co2_mm_mlo.txt,2013-03-07,rule,2026-09-28,collectors/climate.py@2026-09-28,collector,"NOAA MLO monthly mean (co2_mm_mlo.txt, file created 2026-09-05)"
co2-mlo-monthly,2013-03,397.66,ppm,https://gml.noaa.gov/webdata/ccgg/trends/co2/co2_mm_mlo.txt,2013-04-07,rule,2026-09-28,collectors/climate.py@2026-09-28,collector,"NOAA MLO monthly mean (co2_mm_mlo.txt, file created 2026-09-05)"
co2-mlo-monthly,2013-04,398.64,ppm,https://gml.noaa.gov/webdata/ccgg/trends/co2/co2_mm_mlo.txt,2013-05-07,rule,2026-09-28,collectors/climate.py@2026-09-28,collector,"NOAA MLO monthly mean (co2_mm_mlo.txt, file created 2026-09-05)"
co2-mlo-monthly,2013-05,400.02,ppm,https://gml.noaa.gov/webdata/ccgg/trends/co2/co2_mm_mlo.txt,2013-06-07,rule,2026-09-28,collectors/climate.py@2026-09-28,collector,"NOAA MLO monthly mean (co2_mm_mlo.txt, file created 2026-09-05)"
co2-mlo-monthly,2013-06,398.81,ppm,https://gml.noaa.gov/webdata/ccgg/trends/co2/co2_mm_mlo.txt,2013-07-07,rule,2026-09-28,collectors/climate.py@2026-09-28,collector,"NOAA MLO monthly mean (co2_mm_mlo.txt, file created 2026-09-05)"
co2-mlo-monthly,2013-07,397.51,ppm,https://gml.noaa.gov/webdata/ccgg/trends/co2/co2_mm_mlo.txt,2013-08-07,rule,2026-09-28,collectors/climate.py@2026-09-28,collector,"NOAA MLO monthly mean (co2_mm_mlo.txt, file created 2026-09-05)"
co2-mlo-monthly,2013-08,395.39,ppm,https://gml.noaa.gov/webdata/ccgg/trends/co2/co2_mm_mlo.txt,2013-09-07,rule,2026-09-28,collectors/climate.py@2026-09-28,collector,"NOAA MLO monthly mean (co2_mm_mlo.txt, file created 2026-09-05)"
co2-mlo-monthly,2013-09,393.72,ppm,https://gml.noaa.gov/webdata/ccgg/trends/co2/co2_mm_mlo.txt,2013-10-07,rule,2026-09-28,collectors/climate.py@2026-09-28,collector,"NOAA MLO monthly mean (co2_mm_mlo.txt, file created 2026-09-05)"
co2-mlo-monthly,2013-10,393.90,ppm,https://gml.noaa.gov/webdata/ccgg/trends/co2/co2_mm_mlo.txt,2013-11-07,rule,2026-09-28,collectors/climate.py@2026-09-28,collector,"NOAA MLO monthly mean (co2_mm_mlo.txt, file created 2026-09-05)"
co2-mlo-monthly,2013-11,395.36,ppm,https://gml.noaa.gov/webdata/ccgg/trends/co2/co2_mm_mlo.txt,2013-12-07,rule,2026-09-28,collectors/climate.py@2026-09-28,collector,"NOAA MLO monthly mean (co2_mm_mlo.txt, file created 2026-09-05)"
co2-mlo-monthly,2013-12,397.03,ppm,https://gml.noaa.gov/webdata/ccgg/trends/co2/co2_mm_mlo.txt,2014-01-07,rule,2026-09-28,collectors/climate.py@2026-09-28,collector,"NOAA MLO monthly mean (co2_mm_mlo.txt, file created 2026-09-05)"
co2-mlo-monthly,2014-01,398.04,ppm,https://gml.noaa.gov/webdata/ccgg/trends/co2/co2_mm_mlo.txt,2014-02-07,rule,2026-09-28,collectors/climate.py@2026-09-28,collector,"NOAA MLO monthly mean (co2_mm_mlo.txt, file created 2026-09-05)"
co2-mlo-monthly,2014-02,398.27,ppm,https://gml.noaa.gov/webdata/ccgg/trends/co2/co2_mm_mlo.txt,2014-03-07,rule,2026-09-28,collectors/climate.py@2026-09-28,collector,"NOAA MLO monthly mean (co2_mm_mlo.txt, file created 2026-09-05)"
co2-mlo-monthly,2014-03,399.91,ppm,https://gml.noaa.gov/webdata/ccgg/trends/co2/co2_mm_mlo.txt,2014-04-07,rule,2026-09-28,collectors/climate.py@2026-09-28,collector,"NOAA MLO monthly mean (co2_mm_mlo.txt, file created 2026-09-05)"
co2-mlo-monthly,2014-04,401.51,ppm,https://gml.noaa.gov/webdata/ccgg/trends/co2/co2_mm_mlo.txt,2014-05-07,rule,2026-09-28,collectors/climate.py@2026-09-28,collector,"NOAA MLO monthly mean (co2_mm_mlo.txt, file created 2026-09-05)"
co2-mlo-monthly,2014-05,401.96,ppm,https://gml.noaa.gov/webdata/ccgg/trends/co2/co2_mm_mlo.txt,2014-06-07,rule,2026-09-28,collectors/climate.py@2026-09-28,collector,"NOAA MLO monthly mean (co2_mm_mlo.txt, file created 2026-09-05)"
co2-mlo-monthly,2014-06,401.43,ppm,https://gml.noaa.gov/webdata/ccgg/trends/co2/co2_mm_mlo.txt,2014-07-07,rule,2026-09-28,collectors/climate.py@2026-09-28,collector,"NOAA MLO monthly mean (co2_mm_mlo.txt, file created 2026-09-05)"
co2-mlo-monthly,2014-07,399.27,ppm,https://gml.noaa.gov/webdata/ccgg/trends/co2/co2_mm_mlo.txt,2014-08-07,rule,2026-09-28,collectors/climate.py@2026-09-28,collector,"NOAA MLO monthly mean (co2_mm_mlo.txt, file created 2026-09-05)"
co2-mlo-monthly,2014-08,397.18,ppm,https://gml.noaa.gov/webdata/ccgg/trends/co2/co2_mm_mlo.txt,2014-09-07,rule,2026-09-28,collectors/climate.py@2026-09-28,collector,"NOAA MLO monthly mean (co2_mm_mlo.txt, file created 2026-09-05)"
co2-mlo-monthly,2014-09,395.54,ppm,https://gml.noaa.gov/webdata/ccgg/trends/co2/co2_mm_mlo.txt,2014-10-07,rule,2026-09-28,collectors/climate.py@2026-09-28,collector,"NOAA MLO monthly mean (co2_mm_mlo.txt, file created 2026-09-05)"
co2-mlo-monthly,2014-10,396.16,ppm,https://gml.noaa.gov/webdata/ccgg/trends/co2/co2_mm_mlo.txt,2014-11-07,rule,2026-09-28,collectors/climate.py@2026-09-28,collector,"NOAA MLO monthly mean (co2_mm_mlo.txt, file created 2026-09-05)"
co2-mlo-monthly,2014-11,397.40,ppm,https://gml.noaa.gov/webdata/ccgg/trends/co2/co2_mm_mlo.txt,2014-12-07,rule,2026-09-28,collectors/climate.py@2026-09-28,collector,"NOAA MLO monthly mean (co2_mm_mlo.txt, file created 2026-09-05)"
co2-mlo-monthly,2014-12,399.08,ppm,https://gml.noaa.gov/webdata/ccgg/trends/co2/co2_mm_mlo.txt,2015-01-07,rule,2026-09-28,collectors/climate.py@2026-09-28,collector,"NOAA MLO monthly mean (co2_mm_mlo.txt, file created 2026-09-05)"
co2-mlo-monthly,2015-01,400.18,ppm,https://gml.noaa.gov/webdata/ccgg/trends/co2/co2_mm_mlo.txt,2015-02-07,rule,2026-09-28,collectors/climate.py@2026-09-28,collector,"NOAA MLO monthly mean (co2_mm_mlo.txt, file created 2026-09-05)"
co2-mlo-monthly,2015-02,400.55,ppm,https://gml.noaa.gov/webdata/ccgg/trends/co2/co2_mm_mlo.txt,2015-03-07,rule,2026-09-28,collectors/climate.py@2026-09-28,collector,"NOAA MLO monthly mean (co2_mm_mlo.txt, file created 2026-09-05)"
co2-mlo-monthly,2015-03,401.74,ppm,https://gml.noaa.gov/webdata/ccgg/trends/co2/co2_mm_mlo.txt,2015-04-07,rule,2026-09-28,collectors/climate.py@2026-09-28,collector,"NOAA MLO monthly mean (co2_mm_mlo.txt, file created 2026-09-05)"
co2-mlo-monthly,2015-04,403.35,ppm,https://gml.noaa.gov/webdata/ccgg/trends/co2/co2_mm_mlo.txt,2015-05-07,rule,2026-09-28,collectors/climate.py@2026-09-28,collector,"NOAA MLO monthly mean (co2_mm_mlo.txt, file created 2026-09-05)"
co2-mlo-monthly,2015-05,404.15,ppm,https://gml.noaa.gov/webdata/ccgg/trends/co2/co2_mm_mlo.txt,2015-06-07,rule,2026-09-28,collectors/climate.py@2026-09-28,collector,"NOAA MLO monthly mean (co2_mm_mlo.txt, file created 2026-09-05)"
co2-mlo-monthly,2015-06,402.97,ppm,https://gml.noaa.gov/webdata/ccgg/trends/co2/co2_mm_mlo.txt,2015-07-07,rule,2026-09-28,collectors/climate.py@2026-09-28,collector,"NOAA MLO monthly mean (co2_mm_mlo.txt, file created 2026-09-05)"
co2-mlo-monthly,2015-07,401.46,ppm,https://gml.noaa.gov/webdata/ccgg/trends/co2/co2_mm_mlo.txt,2015-08-07,rule,2026-09-28,collectors/climate.py@2026-09-28,collector,"NOAA MLO monthly mean (co2_mm_mlo.txt, file created 2026-09-05)"
co2-mlo-monthly,2015-08,399.11,ppm,https://gml.noaa.gov/webdata/ccgg/trends/co2/co2_mm_mlo.txt,2015-09-07,rule,2026-09-28,collectors/climate.py@2026-09-28,collector,"NOAA MLO monthly mean (co2_mm_mlo.txt, file created 2026-09-05)"
co2-mlo-monthly,2015-09,397.82,ppm,https://gml.noaa.gov/webdata/ccgg/trends/co2/co2_mm_mlo.txt,2015-10-07,rule,2026-09-28,collectors/climate.py@2026-09-28,collector,"NOAA MLO monthly mean (co2_mm_mlo.txt, file created 2026-09-05)"
co2-mlo-monthly,2015-10,398.49,ppm,https://gml.noaa.gov/webdata/ccgg/trends/co2/co2_mm_mlo.txt,2015-11-07,rule,2026-09-28,collectors/climate.py@2026-09-28,collector,"NOAA MLO monthly mean (co2_mm_mlo.txt, file created 2026-09-05)"
co2-mlo-monthly,2015-11,400.27,ppm,https://gml.noaa.gov/webdata/ccgg/trends/co2/co2_mm_mlo.txt,2015-12-07,rule,2026-09-28,collectors/climate.py@2026-09-28,collector,"NOAA MLO monthly mean (co2_mm_mlo.txt, file created 2026-09-05)"
co2-mlo-monthly,2015-12,402.06,ppm,https://gml.noaa.gov/webdata/ccgg/trends/co2/co2_mm_mlo.txt,2016-01-07,rule,2026-09-28,collectors/climate.py@2026-09-28,collector,"NOAA MLO monthly mean (co2_mm_mlo.txt, file created 2026-09-05)"
co2-mlo-monthly,2016-01,402.73,ppm,https://gml.noaa.gov/webdata/ccgg/trends/co2/co2_mm_mlo.txt,2016-02-07,rule,2026-09-28,collectors/climate.py@2026-09-28,collector,"NOAA MLO monthly mean (co2_mm_mlo.txt, file created 2026-09-05)"
co2-mlo-monthly,2016-02,404.25,ppm,https://gml.noaa.gov/webdata/ccgg/trends/co2/co2_mm_mlo.txt,2016-03-07,rule,2026-09-28,collectors/climate.py@2026-09-28,collector,"NOAA MLO monthly mean (co2_mm_mlo.txt, file created 2026-09-05)"
co2-mlo-monthly,2016-03,405.06,ppm,https://gml.noaa.gov/webdata/ccgg/trends/co2/co2_mm_mlo.txt,2016-04-07,rule,2026-09-28,collectors/climate.py@2026-09-28,collector,"NOAA MLO monthly mean (co2_mm_mlo.txt, file created 2026-09-05)"
co2-mlo-monthly,2016-04,407.60,ppm,https://gml.noaa.gov/webdata/ccgg/trends/co2/co2_mm_mlo.txt,2016-05-07,rule,2026-09-28,collectors/climate.py@2026-09-28,collector,"NOAA MLO monthly mean (co2_mm_mlo.txt, file created 2026-09-05)"
co2-mlo-monthly,2016-06,406.99,ppm,https://gml.noaa.gov/webdata/ccgg/trends/co2/co2_mm_mlo.txt,2016-07-07,rule,2026-09-28,collectors/climate.py@2026-09-28,collector,"NOAA MLO monthly mean (co2_mm_mlo.txt, file created 2026-09-05)"
co2-mlo-monthly,2016-07,404.59,ppm,https://gml.noaa.gov/webdata/ccgg/trends/co2/co2_mm_mlo.txt,2016-08-07,rule,2026-09-28,collectors/climate.py@2026-09-28,collector,"NOAA MLO monthly mean (co2_mm_mlo.txt, file created 2026-09-05)"
co2-mlo-monthly,2016-08,402.45,ppm,https://gml.noaa.gov/webdata/ccgg/trends/co2/co2_mm_mlo.txt,2016-09-07,rule,2026-09-28,collectors/climate.py@2026-09-28,collector,"NOAA MLO monthly mean (co2_mm_mlo.txt, file created 2026-09-05)"
co2-mlo-monthly,2016-09,401.23,ppm,https://gml.noaa.gov/webdata/ccgg/trends/co2/co2_mm_mlo.txt,2016-10-07,rule,2026-09-28,collectors/climate.py@2026-09-28,collector,"NOAA MLO monthly mean (co2_mm_mlo.txt, file created 2026-09-05)"
co2-mlo-monthly,2016-10,401.79,ppm,https://gml.noaa.gov/webdata/ccgg/trends/co2/co2_mm_mlo.txt,2016-11-07,rule,2026-09-28,collectors/climate.py@2026-09-28,collector,"NOAA MLO monthly mean (co2_mm_mlo.txt, file created 2026-09-05)"
co2-mlo-monthly,2016-11,403.72,ppm,https://gml.noaa.gov/webdata/ccgg/trends/co2/co2_mm_mlo.txt,2016-12-07,rule,2026-09-28,collectors/climate.py@2026-09-28,collector,"NOAA MLO monthly mean (co2_mm_mlo.txt, file created 2026-09-05)"
co2-mlo-monthly,2016-12,404.64,ppm,https://gml.noaa.gov/webdata/ccgg/trends/co2/co2_mm_mlo.txt,2017-01-07,rule,2026-09-28,collectors/climate.py@2026-09-28,collector,"NOAA MLO monthly mean (co2_mm_mlo.txt, file created 2026-09-05)"
co2-mlo-monthly,2017-01,406.36,ppm,https://gml.noaa.gov/webdata/ccgg/trends/co2/co2_mm_mlo.txt,2017-02-07,rule,2026-09-28,collectors/climate.py@2026-09-28,collector,"NOAA MLO monthly mean (co2_mm_mlo.txt, file created 2026-09-05)"
co2-mlo-monthly,2017-02,406.66,ppm,https://gml.noaa.gov/webdata/ccgg/trends/co2/co2_mm_mlo.txt,2017-03-07,rule,2026-09-28,collectors/climate.py@2026-09-28,collector,"NOAA MLO monthly mean (co2_mm_mlo.txt, file created 2026-09-05)"
co2-mlo-monthly,2017-03,407.54,ppm,https://gml.noaa.gov/webdata/ccgg/trends/co2/co2_mm_mlo.txt,2017-04-07,rule,2026-09-28,collectors/climate.py@2026-09-28,collector,"NOAA MLO monthly mean (co2_mm_mlo.txt, file created 2026-09-05)"
co2-mlo-monthly,2017-04,409.22,ppm,https://gml.noaa.gov/webdata/ccgg/trends/co2/co2_mm_mlo.txt,2017-05-07,rule,2026-09-28,collectors/climate.py@2026-09-28,collector,"NOAA MLO monthly mean (co2_mm_mlo.txt, file created 2026-09-05)"
co2-mlo-monthly,2017-06,409.08,ppm,https://gml.noaa.gov/webdata/ccgg/trends/co2/co2_mm_mlo.txt,2017-07-07,rule,2026-09-28,collectors/climate.py@2026-09-28,collector,"NOAA MLO monthly mean (co2_mm_mlo.txt, file created 2026-09-05)"
co2-mlo-monthly,2017-07,407.33,ppm,https://gml.noaa.gov/webdata/ccgg/trends/co2/co2_mm_mlo.txt,2017-08-07,rule,2026-09-28,collectors/climate.py@2026-09-28,collector,"NOAA MLO monthly mean (co2_mm_mlo.txt, file created 2026-09-05)"
co2-mlo-monthly,2017-08,405.32,ppm,https://gml.noaa.gov/webdata/ccgg/trends/co2/co2_mm_mlo.txt,2017-09-07,rule,2026-09-28,collectors/climate.py@2026-09-28,collector,"NOAA MLO monthly mean (co2_mm_mlo.txt, file created 2026-09-05)"
co2-mlo-monthly,2017-09,403.57,ppm,https://gml.noaa.gov/webdata/ccgg/trends/co2/co2_mm_mlo.txt,2017-10-07,rule,2026-09-28,collectors/climate.py@2026-09-28,collector,"NOAA MLO monthly mean (co2_mm_mlo.txt, file created 2026-09-05)"
co2-mlo-monthly,2017-10,403.82,ppm,https://gml.noaa.gov/webdata/ccgg/trends/co2/co2_mm_mlo.txt,2017-11-07,rule,2026-09-28,collectors/climate.py@2026-09-28,collector,"NOAA MLO monthly mean (co2_mm_mlo.txt, file created 2026-09-05)"
co2-mlo-monthly,2017-11,405.31,ppm,https://gml.noaa.gov/webdata/ccgg/trends/co2/co2_mm_mlo.txt,2017-12-07,rule,2026-09-28,collectors/climate.py@2026-09-28,collector,"NOAA MLO monthly mean (co2_mm_mlo.txt, file created 2026-09-05)"
co2-mlo-monthly,2017-12,407.00,ppm,https://gml.noaa.gov/webdata/ccgg/trends/co2/co2_mm_mlo.txt,2018-01-07,rule,2026-09-28,collectors/climate.py@2026-09-28,collector,"NOAA MLO monthly mean (co2_mm_mlo.txt, file created 2026-09-05)"
co2-mlo-monthly,2018-01,408.15,ppm,https://gml.noaa.gov/webdata/ccgg/trends/co2/co2_mm_mlo.txt,2018-02-07,rule,2026-09-28,collectors/climate.py@2026-09-28,collector,"NOAA MLO monthly mean (co2_mm_mlo.txt, file created 2026-09-05)"
co2-mlo-monthly,2018-02,408.52,ppm,https://gml.noaa.gov/webdata/ccgg/trends/co2/co2_mm_mlo.txt,2018-03-07,rule,2026-09-28,collectors/climate.py@2026-09-28,collector,"NOAA MLO monthly mean (co2_mm_mlo.txt, file created 2026-09-05)"
co2-mlo-monthly,2018-03,409.59,ppm,https://gml.noaa.gov/webdata/ccgg/trends/co2/co2_mm_mlo.txt,2018-04-07,rule,2026-09-28,collectors/climate.py@2026-09-28,collector,"NOAA MLO monthly mean (co2_mm_mlo.txt, file created 2026-09-05)"
co2-mlo-monthly,2018-04,410.45,ppm,https://gml.noaa.gov/webdata/ccgg/trends/co2/co2_mm_mlo.txt,2018-05-07,rule,2026-09-28,collectors/climate.py@2026-09-28,collector,"NOAA MLO monthly mean (co2_mm_mlo.txt, file created 2026-09-05)"
co2-mlo-monthly,2018-06,410.99,ppm,https://gml.noaa.gov/webdata/ccgg/trends/co2/co2_mm_mlo.txt,2018-07-07,rule,2026-09-28,collectors/climate.py@2026-09-28,collector,"NOAA MLO monthly mean (co2_mm_mlo.txt, file created 2026-09-05)"
co2-mlo-monthly,2018-07,408.90,ppm,https://gml.noaa.gov/webdata/ccgg/trends/co2/co2_mm_mlo.txt,2018-08-07,rule,2026-09-28,collectors/climate.py@2026-09-28,collector,"NOAA MLO monthly mean (co2_mm_mlo.txt, file created 2026-09-05)"
co2-mlo-monthly,2018-08,407.16,ppm,https://gml.noaa.gov/webdata/ccgg/trends/co2/co2_mm_mlo.txt,2018-09-07,rule,2026-09-28,collectors/climate.py@2026-09-28,collector,"NOAA MLO monthly mean (co2_mm_mlo.txt, file created 2026-09-05)"
co2-mlo-monthly,2018-09,405.71,ppm,https://gml.noaa.gov/webdata/ccgg/trends/co2/co2_mm_mlo.txt,2018-10-07,rule,2026-09-28,collectors/climate.py@2026-09-28,collector,"NOAA MLO monthly mean (co2_mm_mlo.txt, file created 2026-09-05)"
co2-mlo-monthly,2018-10,406.19,ppm,https://gml.noaa.gov/webdata/ccgg/trends/co2/co2_mm_mlo.txt,2018-11-07,rule,2026-09-28,collectors/climate.py@2026-09-28,collector,"NOAA MLO monthly mean (co2_mm_mlo.txt, file created 2026-09-05)"
co2-mlo-monthly,2018-11,408.21,ppm,https://gml.noaa.gov/webdata/ccgg/trends/co2/co2_mm_mlo.txt,2018-12-07,rule,2026-09-28,collectors/climate.py@2026-09-28,collector,"NOAA MLO monthly mean (co2_mm_mlo.txt, file created 2026-09-05)"
co2-mlo-monthly,2018-12,409.27,ppm,https://gml.noaa.gov/webdata/ccgg/trends/co2/co2_mm_mlo.txt,2019-01-07,rule,2026-09-28,collectors/climate.py@2026-09-28,collector,"NOAA MLO monthly mean (co2_mm_mlo.txt, file created 2026-09-05)"
co2-mlo-monthly,2019-01,411.03,ppm,https://gml.noaa.gov/webdata/ccgg/trends/co2/co2_mm_mlo.txt,2019-02-07,rule,2026-09-28,collectors/climate.py@2026-09-28,collector,"NOAA MLO monthly mean (co2_mm_mlo.txt, file created 2026-09-05)"
co2-mlo-monthly,2019-02,411.96,ppm,https://gml.noaa.gov/webdata/ccgg/trends/co2/co2_mm_mlo.txt,2019-03-07,rule,2026-09-28,collectors/climate.py@2026-09-28,collector,"NOAA MLO monthly mean (co2_mm_mlo.txt, file created 2026-09-05)"
co2-mlo-monthly,2019-03,412.18,ppm,https://gml.noaa.gov/webdata/ccgg/trends/co2/co2_mm_mlo.txt,2019-04-07,rule,2026-09-28,collectors/climate.py@2026-09-28,collector,"NOAA MLO monthly mean (co2_mm_mlo.txt, file created 2026-09-05)"
co2-mlo-monthly,2019-04,413.54,ppm,https://gml.noaa.gov/webdata/ccgg/trends/co2/co2_mm_mlo.txt,2019-05-07,rule,2026-09-28,collectors/climate.py@2026-09-28,collector,"NOAA MLO monthly mean (co2_mm_mlo.txt, file created 2026-09-05)"
co2-mlo-monthly,2019-06,414.15,ppm,https://gml.noaa.gov/webdata/ccgg/trends/co2/co2_mm_mlo.txt,2019-07-07,rule,2026-09-28,collectors/climate.py@2026-09-28,collector,"NOAA MLO monthly mean (co2_mm_mlo.txt, file created 2026-09-05)"
co2-mlo-monthly,2019-07,411.96,ppm,https://gml.noaa.gov/webdata/ccgg/trends/co2/co2_mm_mlo.txt,2019-08-07,rule,2026-09-28,collectors/climate.py@2026-09-28,collector,"NOAA MLO monthly mean (co2_mm_mlo.txt, file created 2026-09-05)"
co2-mlo-monthly,2019-08,410.17,ppm,https://gml.noaa.gov/webdata/ccgg/trends/co2/co2_mm_mlo.txt,2019-09-07,rule,2026-09-28,collectors/climate.py@2026-09-28,collector,"NOAA MLO monthly mean (co2_mm_mlo.txt, file created 2026-09-05)"
co2-mlo-monthly,2019-09,408.76,ppm,https://gml.noaa.gov/webdata/ccgg/trends/co2/co2_mm_mlo.txt,2019-10-07,rule,2026-09-28,collectors/climate.py@2026-09-28,collector,"NOAA MLO monthly mean (co2_mm_mlo.txt, file created 2026-09-05)"
co2-mlo-monthly,2019-10,408.74,ppm,https://gml.noaa.gov/webdata/ccgg/trends/co2/co2_mm_mlo.txt,2019-11-07,rule,2026-09-28,collectors/climate.py@2026-09-28,collector,"NOAA MLO monthly mean (co2_mm_mlo.txt, file created 2026-09-05)"
co2-mlo-monthly,2019-11,410.47,ppm,https://gml.noaa.gov/webdata/ccgg/trends/co2/co2_mm_mlo.txt,2019-12-07,rule,2026-09-28,collectors/climate.py@2026-09-28,collector,"NOAA MLO monthly mean (co2_mm_mlo.txt, file created 2026-09-05)"
co2-mlo-monthly,2019-12,411.97,ppm,https://gml.noaa.gov/webdata/ccgg/trends/co2/co2_mm_mlo.txt,2020-01-07,rule,2026-09-28,collectors/climate.py@2026-09-28,collector,"NOAA MLO monthly mean (co2_mm_mlo.txt, file created 2026-09-05)"
co2-mlo-monthly,2020-01,413.59,ppm,https://gml.noaa.gov/webdata/ccgg/trends/co2/co2_mm_mlo.txt,2020-02-07,rule,2026-09-28,collectors/climate.py@2026-09-28,collector,"NOAA MLO monthly mean (co2_mm_mlo.txt, file created 2026-09-05)"
co2-mlo-monthly,2020-02,414.32,ppm,https://gml.noaa.gov/webdata/ccgg/trends/co2/co2_mm_mlo.txt,2020-03-07,rule,2026-09-28,collectors/climate.py@2026-09-28,collector,"NOAA MLO monthly mean (co2_mm_mlo.txt, file created 2026-09-05)"
co2-mlo-monthly,2020-03,414.72,ppm,https://gml.noaa.gov/webdata/ccgg/trends/co2/co2_mm_mlo.txt,2020-04-07,rule,2026-09-28,collectors/climate.py@2026-09-28,collector,"NOAA MLO monthly mean (co2_mm_mlo.txt, file created 2026-09-05)"
co2-mlo-monthly,2020-04,416.42,ppm,https://gml.noaa.gov/webdata/ccgg/trends/co2/co2_mm_mlo.txt,2020-05-07,rule,2026-09-28,collectors/climate.py@2026-09-28,collector,"NOAA MLO monthly mean (co2_mm_mlo.txt, file created 2026-09-05)"
co2-mlo-monthly,2020-06,416.58,ppm,https://gml.noaa.gov/webdata/ccgg/trends/co2/co2_mm_mlo.txt,2020-07-07,rule,2026-09-28,collectors/climate.py@2026-09-28,collector,"NOAA MLO monthly mean (co2_mm_mlo.txt, file created 2026-09-05)"
co2-mlo-monthly,2020-07,414.58,ppm,https://gml.noaa.gov/webdata/ccgg/trends/co2/co2_mm_mlo.txt,2020-08-07,rule,2026-09-28,collectors/climate.py@2026-09-28,collector,"NOAA MLO monthly mean (co2_mm_mlo.txt, file created 2026-09-05)"
co2-mlo-monthly,2020-08,412.75,ppm,https://gml.noaa.gov/webdata/ccgg/trends/co2/co2_mm_mlo.txt,2020-09-07,rule,2026-09-28,collectors/climate.py@2026-09-28,collector,"NOAA MLO monthly mean (co2_mm_mlo.txt, file created 2026-09-05)"
co2-mlo-monthly,2020-09,411.50,ppm,https://gml.noaa.gov/webdata/ccgg/trends/co2/co2_mm_mlo.txt,2020-10-07,rule,2026-09-28,collectors/climate.py@2026-09-28,collector,"NOAA MLO monthly mean (co2_mm_mlo.txt, file created 2026-09-05)"
co2-mlo-monthly,2020-10,411.49,ppm,https://gml.noaa.gov/webdata/ccgg/trends/co2/co2_mm_mlo.txt,2020-11-07,rule,2026-09-28,collectors/climate.py@2026-09-28,collector,"NOAA MLO monthly mean (co2_mm_mlo.txt, file created 2026-09-05)"
co2-mlo-monthly,2020-11,413.10,ppm,https://gml.noaa.gov/webdata/ccgg/trends/co2/co2_mm_mlo.txt,2020-12-07,rule,2026-09-28,collectors/climate.py@2026-09-28,collector,"NOAA MLO monthly mean (co2_mm_mlo.txt, file created 2026-09-05)"
co2-mlo-monthly,2020-12,414.23,ppm,https://gml.noaa.gov/webdata/ccgg/trends/co2/co2_mm_mlo.txt,2021-01-07,rule,2026-09-28,collectors/climate.py@2026-09-28,collector,"NOAA MLO monthly mean (co2_mm_mlo.txt, file created 2026-09-05)"
co2-mlo-monthly,2021-01,415.49,ppm,https://gml.noaa.gov/webdata/ccgg/trends/co2/co2_mm_mlo.txt,2021-02-07,rule,2026-09-28,collectors/climate.py@2026-09-28,collector,"NOAA MLO monthly mean (co2_mm_mlo.txt, file created 2026-09-05)"
co2-mlo-monthly,2021-02,416.72,ppm,https://gml.noaa.gov/webdata/ccgg/trends/co2/co2_mm_mlo.txt,2021-03-07,rule,2026-09-28,collectors/climate.py@2026-09-28,collector,"NOAA MLO monthly mean (co2_mm_mlo.txt, file created 2026-09-05)"
co2-mlo-monthly,2021-03,417.61,ppm,https://gml.noaa.gov/webdata/ccgg/trends/co2/co2_mm_mlo.txt,2021-04-07,rule,2026-09-28,collectors/climate.py@2026-09-28,collector,"NOAA MLO monthly mean (co2_mm_mlo.txt, file created 2026-09-05)"
co2-mlo-monthly,2021-04,419.01,ppm,https://gml.noaa.gov/webdata/ccgg/trends/co2/co2_mm_mlo.txt,2021-05-07,rule,2026-09-28,collectors/climate.py@2026-09-28,collector,"NOAA MLO monthly mean (co2_mm_mlo.txt, file created 2026-09-05)"
co2-mlo-monthly,2021-06,418.93,ppm,https://gml.noaa.gov/webdata/ccgg/trends/co2/co2_mm_mlo.txt,2021-07-07,rule,2026-09-28,collectors/climate.py@2026-09-28,collector,"NOAA MLO monthly mean (co2_mm_mlo.txt, file created 2026-09-05)"
co2-mlo-monthly,2021-07,416.90,ppm,https://gml.noaa.gov/webdata/ccgg/trends/co2/co2_mm_mlo.txt,2021-08-07,rule,2026-09-28,collectors/climate.py@2026-09-28,collector,"NOAA MLO monthly mean (co2_mm_mlo.txt, file created 2026-09-05)"
co2-mlo-monthly,2021-08,414.42,ppm,https://gml.noaa.gov/webdata/ccgg/trends/co2/co2_mm_mlo.txt,2021-09-07,rule,2026-09-28,collectors/climate.py@2026-09-28,collector,"NOAA MLO monthly mean (co2_mm_mlo.txt, file created 2026-09-05)"
co2-mlo-monthly,2021-09,413.26,ppm,https://gml.noaa.gov/webdata/ccgg/trends/co2/co2_mm_mlo.txt,2021-10-07,rule,2026-09-28,collectors/climate.py@2026-09-28,collector,"NOAA MLO monthly mean (co2_mm_mlo.txt, file created 2026-09-05)"
co2-mlo-monthly,2021-10,413.90,ppm,https://gml.noaa.gov/webdata/ccgg/trends/co2/co2_mm_mlo.txt,2021-11-07,rule,2026-09-28,collectors/climate.py@2026-09-28,collector,"NOAA MLO monthly mean (co2_mm_mlo.txt, file created 2026-09-05)"
co2-mlo-monthly,2021-11,414.97,ppm,https://gml.noaa.gov/webdata/ccgg/trends/co2/co2_mm_mlo.txt,2021-12-07,rule,2026-09-28,collectors/climate.py@2026-09-28,collector,"NOAA MLO monthly mean (co2_mm_mlo.txt, file created 2026-09-05)"
co2-mlo-monthly,2021-12,416.67,ppm,https://gml.noaa.gov/webdata/ccgg/trends/co2/co2_mm_mlo.txt,2022-01-07,rule,2026-09-28,collectors/climate.py@2026-09-28,collector,"NOAA MLO monthly mean (co2_mm_mlo.txt, file created 2026-09-05)"
co2-mlo-monthly,2022-01,418.13,ppm,https://gml.noaa.gov/webdata/ccgg/trends/co2/co2_mm_mlo.txt,2022-02-07,rule,2026-09-28,collectors/climate.py@2026-09-28,collector,"NOAA MLO monthly mean (co2_mm_mlo.txt, file created 2026-09-05)"
co2-mlo-monthly,2022-02,419.24,ppm,https://gml.noaa.gov/webdata/ccgg/trends/co2/co2_mm_mlo.txt,2022-03-07,rule,2026-09-28,collectors/climate.py@2026-09-28,collector,"NOAA MLO monthly mean (co2_mm_mlo.txt, file created 2026-09-05)"
co2-mlo-monthly,2022-03,418.76,ppm,https://gml.noaa.gov/webdata/ccgg/trends/co2/co2_mm_mlo.txt,2022-04-07,rule,2026-09-28,collectors/climate.py@2026-09-28,collector,"NOAA MLO monthly mean (co2_mm_mlo.txt, file created 2026-09-05)"
co2-mlo-monthly,2022-04,420.19,ppm,https://gml.noaa.gov/webdata/ccgg/trends/co2/co2_mm_mlo.txt,2022-05-07,rule,2026-09-28,collectors/climate.py@2026-09-28,collector,"NOAA MLO monthly mean (co2_mm_mlo.txt, file created 2026-09-05)"
co2-mlo-monthly,2022-06,420.94,ppm,https://gml.noaa.gov/webdata/ccgg/trends/co2/co2_mm_mlo.txt,2022-07-07,rule,2026-09-28,collectors/climate.py@2026-09-28,collector,"NOAA MLO monthly mean (co2_mm_mlo.txt, file created 2026-09-05)"
co2-mlo-monthly,2022-07,418.85,ppm,https://gml.noaa.gov/webdata/ccgg/trends/co2/co2_mm_mlo.txt,2022-08-07,rule,2026-09-28,collectors/climate.py@2026-09-28,collector,"NOAA MLO monthly mean (co2_mm_mlo.txt, file created 2026-09-05)"
co2-mlo-monthly,2022-08,417.15,ppm,https://gml.noaa.gov/webdata/ccgg/trends/co2/co2_mm_mlo.txt,2022-09-07,rule,2026-09-28,collectors/climate.py@2026-09-28,collector,"NOAA MLO monthly mean (co2_mm_mlo.txt, file created 2026-09-05)"
co2-mlo-monthly,2022-09,415.91,ppm,https://gml.noaa.gov/webdata/ccgg/trends/co2/co2_mm_mlo.txt,2022-10-07,rule,2026-09-28,collectors/climate.py@2026-09-28,collector,"NOAA MLO monthly mean (co2_mm_mlo.txt, file created 2026-09-05)"
co2-mlo-monthly,2022-10,415.74,ppm,https://gml.noaa.gov/webdata/ccgg/trends/co2/co2_mm_mlo.txt,2022-11-07,rule,2026-09-28,collectors/climate.py@2026-09-28,collector,"NOAA MLO monthly mean (co2_mm_mlo.txt, file created 2026-09-05)"
co2-mlo-monthly,2022-11,417.47,ppm,https://gml.noaa.gov/webdata/ccgg/trends/co2/co2_mm_mlo.txt,2022-12-07,rule,2026-09-28,collectors/climate.py@2026-09-28,collector,"NOAA MLO monthly mean (co2_mm_mlo.txt, file created 2026-09-05)"
co2-mlo-monthly,2022-12,418.99,ppm,https://gml.noaa.gov/webdata/ccgg/trends/co2/co2_mm_mlo.txt,2023-01-07,rule,2026-09-28,collectors/climate.py@2026-09-28,collector,"NOAA MLO monthly mean (co2_mm_mlo.txt, file created 2026-09-05); measured at Maunakea during the Mauna Loa eruption outage"
co2-mlo-monthly,2023-01,419.48,ppm,https://gml.noaa.gov/webdata/ccgg/trends/co2/co2_mm_mlo.txt,2023-02-07,rule,2026-09-28,collectors/climate.py@2026-09-28,collector,"NOAA MLO monthly mean (co2_mm_mlo.txt, file created 2026-09-05); measured at Maunakea during the Mauna Loa eruption outage"
co2-mlo-monthly,2023-02,420.31,ppm,https://gml.noaa.gov/webdata/ccgg/trends/co2/co2_mm_mlo.txt,2023-03-07,rule,2026-09-28,collectors/climate.py@2026-09-28,collector,"NOAA MLO monthly mean (co2_mm_mlo.txt, file created 2026-09-05); measured at Maunakea during the Mauna Loa eruption outage"
co2-mlo-monthly,2023-03,420.99,ppm,https://gml.noaa.gov/webdata/ccgg/trends/co2/co2_mm_mlo.txt,2023-04-07,rule,2026-09-28,collectors/climate.py@2026-09-28,collector,"NOAA MLO monthly mean (co2_mm_mlo.txt, file created 2026-09-05); measured at Maunakea during the Mauna Loa eruption outage"
co2-mlo-monthly,2023-04,423.35,ppm,https://gml.noaa.gov/webdata/ccgg/trends/co2/co2_mm_mlo.txt,2023-05-07,rule,2026-09-28,collectors/climate.py@2026-09-28,collector,"NOAA MLO monthly mean (co2_mm_mlo.txt, file created 2026-09-05); measured at Maunakea during the Mauna Loa eruption outage"
co2-mlo-monthly,2023-06,423.68,ppm,https://gml.noaa.gov/webdata/ccgg/trends/co2/co2_mm_mlo.txt,2023-07-07,rule,2026-09-28,collectors/climate.py@2026-09-28,collector,"NOAA MLO monthly mean (co2_mm_mlo.txt, file created 2026-09-05); measured at Maunakea during the Mauna Loa eruption outage"
co2-mlo-monthly,2023-07,421.83,ppm,https://gml.noaa.gov/webdata/ccgg/trends/co2/co2_mm_mlo.txt,2023-08-07,rule,2026-09-28,collectors/climate.py@2026-09-28,collector,"NOAA MLO monthly mean (co2_mm_mlo.txt, file created 2026-09-05); measured at Maunakea during the Mauna Loa eruption outage"
co2-mlo-monthly,2023-08,419.68,ppm,https://gml.noaa.gov/webdata/ccgg/trends/co2/co2_mm_mlo.txt,2023-09-07,rule,2026-09-28,collectors/climate.py@2026-09-28,collector,"NOAA MLO monthly mean (co2_mm_mlo.txt, file created 2026-09-05)"
co2-mlo-monthly,2023-09,418.50,ppm,https://gml.noaa.gov/webdata/ccgg/trends/co2/co2_mm_mlo.txt,2023-10-07,rule,2026-09-28,collectors/climate.py@2026-09-28,collector,"NOAA MLO monthly mean (co2_mm_mlo.txt, file created 2026-09-05)"
co2-mlo-monthly,2023-10,418.82,ppm,https://gml.noaa.gov/webdata/ccgg/trends/co2/co2_mm_mlo.txt,2023-11-07,rule,2026-09-28,collectors/climate.py@2026-09-28,collector,"NOAA MLO monthly mean (co2_mm_mlo.txt, file created 2026-09-05)"
co2-mlo-monthly,2023-11,420.46,ppm,https://gml.noaa.gov/webdata/ccgg/trends/co2/co2_mm_mlo.txt,2023-12-07,rule,2026-09-28,collectors/climate.py@2026-09-28,collector,"NOAA MLO monthly mean (co2_mm_mlo.txt, file created 2026-09-05)"
co2-mlo-monthly,2023-12,421.86,ppm,https://gml.noaa.gov/webdata/ccgg/trends/co2/co2_mm_mlo.txt,2024-01-07,rule,2026-09-28,collectors/climate.py@2026-09-28,collector,"NOAA MLO monthly mean (co2_mm_mlo.txt, file created 2026-09-05)"
co2-mlo-monthly,2024-01,422.80,ppm,https://gml.noaa.gov/webdata/ccgg/trends/co2/co2_mm_mlo.txt,2024-02-07,rule,2026-09-28,collectors/climate.py@2026-09-28,collector,"NOAA MLO monthly mean (co2_mm_mlo.txt, file created 2026-09-05)"
co2-mlo-monthly,2024-02,424.55,ppm,https://gml.noaa.gov/webdata/ccgg/trends/co2/co2_mm_mlo.txt,2024-03-07,rule,2026-09-28,collectors/climate.py@2026-09-28,collector,"NOAA MLO monthly mean (co2_mm_mlo.txt, file created 2026-09-05)"
co2-mlo-monthly,2024-03,425.38,ppm,https://gml.noaa.gov/webdata/ccgg/trends/co2/co2_mm_mlo.txt,2024-04-07,rule,2026-09-28,collectors/climate.py@2026-09-28,collector,"NOAA MLO monthly mean (co2_mm_mlo.txt, file created 2026-09-05)"
co2-mlo-monthly,2024-04,426.51,ppm,https://gml.noaa.gov/webdata/ccgg/trends/co2/co2_mm_mlo.txt,2024-05-07,rule,2026-09-28,collectors/climate.py@2026-09-28,collector,"NOAA MLO monthly mean (co2_mm_mlo.txt, file created 2026-09-05)"
co2-mlo-monthly,2024-06,426.91,ppm,https://gml.noaa.gov/webdata/ccgg/trends/co2/co2_mm_mlo.txt,2024-07-07,rule,2026-09-28,collectors/climate.py@2026-09-28,collector,"NOAA MLO monthly mean (co2_mm_mlo.txt, file created 2026-09-05)"
co2-mlo-monthly,2024-07,425.55,ppm,https://gml.noaa.gov/webdata/ccgg/trends/co2/co2_mm_mlo.txt,2024-08-07,rule,2026-09-28,collectors/climate.py@2026-09-28,collector,"NOAA MLO monthly mean (co2_mm_mlo.txt, file created 2026-09-05)"
co2-mlo-monthly,2024-08,422.99,ppm,https://gml.noaa.gov/webdata/ccgg/trends/co2/co2_mm_mlo.txt,2024-09-07,rule,2026-09-28,collectors/climate.py@2026-09-28,collector,"NOAA MLO monthly mean (co2_mm_mlo.txt, file created 2026-09-05)"
co2-mlo-monthly,2024-09,422.03,ppm,https://gml.noaa.gov/webdata/ccgg/trends/co2/co2_mm_mlo.txt,2024-10-07,rule,2026-09-28,collectors/climate.py@2026-09-28,collector,"NOAA MLO monthly mean (co2_mm_mlo.txt, file created 2026-09-05)"
co2-mlo-monthly,2024-10,422.38,ppm,https://gml.noaa.gov/webdata/ccgg/trends/co2/co2_mm_mlo.txt,2024-11-07,rule,2026-09-28,collectors/climate.py@2026-09-28,collector,"NOAA MLO monthly mean (co2_mm_mlo.txt, file created 2026-09-05)"
co2-mlo-monthly,2024-11,423.85,ppm,https://gml.noaa.gov/webdata/ccgg/trends/co2/co2_mm_mlo.txt,2024-12-07,rule,2026-09-28,collectors/climate.py@2026-09-28,collector,"NOAA MLO monthly mean (co2_mm_mlo.txt, file created 2026-09-05)"
co2-mlo-monthly,2024-12,425.40,ppm,https://gml.noaa.gov/webdata/ccgg/trends/co2/co2_mm_mlo.txt,2025-01-07,rule,2026-09-28,collectors/climate.py@2026-09-28,collector,"NOAA MLO monthly mean (co2_mm_mlo.txt, file created 2026-09-05)"
co2-mlo-monthly,2025-01,426.65,ppm,https://gml.noaa.gov/webdata/ccgg/trends/co2/co2_mm_mlo.txt,2025-02-07,rule,2026-09-28,collectors/climate.py@2026-09-28,collector,"NOAA MLO monthly mean (co2_mm_mlo.txt, file created 2026-09-05)"
co2-mlo-monthly,2025-02,427.09,ppm,https://gml.noaa.gov/webdata/ccgg/trends/co2/co2_mm_mlo.txt,2025-03-07,rule,2026-09-28,collectors/climate.py@2026-09-28,collector,"NOAA MLO monthly mean (co2_mm_mlo.txt, file created 2026-09-05)"
co2-mlo-monthly,2025-03,428.15,ppm,https://gml.noaa.gov/webdata/ccgg/trends/co2/co2_mm_mlo.txt,2025-04-07,rule,2026-09-28,collectors/climate.py@2026-09-28,collector,"NOAA MLO monthly mean (co2_mm_mlo.txt, file created 2026-09-05)"
co2-mlo-monthly,2025-04,429.64,ppm,https://gml.noaa.gov/webdata/ccgg/trends/co2/co2_mm_mlo.txt,2025-05-07,rule,2026-09-28,collectors/climate.py@2026-09-28,collector,"NOAA MLO monthly mean (co2_mm_mlo.txt, file created 2026-09-05)"
co2-mlo-monthly,2025-06,429.61,ppm,https://gml.noaa.gov/webdata/ccgg/trends/co2/co2_mm_mlo.txt,2025-07-07,rule,2026-09-28,collectors/climate.py@2026-09-28,collector,"NOAA MLO monthly mean (co2_mm_mlo.txt, file created 2026-09-05)"
co2-mlo-monthly,2025-07,427.87,ppm,https://gml.noaa.gov/webdata/ccgg/trends/co2/co2_mm_mlo.txt,2025-08-07,rule,2026-09-28,collectors/climate.py@2026-09-28,collector,"NOAA MLO monthly mean (co2_mm_mlo.txt, file created 2026-09-05)"
co2-mlo-monthly,2025-08,425.48,ppm,https://gml.noaa.gov/webdata/ccgg/trends/co2/co2_mm_mlo.txt,2025-09-07,rule,2026-09-28,collectors/climate.py@2026-09-28,collector,"NOAA MLO monthly mean (co2_mm_mlo.txt, file created 2026-09-05)"
co2-mlo-monthly,2025-09,424.37,ppm,https://gml.noaa.gov/webdata/ccgg/trends/co2/co2_mm_mlo.txt,2025-10-07,rule,2026-09-28,collectors/climate.py@2026-09-28,collector,"NOAA MLO monthly mean (co2_mm_mlo.txt, file created 2026-09-05); preliminary (last 12 months, subject to recalibration)"
co2-mlo-monthly,2025-10,424.87,ppm,https://gml.noaa.gov/webdata/ccgg/trends/co2/co2_mm_mlo.txt,2025-11-07,rule,2026-09-28,collectors/climate.py@2026-09-28,collector,"NOAA MLO monthly mean (co2_mm_mlo.txt, file created 2026-09-05); preliminary (last 12 months, subject to recalibration)"
co2-mlo-monthly,2025-12,427.49,ppm,https://gml.noaa.gov/webdata/ccgg/trends/co2/co2_mm_mlo.txt,2026-01-07,rule,2026-09-28,collectors/climate.py@2026-09-28,collector,"NOAA MLO monthly mean (co2_mm_mlo.txt, file created 2026-09-05); preliminary (last 12 months, subject to recalibration)"
co2-mlo-monthly,2026-07,429.13,ppm,https://gml.noaa.gov/webdata/ccgg/trends/co2/co2_mm_mlo.txt,2026-08-07,rule,2026-09-28,collectors/climate.py@2026-09-28,collector,"NOAA MLO monthly mean (co2_mm_mlo.txt, file created 2026-09-05); preliminary (last 12 months, subject to recalibration)"
co2-mlo-monthly,2026-08,427.55,ppm,https://gml.noaa.gov/webdata/ccgg/trends/co2/co2_mm_mlo.txt,2026-09-07,rule,2026-09-28,collectors/climate.py@2026-09-28,collector,"NOAA MLO monthly mean (co2_mm_mlo.txt, file created 2026-09-05); preliminary (last 12 months, subject to recalibration)"
co2-global-monthly,1979-01,336.56,ppm,https://gml.noaa.gov/webdata/ccgg/trends/co2/co2_mm_gl.txt,1979-02-07,rule,2026-09-28,collectors/climate.py@2026-09-28,collector,"NOAA global marine-surface monthly mean (co2_mm_gl.txt, file created 2026-09-05)"
co2-global-monthly,1979-02,337.29,ppm,https://gml.noaa.gov/webdata/ccgg/trends/co2/co2_mm_gl.txt,1979-03-07,rule,2026-09-28,collectors/climate.py@2026-09-28,collector,"NOAA global marine-surface monthly mean (co2_mm_gl.txt, file created 2026-09-05)"
co2-global-monthly,1979-03,337.88,ppm,https://gml.noaa.gov/webdata/ccgg/trends/co2/co2_mm_gl.txt,1979-04-07,rule,2026-09-28,collectors/climate.py@2026-09-28,collector,"NOAA global marine-surface monthly mean (co2_mm_gl.txt, file created 2026-09-05)"
co2-global-monthly,1979-04,338.32,ppm,https://gml.noaa.gov/webdata/ccgg/trends/co2/co2_mm_gl.txt,1979-05-07,rule,2026-09-28,collectors/climate.py@2026-09-28,collector,"NOAA global marine-surface monthly mean (co2_mm_gl.txt, file created 2026-09-05)"
co2-global-monthly,1979-05,338.26,ppm,https://gml.noaa.gov/webdata/ccgg/trends/co2/co2_mm_gl.txt,1979-06-07,rule,2026-09-28,collectors/climate.py@2026-09-28,collector,"NOAA global marine-surface monthly mean (co2_mm_gl.txt, file created 2026-09-05)"
co2-global-monthly,1979-06,337.38,ppm,https://gml.noaa.gov/webdata/ccgg/trends/co2/co2_mm_gl.txt,1979-07-07,rule,2026-09-28,collectors/climate.py@2026-09-28,collector,"NOAA global marine-surface monthly mean (co2_mm_gl.txt, file created 2026-09-05)"
co2-global-monthly,1979-07,335.56,ppm,https://gml.noaa.gov/webdata/ccgg/trends/co2/co2_mm_gl.txt,1979-08-07,rule,2026-09-28,collectors/climate.py@2026-09-28,collector,"NOAA global marine-surface monthly mean (co2_mm_gl.txt, file created 2026-09-05)"
co2-global-monthly,1979-08,334.36,ppm,https://gml.noaa.gov/webdata/ccgg/trends/co2/co2_mm_gl.txt,1979-09-07,rule,2026-09-28,collectors/climate.py@2026-09-28,collector,"NOAA global marine-surface monthly mean (co2_mm_gl.txt, file created 2026-09-05)"
co2-global-monthly,1979-09,335.02,ppm,https://gml.noaa.gov/webdata/ccgg/trends/co2/co2_mm_gl.txt,1979-10-07,rule,2026-09-28,collectors/climate.py@2026-09-28,collector,"NOAA global marine-surface monthly mean (co2_mm_gl.txt, file created 2026-09-05)"
co2-global-monthly,1979-10,336.36,ppm,https://gml.noaa.gov/webdata/ccgg/trends/co2/co2_mm_gl.txt,1979-11-07,rule,2026-09-28,collectors/climate.py@2026-09-28,collector,"NOAA global marine-surface monthly mean (co2_mm_gl.txt, file created 2026-09-05)"
co2-global-monthly,1979-11,337.36,ppm,https://gml.noaa.gov/webdata/ccgg/trends/co2/co2_mm_gl.txt,1979-12-07,rule,2026-09-28,collectors/climate.py@2026-09-28,collector,"NOAA global marine-surface monthly mean (co2_mm_gl.txt, file created 2026-09-05)"
co2-global-monthly,1979-12,337.89,ppm,https://gml.noaa.gov/webdata/ccgg/trends/co2/co2_mm_gl.txt,1980-01-07,rule,2026-09-28,collectors/climate.py@2026-09-28,collector,"NOAA global marine-surface monthly mean (co2_mm_gl.txt, file created 2026-09-05)"
co2-global-monthly,1980-01,338.58,ppm,https://gml.noaa.gov/webdata/ccgg/trends/co2/co2_mm_gl.txt,1980-02-07,rule,2026-09-28,collectors/climate.py@2026-09-28,collector,"NOAA global marine-surface monthly mean (co2_mm_gl.txt, file created 2026-09-05)"
co2-global-monthly,1980-02,339.26,ppm,https://gml.noaa.gov/webdata/ccgg/trends/co2/co2_mm_gl.txt,1980-03-07,rule,2026-09-28,collectors/climate.py@2026-09-28,collector,"NOAA global marine-surface monthly mean (co2_mm_gl.txt, file created 2026-09-05)"
co2-global-monthly,1980-03,339.60,ppm,https://gml.noaa.gov/webdata/ccgg/trends/co2/co2_mm_gl.txt,1980-04-07,rule,2026-09-28,collectors/climate.py@2026-09-28,collector,"NOAA global marine-surface monthly mean (co2_mm_gl.txt, file created 2026-09-05)"
co2-global-monthly,1980-04,340.00,ppm,https://gml.noaa.gov/webdata/ccgg/trends/co2/co2_mm_gl.txt,1980-05-07,rule,2026-09-28,collectors/climate.py@2026-09-28,collector,"NOAA global marine-surface monthly mean (co2_mm_gl.txt, file created 2026-09-05)"
co2-global-monthly,1980-05,340.44,ppm,https://gml.noaa.gov/webdata/ccgg/trends/co2/co2_mm_gl.txt,1980-06-07,rule,2026-09-28,collectors/climate.py@2026-09-28,collector,"NOAA global marine-surface monthly mean (co2_mm_gl.txt, file created 2026-09-05)"
co2-global-monthly,1980-06,339.99,ppm,https://gml.noaa.gov/webdata/ccgg/trends/co2/co2_mm_gl.txt,1980-07-07,rule,2026-09-28,collectors/climate.py@2026-09-28,collector,"NOAA global marine-surface monthly mean (co2_mm_gl.txt, file created 2026-09-05)"
co2-global-monthly,1980-07,338.44,ppm,https://gml.noaa.gov/webdata/ccgg/trends/co2/co2_mm_gl.txt,1980-08-07,rule,2026-09-28,collectors/climate.py@2026-09-28,collector,"NOAA global marine-surface monthly mean (co2_mm_gl.txt, file created 2026-09-05)"
co2-global-monthly,1980-08,337.22,ppm,https://gml.noaa.gov/webdata/ccgg/trends/co2/co2_mm_gl.txt,1980-09-07,rule,2026-09-28,collectors/climate.py@2026-09-28,collector,"NOAA global marine-surface monthly mean (co2_mm_gl.txt, file created 2026-09-05)"
co2-global-monthly,1980-09,337.05,ppm,https://gml.noaa.gov/webdata/ccgg/trends/co2/co2_mm_gl.txt,1980-10-07,rule,2026-09-28,collectors/climate.py@2026-09-28,collector,"NOAA global marine-surface monthly mean (co2_mm_gl.txt, file created 2026-09-05)"
co2-global-monthly,1980-10,337.82,ppm,https://gml.noaa.gov/webdata/ccgg/trends/co2/co2_mm_gl.txt,1980-11-07,rule,2026-09-28,collectors/climate.py@2026-09-28,collector,"NOAA global marine-surface monthly mean (co2_mm_gl.txt, file created 2026-09-05)"
co2-global-monthly,1980-11,338.93,ppm,https://gml.noaa.gov/webdata/ccgg/trends/co2/co2_mm_gl.txt,1980-12-07,rule,2026-09-28,collectors/climate.py@2026-09-28,collector,"NOAA global marine-surface monthly mean (co2_mm_gl.txt, file created 2026-09-05)"
co2-global-monthly,1980-12,339.63,ppm,https://gml.noaa.gov/webdata/ccgg/trends/co2/co2_mm_gl.txt,1981-01-07,rule,2026-09-28,collectors/climate.py@2026-09-28,collector,"NOAA global marine-surface monthly mean (co2_mm_gl.txt, file created 2026-09-05)"
co2-global-monthly,1981-01,340.18,ppm,https://gml.noaa.gov/webdata/ccgg/trends/co2/co2_mm_gl.txt,1981-02-07,rule,2026-09-28,collectors/climate.py@2026-09-28,collector,"NOAA global marine-surface monthly mean (co2_mm_gl.txt, file created 2026-09-05)"
co2-global-monthly,1981-02,340.75,ppm,https://gml.noaa.gov/webdata/ccgg/trends/co2/co2_mm_gl.txt,1981-03-07,rule,2026-09-28,collectors/climate.py@2026-09-28,collector,"NOAA global marine-surface monthly mean (co2_mm_gl.txt, file created 2026-09-05)"
co2-global-monthly,1981-03,341.38,ppm,https://gml.noaa.gov/webdata/ccgg/trends/co2/co2_mm_gl.txt,1981-04-07,rule,2026-09-28,collectors/climate.py@2026-09-28,collector,"NOAA global marine-surface monthly mean (co2_mm_gl.txt, file created 2026-09-05)"
co2-global-monthly,1981-04,341.68,ppm,https://gml.noaa.gov/webdata/ccgg/trends/co2/co2_mm_gl.txt,1981-05-07,rule,2026-09-28,collectors/climate.py@2026-09-28,collector,"NOAA global marine-surface monthly mean (co2_mm_gl.txt, file created 2026-09-05)"
co2-global-monthly,1981-05,341.43,ppm,https://gml.noaa.gov/webdata/ccgg/trends/co2/co2_mm_gl.txt,1981-06-07,rule,2026-09-28,collectors/climate.py@2026-09-28,collector,"NOAA global marine-surface monthly mean (co2_mm_gl.txt, file created 2026-09-05)"
co2-global-monthly,1981-06,340.63,ppm,https://gml.noaa.gov/webdata/ccgg/trends/co2/co2_mm_gl.txt,1981-07-07,rule,2026-09-28,collectors/climate.py@2026-09-28,collector,"NOAA global marine-surface monthly mean (co2_mm_gl.txt, file created 2026-09-05)"
co2-global-monthly,1981-07,339.22,ppm,https://gml.noaa.gov/webdata/ccgg/trends/co2/co2_mm_gl.txt,1981-08-07,rule,2026-09-28,collectors/climate.py@2026-09-28,collector,"NOAA global marine-surface monthly mean (co2_mm_gl.txt, file created 2026-09-05)"
co2-global-monthly,1981-08,338.08,ppm,https://gml.noaa.gov/webdata/ccgg/trends/co2/co2_mm_gl.txt,1981-09-07,rule,2026-09-28,collectors/climate.py@2026-09-28,collector,"NOAA global marine-surface monthly mean (co2_mm_gl.txt, file created 2026-09-05)"
co2-global-monthly,1981-09,337.97,ppm,https://gml.noaa.gov/webdata/ccgg/trends/co2/co2_mm_gl.txt,1981-10-07,rule,2026-09-28,collectors/climate.py@2026-09-28,collector,"NOAA global marine-surface monthly mean (co2_mm_gl.txt, file created 2026-09-05)"
co2-global-monthly,1981-10,339.07,ppm,https://gml.noaa.gov/webdata/ccgg/trends/co2/co2_mm_gl.txt,1981-11-07,rule,2026-09-28,collectors/climate.py@2026-09-28,collector,"NOAA global marine-surface monthly mean (co2_mm_gl.txt, file created 2026-09-05)"
co2-global-monthly,1981-11,340.17,ppm,https://gml.noaa.gov/webdata/ccgg/trends/co2/co2_mm_gl.txt,1981-12-07,rule,2026-09-28,collectors/climate.py@2026-09-28,collector,"NOAA global marine-surface monthly mean (co2_mm_gl.txt, file created 2026-09-05)"
co2-global-monthly,1981-12,340.74,ppm,https://gml.noaa.gov/webdata/ccgg/trends/co2/co2_mm_gl.txt,1982-01-07,rule,2026-09-28,collectors/climate.py@2026-09-28,collector,"NOAA global marine-surface monthly mean (co2_mm_gl.txt, file created 2026-09-05)"
co2-global-monthly,1982-01,341.36,ppm,https://gml.noaa.gov/webdata/ccgg/trends/co2/co2_mm_gl.txt,1982-02-07,rule,2026-09-28,collectors/climate.py@2026-09-28,collector,"NOAA global marine-surface monthly mean (co2_mm_gl.txt, file created 2026-09-05)"
co2-global-monthly,1982-02,341.95,ppm,https://gml.noaa.gov/webdata/ccgg/trends/co2/co2_mm_gl.txt,1982-03-07,rule,2026-09-28,collectors/climate.py@2026-09-28,collector,"NOAA global marine-surface monthly mean (co2_mm_gl.txt, file created 2026-09-05)"
co2-global-monthly,1982-03,342.23,ppm,https://gml.noaa.gov/webdata/ccgg/trends/co2/co2_mm_gl.txt,1982-04-07,rule,2026-09-28,collectors/climate.py@2026-09-28,collector,"NOAA global marine-surface monthly mean (co2_mm_gl.txt, file created 2026-09-05)"
co2-global-monthly,1982-04,342.52,ppm,https://gml.noaa.gov/webdata/ccgg/trends/co2/co2_mm_gl.txt,1982-05-07,rule,2026-09-28,collectors/climate.py@2026-09-28,collector,"NOAA global marine-surface monthly mean (co2_mm_gl.txt, file created 2026-09-05)"
co2-global-monthly,1982-05,342.37,ppm,https://gml.noaa.gov/webdata/ccgg/trends/co2/co2_mm_gl.txt,1982-06-07,rule,2026-09-28,collectors/climate.py@2026-09-28,collector,"NOAA global marine-surface monthly mean (co2_mm_gl.txt, file created 2026-09-05)"
co2-global-monthly,1982-06,341.49,ppm,https://gml.noaa.gov/webdata/ccgg/trends/co2/co2_mm_gl.txt,1982-07-07,rule,2026-09-28,collectors/climate.py@2026-09-28,collector,"NOAA global marine-surface monthly mean (co2_mm_gl.txt, file created 2026-09-05)"
co2-global-monthly,1982-07,339.75,ppm,https://gml.noaa.gov/webdata/ccgg/trends/co2/co2_mm_gl.txt,1982-08-07,rule,2026-09-28,collectors/climate.py@2026-09-28,collector,"NOAA global marine-surface monthly mean (co2_mm_gl.txt, file created 2026-09-05)"
co2-global-monthly,1982-08,338.11,ppm,https://gml.noaa.gov/webdata/ccgg/trends/co2/co2_mm_gl.txt,1982-09-07,rule,2026-09-28,collectors/climate.py@2026-09-28,collector,"NOAA global marine-surface monthly mean (co2_mm_gl.txt, file created 2026-09-05)"
co2-global-monthly,1982-09,338.16,ppm,https://gml.noaa.gov/webdata/ccgg/trends/co2/co2_mm_gl.txt,1982-10-07,rule,2026-09-28,collectors/climate.py@2026-09-28,collector,"NOAA global marine-surface monthly mean (co2_mm_gl.txt, file created 2026-09-05)"
co2-global-monthly,1982-10,339.61,ppm,https://gml.noaa.gov/webdata/ccgg/trends/co2/co2_mm_gl.txt,1982-11-07,rule,2026-09-28,collectors/climate.py@2026-09-28,collector,"NOAA global marine-surface monthly mean (co2_mm_gl.txt, file created 2026-09-05)"
co2-global-monthly,1982-11,340.95,ppm,https://gml.noaa.gov/webdata/ccgg/trends/co2/co2_mm_gl.txt,1982-12-07,rule,2026-09-28,collectors/climate.py@2026-09-28,collector,"NOAA global marine-surface monthly mean (co2_mm_gl.txt, file created 2026-09-05)"
co2-global-monthly,1982-12,341.77,ppm,https://gml.noaa.gov/webdata/ccgg/trends/co2/co2_mm_gl.txt,1983-01-07,rule,2026-09-28,collectors/climate.py@2026-09-28,collector,"NOAA global marine-surface monthly mean (co2_mm_gl.txt, file created 2026-09-05)"
co2-global-monthly,1983-01,342.37,ppm,https://gml.noaa.gov/webdata/ccgg/trends/co2/co2_mm_gl.txt,1983-02-07,rule,2026-09-28,collectors/climate.py@2026-09-28,collector,"NOAA global marine-surface monthly mean (co2_mm_gl.txt, file created 2026-09-05)"
co2-global-monthly,1983-02,342.74,ppm,https://gml.noaa.gov/webdata/ccgg/trends/co2/co2_mm_gl.txt,1983-03-07,rule,2026-09-28,collectors/climate.py@2026-09-28,collector,"NOAA global marine-surface monthly mean (co2_mm_gl.txt, file created 2026-09-05)"
co2-global-monthly,1983-03,343.04,ppm,https://gml.noaa.gov/webdata/ccgg/trends/co2/co2_mm_gl.txt,1983-04-07,rule,2026-09-28,collectors/climate.py@2026-09-28,collector,"NOAA global marine-surface monthly mean (co2_mm_gl.txt, file created 2026-09-05)"
co2-global-monthly,1983-04,343.51,ppm,https://gml.noaa.gov/webdata/ccgg/trends/co2/co2_mm_gl.txt,1983-05-07,rule,2026-09-28,collectors/climate.py@2026-09-28,collector,"NOAA global marine-surface monthly mean (co2_mm_gl.txt, file created 2026-09-05)"
co2-global-monthly,1983-05,343.84,ppm,https://gml.noaa.gov/webdata/ccgg/trends/co2/co2_mm_gl.txt,1983-06-07,rule,2026-09-28,collectors/climate.py@2026-09-28,collector,"NOAA global marine-surface monthly mean (co2_mm_gl.txt, file created 2026-09-05)"
co2-global-monthly,1983-06,343.50,ppm,https://gml.noaa.gov/webdata/ccgg/trends/co2/co2_mm_gl.txt,1983-07-07,rule,2026-09-28,collectors/climate.py@2026-09-28,collector,"NOAA global marine-surface monthly mean (co2_mm_gl.txt, file created 2026-09-05)"
co2-global-monthly,1983-07,342.14,ppm,https://gml.noaa.gov/webdata/ccgg/trends/co2/co2_mm_gl.txt,1983-08-07,rule,2026-09-28,collectors/climate.py@2026-09-28,collector,"NOAA global marine-surface monthly mean (co2_mm_gl.txt, file created 2026-09-05)"
co2-global-monthly,1983-08,340.62,ppm,https://gml.noaa.gov/webdata/ccgg/trends/co2/co2_mm_gl.txt,1983-09-07,rule,2026-09-28,collectors/climate.py@2026-09-28,collector,"NOAA global marine-surface monthly mean (co2_mm_gl.txt, file created 2026-09-05)"
co2-global-monthly,1983-09,340.53,ppm,https://gml.noaa.gov/webdata/ccgg/trends/co2/co2_mm_gl.txt,1983-10-07,rule,2026-09-28,collectors/climate.py@2026-09-28,collector,"NOAA global marine-surface monthly mean (co2_mm_gl.txt, file created 2026-09-05)"
co2-global-monthly,1983-10,341.75,ppm,https://gml.noaa.gov/webdata/ccgg/trends/co2/co2_mm_gl.txt,1983-11-07,rule,2026-09-28,collectors/climate.py@2026-09-28,collector,"NOAA global marine-surface monthly mean (co2_mm_gl.txt, file created 2026-09-05)"
co2-global-monthly,1983-11,342.83,ppm,https://gml.noaa.gov/webdata/ccgg/trends/co2/co2_mm_gl.txt,1983-12-07,rule,2026-09-28,collectors/climate.py@2026-09-28,collector,"NOAA global marine-surface monthly mean (co2_mm_gl.txt, file created 2026-09-05)"
co2-global-monthly,1983-12,343.49,ppm,https://gml.noaa.gov/webdata/ccgg/trends/co2/co2_mm_gl.txt,1984-01-07,rule,2026-09-28,collectors/climate.py@2026-09-28,collector,"NOAA global marine-surface monthly mean (co2_mm_gl.txt, file created 2026-09-05)"
co2-global-monthly,1984-01,344.32,ppm,https://gml.noaa.gov/webdata/ccgg/trends/co2/co2_mm_gl.txt,1984-02-07,rule,2026-09-28,collectors/climate.py@2026-09-28,collector,"NOAA global marine-surface monthly mean (co2_mm_gl.txt, file created 2026-09-05)"
co2-global-monthly,1984-02,344.82,ppm,https://gml.noaa.gov/webdata/ccgg/trends/co2/co2_mm_gl.txt,1984-03-07,rule,2026-09-28,collectors/climate.py@2026-09-28,collector,"NOAA global marine-surface monthly mean (co2_mm_gl.txt, file created 2026-09-05)"
co2-global-monthly,1984-03,344.96,ppm,https://gml.noaa.gov/webdata/ccgg/trends/co2/co2_mm_gl.txt,1984-04-07,rule,2026-09-28,collectors/climate.py@2026-09-28,collector,"NOAA global marine-surface monthly mean (co2_mm_gl.txt, file created 2026-09-05)"
co2-global-monthly,1984-04,345.19,ppm,https://gml.noaa.gov/webdata/ccgg/trends/co2/co2_mm_gl.txt,1984-05-07,rule,2026-09-28,collectors/climate.py@2026-09-28,collector,"NOAA global marine-surface monthly mean (co2_mm_gl.txt, file created 2026-09-05)"
co2-global-monthly,1984-05,345.33,ppm,https://gml.noaa.gov/webdata/ccgg/trends/co2/co2_mm_gl.txt,1984-06-07,rule,2026-09-28,collectors/climate.py@2026-09-28,collector,"NOAA global marine-surface monthly mean (co2_mm_gl.txt, file created 2026-09-05)"
co2-global-monthly,1984-06,344.57,ppm,https://gml.noaa.gov/webdata/ccgg/trends/co2/co2_mm_gl.txt,1984-07-07,rule,2026-09-28,collectors/climate.py@2026-09-28,collector,"NOAA global marine-surface monthly mean (co2_mm_gl.txt, file created 2026-09-05)"
co2-global-monthly,1984-07,343.20,ppm,https://gml.noaa.gov/webdata/ccgg/trends/co2/co2_mm_gl.txt,1984-08-07,rule,2026-09-28,collectors/climate.py@2026-09-28,collector,"NOAA global marine-surface monthly mean (co2_mm_gl.txt, file created 2026-09-05)"
co2-global-monthly,1984-08,342.21,ppm,https://gml.noaa.gov/webdata/ccgg/trends/co2/co2_mm_gl.txt,1984-09-07,rule,2026-09-28,collectors/climate.py@2026-09-28,collector,"NOAA global marine-surface monthly mean (co2_mm_gl.txt, file created 2026-09-05)"
co2-global-monthly,1984-09,342.13,ppm,https://gml.noaa.gov/webdata/ccgg/trends/co2/co2_mm_gl.txt,1984-10-07,rule,2026-09-28,collectors/climate.py@2026-09-28,collector,"NOAA global marine-surface monthly mean (co2_mm_gl.txt, file created 2026-09-05)"
co2-global-monthly,1984-10,342.99,ppm,https://gml.noaa.gov/webdata/ccgg/trends/co2/co2_mm_gl.txt,1984-11-07,rule,2026-09-28,collectors/climate.py@2026-09-28,collector,"NOAA global marine-surface monthly mean (co2_mm_gl.txt, file created 2026-09-05)"
co2-global-monthly,1984-11,344.16,ppm,https://gml.noaa.gov/webdata/ccgg/trends/co2/co2_mm_gl.txt,1984-12-07,rule,2026-09-28,collectors/climate.py@2026-09-28,collector,"NOAA global marine-surface monthly mean (co2_mm_gl.txt, file created 2026-09-05)"
co2-global-monthly,1984-12,345.00,ppm,https://gml.noaa.gov/webdata/ccgg/trends/co2/co2_mm_gl.txt,1985-01-07,rule,2026-09-28,collectors/climate.py@2026-09-28,collector,"NOAA global marine-surface monthly mean (co2_mm_gl.txt, file created 2026-09-05)"
co2-global-monthly,1985-01,345.35,ppm,https://gml.noaa.gov/webdata/ccgg/trends/co2/co2_mm_gl.txt,1985-02-07,rule,2026-09-28,collectors/climate.py@2026-09-28,collector,"NOAA global marine-surface monthly mean (co2_mm_gl.txt, file created 2026-09-05)"
co2-global-monthly,1985-02,345.80,ppm,https://gml.noaa.gov/webdata/ccgg/trends/co2/co2_mm_gl.txt,1985-03-07,rule,2026-09-28,collectors/climate.py@2026-09-28,collector,"NOAA global marine-surface monthly mean (co2_mm_gl.txt, file created 2026-09-05)"
co2-global-monthly,1985-03,346.64,ppm,https://gml.noaa.gov/webdata/ccgg/trends/co2/co2_mm_gl.txt,1985-04-07,rule,2026-09-28,collectors/climate.py@2026-09-28,collector,"NOAA global marine-surface monthly mean (co2_mm_gl.txt, file created 2026-09-05)"
co2-global-monthly,1985-04,346.94,ppm,https://gml.noaa.gov/webdata/ccgg/trends/co2/co2_mm_gl.txt,1985-05-07,rule,2026-09-28,collectors/climate.py@2026-09-28,collector,"NOAA global marine-surface monthly mean (co2_mm_gl.txt, file created 2026-09-05)"
co2-global-monthly,1985-05,346.78,ppm,https://gml.noaa.gov/webdata/ccgg/trends/co2/co2_mm_gl.txt,1985-06-07,rule,2026-09-28,collectors/climate.py@2026-09-28,collector,"NOAA global marine-surface monthly mean (co2_mm_gl.txt, file created 2026-09-05)"
co2-global-monthly,1985-06,346.26,ppm,https://gml.noaa.gov/webdata/ccgg/trends/co2/co2_mm_gl.txt,1985-07-07,rule,2026-09-28,collectors/climate.py@2026-09-28,collector,"NOAA global marine-surface monthly mean (co2_mm_gl.txt, file created 2026-09-05)"
co2-global-monthly,1985-07,344.92,ppm,https://gml.noaa.gov/webdata/ccgg/trends/co2/co2_mm_gl.txt,1985-08-07,rule,2026-09-28,collectors/climate.py@2026-09-28,collector,"NOAA global marine-surface monthly mean (co2_mm_gl.txt, file created 2026-09-05)"
co2-global-monthly,1985-08,343.41,ppm,https://gml.noaa.gov/webdata/ccgg/trends/co2/co2_mm_gl.txt,1985-09-07,rule,2026-09-28,collectors/climate.py@2026-09-28,collector,"NOAA global marine-surface monthly mean (co2_mm_gl.txt, file created 2026-09-05)"
co2-global-monthly,1985-09,343.37,ppm,https://gml.noaa.gov/webdata/ccgg/trends/co2/co2_mm_gl.txt,1985-10-07,rule,2026-09-28,collectors/climate.py@2026-09-28,collector,"NOAA global marine-surface monthly mean (co2_mm_gl.txt, file created 2026-09-05)"
co2-global-monthly,1985-10,344.64,ppm,https://gml.noaa.gov/webdata/ccgg/trends/co2/co2_mm_gl.txt,1985-11-07,rule,2026-09-28,collectors/climate.py@2026-09-28,collector,"NOAA global marine-surface monthly mean (co2_mm_gl.txt, file created 2026-09-05)"
co2-global-monthly,1985-11,345.79,ppm,https://gml.noaa.gov/webdata/ccgg/trends/co2/co2_mm_gl.txt,1985-12-07,rule,2026-09-28,collectors/climate.py@2026-09-28,collector,"NOAA global marine-surface monthly mean (co2_mm_gl.txt, file created 2026-09-05)"
co2-global-monthly,1985-12,346.55,ppm,https://gml.noaa.gov/webdata/ccgg/trends/co2/co2_mm_gl.txt,1986-01-07,rule,2026-09-28,collectors/climate.py@2026-09-28,collector,"NOAA global marine-surface monthly mean (co2_mm_gl.txt, file created 2026-09-05)"
co2-global-monthly,1986-01,347.11,ppm,https://gml.noaa.gov/webdata/ccgg/trends/co2/co2_mm_gl.txt,1986-02-07,rule,2026-09-28,collectors/climate.py@2026-09-28,collector,"NOAA global marine-surface monthly mean (co2_mm_gl.txt, file created 2026-09-05)"
co2-global-monthly,1986-02,347.34,ppm,https://gml.noaa.gov/webdata/ccgg/trends/co2/co2_mm_gl.txt,1986-03-07,rule,2026-09-28,collectors/climate.py@2026-09-28,collector,"NOAA global marine-surface monthly mean (co2_mm_gl.txt, file created 2026-09-05)"
co2-global-monthly,1986-03,347.71,ppm,https://gml.noaa.gov/webdata/ccgg/trends/co2/co2_mm_gl.txt,1986-04-07,rule,2026-09-28,collectors/climate.py@2026-09-28,collector,"NOAA global marine-surface monthly mean (co2_mm_gl.txt, file created 2026-09-05)"
co2-global-monthly,1986-04,348.22,ppm,https://gml.noaa.gov/webdata/ccgg/trends/co2/co2_mm_gl.txt,1986-05-07,rule,2026-09-28,collectors/climate.py@2026-09-28,collector,"NOAA global marine-surface monthly mean (co2_mm_gl.txt, file created 2026-09-05)"
co2-global-monthly,1986-05,348.32,ppm,https://gml.noaa.gov/webdata/ccgg/trends/co2/co2_mm_gl.txt,1986-06-07,rule,2026-09-28,collectors/climate.py@2026-09-28,collector,"NOAA global marine-surface monthly mean (co2_mm_gl.txt, file created 2026-09-05)"
co2-global-monthly,1986-06,347.76,ppm,https://gml.noaa.gov/webdata/ccgg/trends/co2/co2_mm_gl.txt,1986-07-07,rule,2026-09-28,collectors/climate.py@2026-09-28,collector,"NOAA global marine-surface monthly mean (co2_mm_gl.txt, file created 2026-09-05)"
co2-global-monthly,1986-07,346.29,ppm,https://gml.noaa.gov/webdata/ccgg/trends/co2/co2_mm_gl.txt,1986-08-07,rule,2026-09-28,collectors/climate.py@2026-09-28,collector,"NOAA global marine-surface monthly mean (co2_mm_gl.txt, file created 2026-09-05)"
co2-global-monthly,1986-08,344.92,ppm,https://gml.noaa.gov/webdata/ccgg/trends/co2/co2_mm_gl.txt,1986-09-07,rule,2026-09-28,collectors/climate.py@2026-09-28,collector,"NOAA global marine-surface monthly mean (co2_mm_gl.txt, file created 2026-09-05)"
co2-global-monthly,1986-09,344.86,ppm,https://gml.noaa.gov/webdata/ccgg/trends/co2/co2_mm_gl.txt,1986-10-07,rule,2026-09-28,collectors/climate.py@2026-09-28,collector,"NOAA global marine-surface monthly mean (co2_mm_gl.txt, file created 2026-09-05)"
co2-global-monthly,1986-10,346.03,ppm,https://gml.noaa.gov/webdata/ccgg/trends/co2/co2_mm_gl.txt,1986-11-07,rule,2026-09-28,collectors/climate.py@2026-09-28,collector,"NOAA global marine-surface monthly mean (co2_mm_gl.txt, file created 2026-09-05)"
co2-global-monthly,1986-11,347.30,ppm,https://gml.noaa.gov/webdata/ccgg/trends/co2/co2_mm_gl.txt,1986-12-07,rule,2026-09-28,collectors/climate.py@2026-09-28,collector,"NOAA global marine-surface monthly mean (co2_mm_gl.txt, file created 2026-09-05)"
co2-global-monthly,1986-12,347.76,ppm,https://gml.noaa.gov/webdata/ccgg/trends/co2/co2_mm_gl.txt,1987-01-07,rule,2026-09-28,collectors/climate.py@2026-09-28,collector,"NOAA global marine-surface monthly mean (co2_mm_gl.txt, file created 2026-09-05)"
co2-global-monthly,1987-01,348.01,ppm,https://gml.noaa.gov/webdata/ccgg/trends/co2/co2_mm_gl.txt,1987-02-07,rule,2026-09-28,collectors/climate.py@2026-09-28,collector,"NOAA global marine-surface monthly mean (co2_mm_gl.txt, file created 2026-09-05)"
co2-global-monthly,1987-02,348.56,ppm,https://gml.noaa.gov/webdata/ccgg/trends/co2/co2_mm_gl.txt,1987-03-07,rule,2026-09-28,collectors/climate.py@2026-09-28,collector,"NOAA global marine-surface monthly mean (co2_mm_gl.txt, file created 2026-09-05)"
co2-global-monthly,1987-03,349.28,ppm,https://gml.noaa.gov/webdata/ccgg/trends/co2/co2_mm_gl.txt,1987-04-07,rule,2026-09-28,collectors/climate.py@2026-09-28,collector,"NOAA global marine-surface monthly mean (co2_mm_gl.txt, file created 2026-09-05)"
co2-global-monthly,1987-04,349.98,ppm,https://gml.noaa.gov/webdata/ccgg/trends/co2/co2_mm_gl.txt,1987-05-07,rule,2026-09-28,collectors/climate.py@2026-09-28,collector,"NOAA global marine-surface monthly mean (co2_mm_gl.txt, file created 2026-09-05)"
co2-global-monthly,1987-05,350.26,ppm,https://gml.noaa.gov/webdata/ccgg/trends/co2/co2_mm_gl.txt,1987-06-07,rule,2026-09-28,collectors/climate.py@2026-09-28,collector,"NOAA global marine-surface monthly mean (co2_mm_gl.txt, file created 2026-09-05)"
co2-global-monthly,1987-06,349.46,ppm,https://gml.noaa.gov/webdata/ccgg/trends/co2/co2_mm_gl.txt,1987-07-07,rule,2026-09-28,collectors/climate.py@2026-09-28,collector,"NOAA global marine-surface monthly mean (co2_mm_gl.txt, file created 2026-09-05)"
co2-global-monthly,1987-07,347.84,ppm,https://gml.noaa.gov/webdata/ccgg/trends/co2/co2_mm_gl.txt,1987-08-07,rule,2026-09-28,collectors/climate.py@2026-09-28,collector,"NOAA global marine-surface monthly mean (co2_mm_gl.txt, file created 2026-09-05)"
co2-global-monthly,1987-08,346.61,ppm,https://gml.noaa.gov/webdata/ccgg/trends/co2/co2_mm_gl.txt,1987-09-07,rule,2026-09-28,collectors/climate.py@2026-09-28,collector,"NOAA global marine-surface monthly mean (co2_mm_gl.txt, file created 2026-09-05)"
co2-global-monthly,1987-09,346.70,ppm,https://gml.noaa.gov/webdata/ccgg/trends/co2/co2_mm_gl.txt,1987-10-07,rule,2026-09-28,collectors/climate.py@2026-09-28,collector,"NOAA global marine-surface monthly mean (co2_mm_gl.txt, file created 2026-09-05)"
co2-global-monthly,1987-10,347.97,ppm,https://gml.noaa.gov/webdata/ccgg/trends/co2/co2_mm_gl.txt,1987-11-07,rule,2026-09-28,collectors/climate.py@2026-09-28,collector,"NOAA global marine-surface monthly mean (co2_mm_gl.txt, file created 2026-09-05)"
co2-global-monthly,1987-11,349.25,ppm,https://gml.noaa.gov/webdata/ccgg/trends/co2/co2_mm_gl.txt,1987-12-07,rule,2026-09-28,collectors/climate.py@2026-09-28,collector,"NOAA global marine-surface monthly mean (co2_mm_gl.txt, file created 2026-09-05)"
co2-global-monthly,1987-12,350.21,ppm,https://gml.noaa.gov/webdata/ccgg/trends/co2/co2_mm_gl.txt,1988-01-07,rule,2026-09-28,collectors/climate.py@2026-09-28,collector,"NOAA global marine-surface monthly mean (co2_mm_gl.txt, file created 2026-09-05)"
co2-global-monthly,1988-01,350.91,ppm,https://gml.noaa.gov/webdata/ccgg/trends/co2/co2_mm_gl.txt,1988-02-07,rule,2026-09-28,collectors/climate.py@2026-09-28,collector,"NOAA global marine-surface monthly mean (co2_mm_gl.txt, file created 2026-09-05)"
co2-global-monthly,1988-02,351.47,ppm,https://gml.noaa.gov/webdata/ccgg/trends/co2/co2_mm_gl.txt,1988-03-07,rule,2026-09-28,collectors/climate.py@2026-09-28,collector,"NOAA global marine-surface monthly mean (co2_mm_gl.txt, file created 2026-09-05)"
co2-global-monthly,1988-03,351.85,ppm,https://gml.noaa.gov/webdata/ccgg/trends/co2/co2_mm_gl.txt,1988-04-07,rule,2026-09-28,collectors/climate.py@2026-09-28,collector,"NOAA global marine-surface monthly mean (co2_mm_gl.txt, file created 2026-09-05)"
co2-global-monthly,1988-04,352.29,ppm,https://gml.noaa.gov/webdata/ccgg/trends/co2/co2_mm_gl.txt,1988-05-07,rule,2026-09-28,collectors/climate.py@2026-09-28,collector,"NOAA global marine-surface monthly mean (co2_mm_gl.txt, file created 2026-09-05)"
co2-global-monthly,1988-05,352.46,ppm,https://gml.noaa.gov/webdata/ccgg/trends/co2/co2_mm_gl.txt,1988-06-07,rule,2026-09-28,collectors/climate.py@2026-09-28,collector,"NOAA global marine-surface monthly mean (co2_mm_gl.txt, file created 2026-09-05)"
co2-global-monthly,1988-06,351.76,ppm,https://gml.noaa.gov/webdata/ccgg/trends/co2/co2_mm_gl.txt,1988-07-07,rule,2026-09-28,collectors/climate.py@2026-09-28,collector,"NOAA global marine-surface monthly mean (co2_mm_gl.txt, file created 2026-09-05)"
co2-global-monthly,1988-07,350.28,ppm,https://gml.noaa.gov/webdata/ccgg/trends/co2/co2_mm_gl.txt,1988-08-07,rule,2026-09-28,collectors/climate.py@2026-09-28,collector,"NOAA global marine-surface monthly mean (co2_mm_gl.txt, file created 2026-09-05)"
co2-global-monthly,1988-08,349.10,ppm,https://gml.noaa.gov/webdata/ccgg/trends/co2/co2_mm_gl.txt,1988-09-07,rule,2026-09-28,collectors/climate.py@2026-09-28,collector,"NOAA global marine-surface monthly mean (co2_mm_gl.txt, file created 2026-09-05)"
co2-global-monthly,1988-09,349.27,ppm,https://gml.noaa.gov/webdata/ccgg/trends/co2/co2_mm_gl.txt,1988-10-07,rule,2026-09-28,collectors/climate.py@2026-09-28,collector,"NOAA global marine-surface monthly mean (co2_mm_gl.txt, file created 2026-09-05)"
co2-global-monthly,1988-10,350.44,ppm,https://gml.noaa.gov/webdata/ccgg/trends/co2/co2_mm_gl.txt,1988-11-07,rule,2026-09-28,collectors/climate.py@2026-09-28,collector,"NOAA global marine-surface monthly mean (co2_mm_gl.txt, file created 2026-09-05)"
co2-global-monthly,1988-11,351.61,ppm,https://gml.noaa.gov/webdata/ccgg/trends/co2/co2_mm_gl.txt,1988-12-07,rule,2026-09-28,collectors/climate.py@2026-09-28,collector,"NOAA global marine-surface monthly mean (co2_mm_gl.txt, file created 2026-09-05)"
co2-global-monthly,1988-12,352.46,ppm,https://gml.noaa.gov/webdata/ccgg/trends/co2/co2_mm_gl.txt,1989-01-07,rule,2026-09-28,collectors/climate.py@2026-09-28,collector,"NOAA global marine-surface monthly mean (co2_mm_gl.txt, file created 2026-09-05)"
co2-global-monthly,1989-01,353.01,ppm,https://gml.noaa.gov/webdata/ccgg/trends/co2/co2_mm_gl.txt,1989-02-07,rule,2026-09-28,collectors/climate.py@2026-09-28,collector,"NOAA global marine-surface monthly mean (co2_mm_gl.txt, file created 2026-09-05)"
co2-global-monthly,1989-02,353.46,ppm,https://gml.noaa.gov/webdata/ccgg/trends/co2/co2_mm_gl.txt,1989-03-07,rule,2026-09-28,collectors/climate.py@2026-09-28,collector,"NOAA global marine-surface monthly mean (co2_mm_gl.txt, file created 2026-09-05)"
co2-global-monthly,1989-03,354.01,ppm,https://gml.noaa.gov/webdata/ccgg/trends/co2/co2_mm_gl.txt,1989-04-07,rule,2026-09-28,collectors/climate.py@2026-09-28,collector,"NOAA global marine-surface monthly mean (co2_mm_gl.txt, file created 2026-09-05)"
co2-global-monthly,1989-04,354.38,ppm,https://gml.noaa.gov/webdata/ccgg/trends/co2/co2_mm_gl.txt,1989-05-07,rule,2026-09-28,collectors/climate.py@2026-09-28,collector,"NOAA global marine-surface monthly mean (co2_mm_gl.txt, file created 2026-09-05)"
co2-global-monthly,1989-05,354.19,ppm,https://gml.noaa.gov/webdata/ccgg/trends/co2/co2_mm_gl.txt,1989-06-07,rule,2026-09-28,collectors/climate.py@2026-09-28,collector,"NOAA global marine-surface monthly mean (co2_mm_gl.txt, file created 2026-09-05)"
co2-global-monthly,1989-06,353.27,ppm,https://gml.noaa.gov/webdata/ccgg/trends/co2/co2_mm_gl.txt,1989-07-07,rule,2026-09-28,collectors/climate.py@2026-09-28,collector,"NOAA global marine-surface monthly mean (co2_mm_gl.txt, file created 2026-09-05)"
co2-global-monthly,1989-07,351.56,ppm,https://gml.noaa.gov/webdata/ccgg/trends/co2/co2_mm_gl.txt,1989-08-07,rule,2026-09-28,collectors/climate.py@2026-09-28,collector,"NOAA global marine-surface monthly mean (co2_mm_gl.txt, file created 2026-09-05)"
co2-global-monthly,1989-08,350.21,ppm,https://gml.noaa.gov/webdata/ccgg/trends/co2/co2_mm_gl.txt,1989-09-07,rule,2026-09-28,collectors/climate.py@2026-09-28,collector,"NOAA global marine-surface monthly mean (co2_mm_gl.txt, file created 2026-09-05)"
co2-global-monthly,1989-09,350.56,ppm,https://gml.noaa.gov/webdata/ccgg/trends/co2/co2_mm_gl.txt,1989-10-07,rule,2026-09-28,collectors/climate.py@2026-09-28,collector,"NOAA global marine-surface monthly mean (co2_mm_gl.txt, file created 2026-09-05)"
co2-global-monthly,1989-10,351.85,ppm,https://gml.noaa.gov/webdata/ccgg/trends/co2/co2_mm_gl.txt,1989-11-07,rule,2026-09-28,collectors/climate.py@2026-09-28,collector,"NOAA global marine-surface monthly mean (co2_mm_gl.txt, file created 2026-09-05)"
co2-global-monthly,1989-11,353.04,ppm,https://gml.noaa.gov/webdata/ccgg/trends/co2/co2_mm_gl.txt,1989-12-07,rule,2026-09-28,collectors/climate.py@2026-09-28,collector,"NOAA global marine-surface monthly mean (co2_mm_gl.txt, file created 2026-09-05)"
co2-global-monthly,1989-12,353.91,ppm,https://gml.noaa.gov/webdata/ccgg/trends/co2/co2_mm_gl.txt,1990-01-07,rule,2026-09-28,collectors/climate.py@2026-09-28,collector,"NOAA global marine-surface monthly mean (co2_mm_gl.txt, file created 2026-09-05)"
co2-global-monthly,1990-01,354.48,ppm,https://gml.noaa.gov/webdata/ccgg/trends/co2/co2_mm_gl.txt,1990-02-07,rule,2026-09-28,collectors/climate.py@2026-09-28,collector,"NOAA global marine-surface monthly mean (co2_mm_gl.txt, file created 2026-09-05)"
co2-global-monthly,1990-02,354.87,ppm,https://gml.noaa.gov/webdata/ccgg/trends/co2/co2_mm_gl.txt,1990-03-07,rule,2026-09-28,collectors/climate.py@2026-09-28,collector,"NOAA global marine-surface monthly mean (co2_mm_gl.txt, file created 2026-09-05)"
co2-global-monthly,1990-03,355.20,ppm,https://gml.noaa.gov/webdata/ccgg/trends/co2/co2_mm_gl.txt,1990-04-07,rule,2026-09-28,collectors/climate.py@2026-09-28,collector,"NOAA global marine-surface monthly mean (co2_mm_gl.txt, file created 2026-09-05)"
co2-global-monthly,1990-04,355.51,ppm,https://gml.noaa.gov/webdata/ccgg/trends/co2/co2_mm_gl.txt,1990-05-07,rule,2026-09-28,collectors/climate.py@2026-09-28,collector,"NOAA global marine-surface monthly mean (co2_mm_gl.txt, file created 2026-09-05)"
co2-global-monthly,1990-05,355.41,ppm,https://gml.noaa.gov/webdata/ccgg/trends/co2/co2_mm_gl.txt,1990-06-07,rule,2026-09-28,collectors/climate.py@2026-09-28,collector,"NOAA global marine-surface monthly mean (co2_mm_gl.txt, file created 2026-09-05)"
co2-global-monthly,1990-06,354.32,ppm,https://gml.noaa.gov/webdata/ccgg/trends/co2/co2_mm_gl.txt,1990-07-07,rule,2026-09-28,collectors/climate.py@2026-09-28,collector,"NOAA global marine-surface monthly mean (co2_mm_gl.txt, file created 2026-09-05)"
co2-global-monthly,1990-07,352.70,ppm,https://gml.noaa.gov/webdata/ccgg/trends/co2/co2_mm_gl.txt,1990-08-07,rule,2026-09-28,collectors/climate.py@2026-09-28,collector,"NOAA global marine-surface monthly mean (co2_mm_gl.txt, file created 2026-09-05)"
co2-global-monthly,1990-08,351.58,ppm,https://gml.noaa.gov/webdata/ccgg/trends/co2/co2_mm_gl.txt,1990-09-07,rule,2026-09-28,collectors/climate.py@2026-09-28,collector,"NOAA global marine-surface monthly mean (co2_mm_gl.txt, file created 2026-09-05)"
co2-global-monthly,1990-09,351.79,ppm,https://gml.noaa.gov/webdata/ccgg/trends/co2/co2_mm_gl.txt,1990-10-07,rule,2026-09-28,collectors/climate.py@2026-09-28,collector,"NOAA global marine-surface monthly mean (co2_mm_gl.txt, file created 2026-09-05)"
co2-global-monthly,1990-10,353.19,ppm,https://gml.noaa.gov/webdata/ccgg/trends/co2/co2_mm_gl.txt,1990-11-07,rule,2026-09-28,collectors/climate.py@2026-09-28,collector,"NOAA global marine-surface monthly mean (co2_mm_gl.txt, file created 2026-09-05)"
co2-global-monthly,1990-11,354.45,ppm,https://gml.noaa.gov/webdata/ccgg/trends/co2/co2_mm_gl.txt,1990-12-07,rule,2026-09-28,collectors/climate.py@2026-09-28,collector,"NOAA global marine-surface monthly mean (co2_mm_gl.txt, file created 2026-09-05)"
co2-global-monthly,1990-12,355.19,ppm,https://gml.noaa.gov/webdata/ccgg/trends/co2/co2_mm_gl.txt,1991-01-07,rule,2026-09-28,collectors/climate.py@2026-09-28,collector,"NOAA global marine-surface monthly mean (co2_mm_gl.txt, file created 2026-09-05)"
co2-global-monthly,1991-01,355.76,ppm,https://gml.noaa.gov/webdata/ccgg/trends/co2/co2_mm_gl.txt,1991-02-07,rule,2026-09-28,collectors/climate.py@2026-09-28,collector,"NOAA global marine-surface monthly mean (co2_mm_gl.txt, file created 2026-09-05)"
co2-global-monthly,1991-02,356.19,ppm,https://gml.noaa.gov/webdata/ccgg/trends/co2/co2_mm_gl.txt,1991-03-07,rule,2026-09-28,collectors/climate.py@2026-09-28,collector,"NOAA global marine-surface monthly mean (co2_mm_gl.txt, file created 2026-09-05)"
co2-global-monthly,1991-03,356.69,ppm,https://gml.noaa.gov/webdata/ccgg/trends/co2/co2_mm_gl.txt,1991-04-07,rule,2026-09-28,collectors/climate.py@2026-09-28,collector,"NOAA global marine-surface monthly mean (co2_mm_gl.txt, file created 2026-09-05)"
co2-global-monthly,1991-04,357.19,ppm,https://gml.noaa.gov/webdata/ccgg/trends/co2/co2_mm_gl.txt,1991-05-07,rule,2026-09-28,collectors/climate.py@2026-09-28,collector,"NOAA global marine-surface monthly mean (co2_mm_gl.txt, file created 2026-09-05)"
co2-global-monthly,1991-05,357.11,ppm,https://gml.noaa.gov/webdata/ccgg/trends/co2/co2_mm_gl.txt,1991-06-07,rule,2026-09-28,collectors/climate.py@2026-09-28,collector,"NOAA global marine-surface monthly mean (co2_mm_gl.txt, file created 2026-09-05)"
co2-global-monthly,1991-06,356.18,ppm,https://gml.noaa.gov/webdata/ccgg/trends/co2/co2_mm_gl.txt,1991-07-07,rule,2026-09-28,collectors/climate.py@2026-09-28,collector,"NOAA global marine-surface monthly mean (co2_mm_gl.txt, file created 2026-09-05)"
co2-global-monthly,1991-07,354.53,ppm,https://gml.noaa.gov/webdata/ccgg/trends/co2/co2_mm_gl.txt,1991-08-07,rule,2026-09-28,collectors/climate.py@2026-09-28,collector,"NOAA global marine-surface monthly mean (co2_mm_gl.txt, file created 2026-09-05)"
co2-global-monthly,1991-08,353.06,ppm,https://gml.noaa.gov/webdata/ccgg/trends/co2/co2_mm_gl.txt,1991-09-07,rule,2026-09-28,collectors/climate.py@2026-09-28,collector,"NOAA global marine-surface monthly mean (co2_mm_gl.txt, file created 2026-09-05)"
co2-global-monthly,1991-09,352.93,ppm,https://gml.noaa.gov/webdata/ccgg/trends/co2/co2_mm_gl.txt,1991-10-07,rule,2026-09-28,collectors/climate.py@2026-09-28,collector,"NOAA global marine-surface monthly mean (co2_mm_gl.txt, file created 2026-09-05)"
co2-global-monthly,1991-10,354.01,ppm,https://gml.noaa.gov/webdata/ccgg/trends/co2/co2_mm_gl.txt,1991-11-07,rule,2026-09-28,collectors/climate.py@2026-09-28,collector,"NOAA global marine-surface monthly mean (co2_mm_gl.txt, file created 2026-09-05)"
co2-global-monthly,1991-11,355.16,ppm,https://gml.noaa.gov/webdata/ccgg/trends/co2/co2_mm_gl.txt,1991-12-07,rule,2026-09-28,collectors/climate.py@2026-09-28,collector,"NOAA global marine-surface monthly mean (co2_mm_gl.txt, file created 2026-09-05)"
co2-global-monthly,1991-12,355.95,ppm,https://gml.noaa.gov/webdata/ccgg/trends/co2/co2_mm_gl.txt,1992-01-07,rule,2026-09-28,collectors/climate.py@2026-09-28,collector,"NOAA global marine-surface monthly mean (co2_mm_gl.txt, file created 2026-09-05)"
co2-global-monthly,1992-01,356.54,ppm,https://gml.noaa.gov/webdata/ccgg/trends/co2/co2_mm_gl.txt,1992-02-07,rule,2026-09-28,collectors/climate.py@2026-09-28,collector,"NOAA global marine-surface monthly mean (co2_mm_gl.txt, file created 2026-09-05)"
co2-global-monthly,1992-02,356.89,ppm,https://gml.noaa.gov/webdata/ccgg/trends/co2/co2_mm_gl.txt,1992-03-07,rule,2026-09-28,collectors/climate.py@2026-09-28,collector,"NOAA global marine-surface monthly mean (co2_mm_gl.txt, file created 2026-09-05)"
co2-global-monthly,1992-03,357.26,ppm,https://gml.noaa.gov/webdata/ccgg/trends/co2/co2_mm_gl.txt,1992-04-07,rule,2026-09-28,collectors/climate.py@2026-09-28,collector,"NOAA global marine-surface monthly mean (co2_mm_gl.txt, file created 2026-09-05)"
co2-global-monthly,1992-04,357.76,ppm,https://gml.noaa.gov/webdata/ccgg/trends/co2/co2_mm_gl.txt,1992-05-07,rule,2026-09-28,collectors/climate.py@2026-09-28,collector,"NOAA global marine-surface monthly mean (co2_mm_gl.txt, file created 2026-09-05)"
co2-global-monthly,1992-05,357.83,ppm,https://gml.noaa.gov/webdata/ccgg/trends/co2/co2_mm_gl.txt,1992-06-07,rule,2026-09-28,collectors/climate.py@2026-09-28,collector,"NOAA global marine-surface monthly mean (co2_mm_gl.txt, file created 2026-09-05)"
co2-global-monthly,1992-06,356.87,ppm,https://gml.noaa.gov/webdata/ccgg/trends/co2/co2_mm_gl.txt,1992-07-07,rule,2026-09-28,collectors/climate.py@2026-09-28,collector,"NOAA global marine-surface monthly mean (co2_mm_gl.txt, file created 2026-09-05)"
co2-global-monthly,1992-07,355.18,ppm,https://gml.noaa.gov/webdata/ccgg/trends/co2/co2_mm_gl.txt,1992-08-07,rule,2026-09-28,collectors/climate.py@2026-09-28,collector,"NOAA global marine-surface monthly mean (co2_mm_gl.txt, file created 2026-09-05)"
co2-global-monthly,1992-08,353.66,ppm,https://gml.noaa.gov/webdata/ccgg/trends/co2/co2_mm_gl.txt,1992-09-07,rule,2026-09-28,collectors/climate.py@2026-09-28,collector,"NOAA global marine-surface monthly mean (co2_mm_gl.txt, file created 2026-09-05)"
co2-global-monthly,1992-09,353.57,ppm,https://gml.noaa.gov/webdata/ccgg/trends/co2/co2_mm_gl.txt,1992-10-07,rule,2026-09-28,collectors/climate.py@2026-09-28,collector,"NOAA global marine-surface monthly mean (co2_mm_gl.txt, file created 2026-09-05)"
co2-global-monthly,1992-10,354.81,ppm,https://gml.noaa.gov/webdata/ccgg/trends/co2/co2_mm_gl.txt,1992-11-07,rule,2026-09-28,collectors/climate.py@2026-09-28,collector,"NOAA global marine-surface monthly mean (co2_mm_gl.txt, file created 2026-09-05)"
co2-global-monthly,1992-11,355.99,ppm,https://gml.noaa.gov/webdata/ccgg/trends/co2/co2_mm_gl.txt,1992-12-07,rule,2026-09-28,collectors/climate.py@2026-09-28,collector,"NOAA global marine-surface monthly mean (co2_mm_gl.txt, file created 2026-09-05)"
co2-global-monthly,1992-12,356.74,ppm,https://gml.noaa.gov/webdata/ccgg/trends/co2/co2_mm_gl.txt,1993-01-07,rule,2026-09-28,collectors/climate.py@2026-09-28,collector,"NOAA global marine-surface monthly mean (co2_mm_gl.txt, file created 2026-09-05)"
co2-global-monthly,1993-01,357.20,ppm,https://gml.noaa.gov/webdata/ccgg/trends/co2/co2_mm_gl.txt,1993-02-07,rule,2026-09-28,collectors/climate.py@2026-09-28,collector,"NOAA global marine-surface monthly mean (co2_mm_gl.txt, file created 2026-09-05)"
co2-global-monthly,1993-02,357.54,ppm,https://gml.noaa.gov/webdata/ccgg/trends/co2/co2_mm_gl.txt,1993-03-07,rule,2026-09-28,collectors/climate.py@2026-09-28,collector,"NOAA global marine-surface monthly mean (co2_mm_gl.txt, file created 2026-09-05)"
co2-global-monthly,1993-03,357.96,ppm,https://gml.noaa.gov/webdata/ccgg/trends/co2/co2_mm_gl.txt,1993-04-07,rule,2026-09-28,collectors/climate.py@2026-09-28,collector,"NOAA global marine-surface monthly mean (co2_mm_gl.txt, file created 2026-09-05)"
co2-global-monthly,1993-04,358.42,ppm,https://gml.noaa.gov/webdata/ccgg/trends/co2/co2_mm_gl.txt,1993-05-07,rule,2026-09-28,collectors/climate.py@2026-09-28,collector,"NOAA global marine-surface monthly mean (co2_mm_gl.txt, file created 2026-09-05)"
co2-global-monthly,1993-05,358.38,ppm,https://gml.noaa.gov/webdata/ccgg/trends/co2/co2_mm_gl.txt,1993-06-07,rule,2026-09-28,collectors/climate.py@2026-09-28,collector,"NOAA global marine-surface monthly mean (co2_mm_gl.txt, file created 2026-09-05)"
co2-global-monthly,1993-06,357.35,ppm,https://gml.noaa.gov/webdata/ccgg/trends/co2/co2_mm_gl.txt,1993-07-07,rule,2026-09-28,collectors/climate.py@2026-09-28,collector,"NOAA global marine-surface monthly mean (co2_mm_gl.txt, file created 2026-09-05)"
co2-global-monthly,1993-07,355.73,ppm,https://gml.noaa.gov/webdata/ccgg/trends/co2/co2_mm_gl.txt,1993-08-07,rule,2026-09-28,collectors/climate.py@2026-09-28,collector,"NOAA global marine-surface monthly mean (co2_mm_gl.txt, file created 2026-09-05)"
co2-global-monthly,1993-08,354.44,ppm,https://gml.noaa.gov/webdata/ccgg/trends/co2/co2_mm_gl.txt,1993-09-07,rule,2026-09-28,collectors/climate.py@2026-09-28,collector,"NOAA global marine-surface monthly mean (co2_mm_gl.txt, file created 2026-09-05)"
co2-global-monthly,1993-09,354.47,ppm,https://gml.noaa.gov/webdata/ccgg/trends/co2/co2_mm_gl.txt,1993-10-07,rule,2026-09-28,collectors/climate.py@2026-09-28,collector,"NOAA global marine-surface monthly mean (co2_mm_gl.txt, file created 2026-09-05)"
co2-global-monthly,1993-10,355.71,ppm,https://gml.noaa.gov/webdata/ccgg/trends/co2/co2_mm_gl.txt,1993-11-07,rule,2026-09-28,collectors/climate.py@2026-09-28,collector,"NOAA global marine-surface monthly mean (co2_mm_gl.txt, file created 2026-09-05)"
co2-global-monthly,1993-11,356.96,ppm,https://gml.noaa.gov/webdata/ccgg/trends/co2/co2_mm_gl.txt,1993-12-07,rule,2026-09-28,collectors/climate.py@2026-09-28,collector,"NOAA global marine-surface monthly mean (co2_mm_gl.txt, file created 2026-09-05)"
co2-global-monthly,1993-12,357.86,ppm,https://gml.noaa.gov/webdata/ccgg/trends/co2/co2_mm_gl.txt,1994-01-07,rule,2026-09-28,collectors/climate.py@2026-09-28,collector,"NOAA global marine-surface monthly mean (co2_mm_gl.txt, file created 2026-09-05)"
co2-global-monthly,1994-01,358.48,ppm,https://gml.noaa.gov/webdata/ccgg/trends/co2/co2_mm_gl.txt,1994-02-07,rule,2026-09-28,collectors/climate.py@2026-09-28,collector,"NOAA global marine-surface monthly mean (co2_mm_gl.txt, file created 2026-09-05)"
co2-global-monthly,1994-02,359.00,ppm,https://gml.noaa.gov/webdata/ccgg/trends/co2/co2_mm_gl.txt,1994-03-07,rule,2026-09-28,collectors/climate.py@2026-09-28,collector,"NOAA global marine-surface monthly mean (co2_mm_gl.txt, file created 2026-09-05)"
co2-global-monthly,1994-03,359.36,ppm,https://gml.noaa.gov/webdata/ccgg/trends/co2/co2_mm_gl.txt,1994-04-07,rule,2026-09-28,collectors/climate.py@2026-09-28,collector,"NOAA global marine-surface monthly mean (co2_mm_gl.txt, file created 2026-09-05)"
co2-global-monthly,1994-04,359.71,ppm,https://gml.noaa.gov/webdata/ccgg/trends/co2/co2_mm_gl.txt,1994-05-07,rule,2026-09-28,collectors/climate.py@2026-09-28,collector,"NOAA global marine-surface monthly mean (co2_mm_gl.txt, file created 2026-09-05)"
co2-global-monthly,1994-05,359.74,ppm,https://gml.noaa.gov/webdata/ccgg/trends/co2/co2_mm_gl.txt,1994-06-07,rule,2026-09-28,collectors/climate.py@2026-09-28,collector,"NOAA global marine-surface monthly mean (co2_mm_gl.txt, file created 2026-09-05)"
co2-global-monthly,1994-06,358.80,ppm,https://gml.noaa.gov/webdata/ccgg/trends/co2/co2_mm_gl.txt,1994-07-07,rule,2026-09-28,collectors/climate.py@2026-09-28,collector,"NOAA global marine-surface monthly mean (co2_mm_gl.txt, file created 2026-09-05)"
co2-global-monthly,1994-07,357.27,ppm,https://gml.noaa.gov/webdata/ccgg/trends/co2/co2_mm_gl.txt,1994-08-07,rule,2026-09-28,collectors/climate.py@2026-09-28,collector,"NOAA global marine-surface monthly mean (co2_mm_gl.txt, file created 2026-09-05)"
co2-global-monthly,1994-08,356.06,ppm,https://gml.noaa.gov/webdata/ccgg/trends/co2/co2_mm_gl.txt,1994-09-07,rule,2026-09-28,collectors/climate.py@2026-09-28,collector,"NOAA global marine-surface monthly mean (co2_mm_gl.txt, file created 2026-09-05)"
co2-global-monthly,1994-09,356.02,ppm,https://gml.noaa.gov/webdata/ccgg/trends/co2/co2_mm_gl.txt,1994-10-07,rule,2026-09-28,collectors/climate.py@2026-09-28,collector,"NOAA global marine-surface monthly mean (co2_mm_gl.txt, file created 2026-09-05)"
co2-global-monthly,1994-10,357.27,ppm,https://gml.noaa.gov/webdata/ccgg/trends/co2/co2_mm_gl.txt,1994-11-07,rule,2026-09-28,collectors/climate.py@2026-09-28,collector,"NOAA global marine-surface monthly mean (co2_mm_gl.txt, file created 2026-09-05)"
co2-global-monthly,1994-11,358.69,ppm,https://gml.noaa.gov/webdata/ccgg/trends/co2/co2_mm_gl.txt,1994-12-07,rule,2026-09-28,collectors/climate.py@2026-09-28,collector,"NOAA global marine-surface monthly mean (co2_mm_gl.txt, file created 2026-09-05)"
co2-global-monthly,1994-12,359.54,ppm,https://gml.noaa.gov/webdata/ccgg/trends/co2/co2_mm_gl.txt,1995-01-07,rule,2026-09-28,collectors/climate.py@2026-09-28,collector,"NOAA global marine-surface monthly mean (co2_mm_gl.txt, file created 2026-09-05)"
co2-global-monthly,1995-01,360.13,ppm,https://gml.noaa.gov/webdata/ccgg/trends/co2/co2_mm_gl.txt,1995-02-07,rule,2026-09-28,collectors/climate.py@2026-09-28,collector,"NOAA global marine-surface monthly mean (co2_mm_gl.txt, file created 2026-09-05)"
co2-global-monthly,1995-02,360.62,ppm,https://gml.noaa.gov/webdata/ccgg/trends/co2/co2_mm_gl.txt,1995-03-07,rule,2026-09-28,collectors/climate.py@2026-09-28,collector,"NOAA global marine-surface monthly mean (co2_mm_gl.txt, file created 2026-09-05)"
co2-global-monthly,1995-03,361.08,ppm,https://gml.noaa.gov/webdata/ccgg/trends/co2/co2_mm_gl.txt,1995-04-07,rule,2026-09-28,collectors/climate.py@2026-09-28,collector,"NOAA global marine-surface monthly mean (co2_mm_gl.txt, file created 2026-09-05)"
co2-global-monthly,1995-04,361.55,ppm,https://gml.noaa.gov/webdata/ccgg/trends/co2/co2_mm_gl.txt,1995-05-07,rule,2026-09-28,collectors/climate.py@2026-09-28,collector,"NOAA global marine-surface monthly mean (co2_mm_gl.txt, file created 2026-09-05)"
co2-global-monthly,1995-05,361.47,ppm,https://gml.noaa.gov/webdata/ccgg/trends/co2/co2_mm_gl.txt,1995-06-07,rule,2026-09-28,collectors/climate.py@2026-09-28,collector,"NOAA global marine-surface monthly mean (co2_mm_gl.txt, file created 2026-09-05)"
co2-global-monthly,1995-06,360.62,ppm,https://gml.noaa.gov/webdata/ccgg/trends/co2/co2_mm_gl.txt,1995-07-07,rule,2026-09-28,collectors/climate.py@2026-09-28,collector,"NOAA global marine-surface monthly mean (co2_mm_gl.txt, file created 2026-09-05)"
co2-global-monthly,1995-07,359.00,ppm,https://gml.noaa.gov/webdata/ccgg/trends/co2/co2_mm_gl.txt,1995-08-07,rule,2026-09-28,collectors/climate.py@2026-09-28,collector,"NOAA global marine-surface monthly mean (co2_mm_gl.txt, file created 2026-09-05)"
co2-global-monthly,1995-08,357.74,ppm,https://gml.noaa.gov/webdata/ccgg/trends/co2/co2_mm_gl.txt,1995-09-07,rule,2026-09-28,collectors/climate.py@2026-09-28,collector,"NOAA global marine-surface monthly mean (co2_mm_gl.txt, file created 2026-09-05)"
co2-global-monthly,1995-09,358.06,ppm,https://gml.noaa.gov/webdata/ccgg/trends/co2/co2_mm_gl.txt,1995-10-07,rule,2026-09-28,collectors/climate.py@2026-09-28,collector,"NOAA global marine-surface monthly mean (co2_mm_gl.txt, file created 2026-09-05)"
co2-global-monthly,1995-10,359.43,ppm,https://gml.noaa.gov/webdata/ccgg/trends/co2/co2_mm_gl.txt,1995-11-07,rule,2026-09-28,collectors/climate.py@2026-09-28,collector,"NOAA global marine-surface monthly mean (co2_mm_gl.txt, file created 2026-09-05)"
co2-global-monthly,1995-11,360.77,ppm,https://gml.noaa.gov/webdata/ccgg/trends/co2/co2_mm_gl.txt,1995-12-07,rule,2026-09-28,collectors/climate.py@2026-09-28,collector,"NOAA global marine-surface monthly mean (co2_mm_gl.txt, file created 2026-09-05)"
co2-global-monthly,1995-12,361.65,ppm,https://gml.noaa.gov/webdata/ccgg/trends/co2/co2_mm_gl.txt,1996-01-07,rule,2026-09-28,collectors/climate.py@2026-09-28,collector,"NOAA global marine-surface monthly mean (co2_mm_gl.txt, file created 2026-09-05)"
co2-global-monthly,1996-01,362.14,ppm,https://gml.noaa.gov/webdata/ccgg/trends/co2/co2_mm_gl.txt,1996-02-07,rule,2026-09-28,collectors/climate.py@2026-09-28,collector,"NOAA global marine-surface monthly mean (co2_mm_gl.txt, file created 2026-09-05)"
co2-global-monthly,1996-02,362.50,ppm,https://gml.noaa.gov/webdata/ccgg/trends/co2/co2_mm_gl.txt,1996-03-07,rule,2026-09-28,collectors/climate.py@2026-09-28,collector,"NOAA global marine-surface monthly mean (co2_mm_gl.txt, file created 2026-09-05)"
co2-global-monthly,1996-03,362.82,ppm,https://gml.noaa.gov/webdata/ccgg/trends/co2/co2_mm_gl.txt,1996-04-07,rule,2026-09-28,collectors/climate.py@2026-09-28,collector,"NOAA global marine-surface monthly mean (co2_mm_gl.txt, file created 2026-09-05)"
co2-global-monthly,1996-04,363.14,ppm,https://gml.noaa.gov/webdata/ccgg/trends/co2/co2_mm_gl.txt,1996-05-07,rule,2026-09-28,collectors/climate.py@2026-09-28,collector,"NOAA global marine-surface monthly mean (co2_mm_gl.txt, file created 2026-09-05)"
co2-global-monthly,1996-05,363.29,ppm,https://gml.noaa.gov/webdata/ccgg/trends/co2/co2_mm_gl.txt,1996-06-07,rule,2026-09-28,collectors/climate.py@2026-09-28,collector,"NOAA global marine-surface monthly mean (co2_mm_gl.txt, file created 2026-09-05)"
co2-global-monthly,1996-06,362.88,ppm,https://gml.noaa.gov/webdata/ccgg/trends/co2/co2_mm_gl.txt,1996-07-07,rule,2026-09-28,collectors/climate.py@2026-09-28,collector,"NOAA global marine-surface monthly mean (co2_mm_gl.txt, file created 2026-09-05)"
co2-global-monthly,1996-07,361.57,ppm,https://gml.noaa.gov/webdata/ccgg/trends/co2/co2_mm_gl.txt,1996-08-07,rule,2026-09-28,collectors/climate.py@2026-09-28,collector,"NOAA global marine-surface monthly mean (co2_mm_gl.txt, file created 2026-09-05)"
co2-global-monthly,1996-08,360.07,ppm,https://gml.noaa.gov/webdata/ccgg/trends/co2/co2_mm_gl.txt,1996-09-07,rule,2026-09-28,collectors/climate.py@2026-09-28,collector,"NOAA global marine-surface monthly mean (co2_mm_gl.txt, file created 2026-09-05)"
co2-global-monthly,1996-09,359.70,ppm,https://gml.noaa.gov/webdata/ccgg/trends/co2/co2_mm_gl.txt,1996-10-07,rule,2026-09-28,collectors/climate.py@2026-09-28,collector,"NOAA global marine-surface monthly mean (co2_mm_gl.txt, file created 2026-09-05)"
co2-global-monthly,1996-10,360.67,ppm,https://gml.noaa.gov/webdata/ccgg/trends/co2/co2_mm_gl.txt,1996-11-07,rule,2026-09-28,collectors/climate.py@2026-09-28,collector,"NOAA global marine-surface monthly mean (co2_mm_gl.txt, file created 2026-09-05)"
co2-global-monthly,1996-11,361.78,ppm,https://gml.noaa.gov/webdata/ccgg/trends/co2/co2_mm_gl.txt,1996-12-07,rule,2026-09-28,collectors/climate.py@2026-09-28,collector,"NOAA global marine-surface monthly mean (co2_mm_gl.txt, file created 2026-09-05)"
co2-global-monthly,1996-12,362.63,ppm,https://gml.noaa.gov/webdata/ccgg/trends/co2/co2_mm_gl.txt,1997-01-07,rule,2026-09-28,collectors/climate.py@2026-09-28,collector,"NOAA global marine-surface monthly mean (co2_mm_gl.txt, file created 2026-09-05)"
co2-global-monthly,1997-01,363.26,ppm,https://gml.noaa.gov/webdata/ccgg/trends/co2/co2_mm_gl.txt,1997-02-07,rule,2026-09-28,collectors/climate.py@2026-09-28,collector,"NOAA global marine-surface monthly mean (co2_mm_gl.txt, file created 2026-09-05)"
co2-global-monthly,1997-02,363.63,ppm,https://gml.noaa.gov/webdata/ccgg/trends/co2/co2_mm_gl.txt,1997-03-07,rule,2026-09-28,collectors/climate.py@2026-09-28,collector,"NOAA global marine-surface monthly mean (co2_mm_gl.txt, file created 2026-09-05)"
co2-global-monthly,1997-03,364.02,ppm,https://gml.noaa.gov/webdata/ccgg/trends/co2/co2_mm_gl.txt,1997-04-07,rule,2026-09-28,collectors/climate.py@2026-09-28,collector,"NOAA global marine-surface monthly mean (co2_mm_gl.txt, file created 2026-09-05)"
co2-global-monthly,1997-04,364.50,ppm,https://gml.noaa.gov/webdata/ccgg/trends/co2/co2_mm_gl.txt,1997-05-07,rule,2026-09-28,collectors/climate.py@2026-09-28,collector,"NOAA global marine-surface monthly mean (co2_mm_gl.txt, file created 2026-09-05)"
co2-global-monthly,1997-05,364.50,ppm,https://gml.noaa.gov/webdata/ccgg/trends/co2/co2_mm_gl.txt,1997-06-07,rule,2026-09-28,collectors/climate.py@2026-09-28,collector,"NOAA global marine-surface monthly mean (co2_mm_gl.txt, file created 2026-09-05)"
co2-global-monthly,1997-06,363.58,ppm,https://gml.noaa.gov/webdata/ccgg/trends/co2/co2_mm_gl.txt,1997-07-07,rule,2026-09-28,collectors/climate.py@2026-09-28,collector,"NOAA global marine-surface monthly mean (co2_mm_gl.txt, file created 2026-09-05)"
co2-global-monthly,1997-07,361.93,ppm,https://gml.noaa.gov/webdata/ccgg/trends/co2/co2_mm_gl.txt,1997-08-07,rule,2026-09-28,collectors/climate.py@2026-09-28,collector,"NOAA global marine-surface monthly mean (co2_mm_gl.txt, file created 2026-09-05)"
co2-global-monthly,1997-08,360.40,ppm,https://gml.noaa.gov/webdata/ccgg/trends/co2/co2_mm_gl.txt,1997-09-07,rule,2026-09-28,collectors/climate.py@2026-09-28,collector,"NOAA global marine-surface monthly mean (co2_mm_gl.txt, file created 2026-09-05)"
co2-global-monthly,1997-09,360.40,ppm,https://gml.noaa.gov/webdata/ccgg/trends/co2/co2_mm_gl.txt,1997-10-07,rule,2026-09-28,collectors/climate.py@2026-09-28,collector,"NOAA global marine-surface monthly mean (co2_mm_gl.txt, file created 2026-09-05)"
co2-global-monthly,1997-10,361.93,ppm,https://gml.noaa.gov/webdata/ccgg/trends/co2/co2_mm_gl.txt,1997-11-07,rule,2026-09-28,collectors/climate.py@2026-09-28,collector,"NOAA global marine-surface monthly mean (co2_mm_gl.txt, file created 2026-09-05)"
co2-global-monthly,1997-11,363.61,ppm,https://gml.noaa.gov/webdata/ccgg/trends/co2/co2_mm_gl.txt,1997-12-07,rule,2026-09-28,collectors/climate.py@2026-09-28,collector,"NOAA global marine-surface monthly mean (co2_mm_gl.txt, file created 2026-09-05)"
co2-global-monthly,1997-12,364.68,ppm,https://gml.noaa.gov/webdata/ccgg/trends/co2/co2_mm_gl.txt,1998-01-07,rule,2026-09-28,collectors/climate.py@2026-09-28,collector,"NOAA global marine-surface monthly mean (co2_mm_gl.txt, file created 2026-09-05)"
co2-global-monthly,1998-01,365.19,ppm,https://gml.noaa.gov/webdata/ccgg/trends/co2/co2_mm_gl.txt,1998-02-07,rule,2026-09-28,collectors/climate.py@2026-09-28,collector,"NOAA global marine-surface monthly mean (co2_mm_gl.txt, file created 2026-09-05)"
co2-global-monthly,1998-02,365.47,ppm,https://gml.noaa.gov/webdata/ccgg/trends/co2/co2_mm_gl.txt,1998-03-07,rule,2026-09-28,collectors/climate.py@2026-09-28,collector,"NOAA global marine-surface monthly mean (co2_mm_gl.txt, file created 2026-09-05)"
co2-global-monthly,1998-03,365.93,ppm,https://gml.noaa.gov/webdata/ccgg/trends/co2/co2_mm_gl.txt,1998-04-07,rule,2026-09-28,collectors/climate.py@2026-09-28,collector,"NOAA global marine-surface monthly mean (co2_mm_gl.txt, file created 2026-09-05)"
co2-global-monthly,1998-04,366.58,ppm,https://gml.noaa.gov/webdata/ccgg/trends/co2/co2_mm_gl.txt,1998-05-07,rule,2026-09-28,collectors/climate.py@2026-09-28,collector,"NOAA global marine-surface monthly mean (co2_mm_gl.txt, file created 2026-09-05)"
co2-global-monthly,1998-05,366.86,ppm,https://gml.noaa.gov/webdata/ccgg/trends/co2/co2_mm_gl.txt,1998-06-07,rule,2026-09-28,collectors/climate.py@2026-09-28,collector,"NOAA global marine-surface monthly mean (co2_mm_gl.txt, file created 2026-09-05)"
co2-global-monthly,1998-06,366.26,ppm,https://gml.noaa.gov/webdata/ccgg/trends/co2/co2_mm_gl.txt,1998-07-07,rule,2026-09-28,collectors/climate.py@2026-09-28,collector,"NOAA global marine-surface monthly mean (co2_mm_gl.txt, file created 2026-09-05)"
co2-global-monthly,1998-07,364.83,ppm,https://gml.noaa.gov/webdata/ccgg/trends/co2/co2_mm_gl.txt,1998-08-07,rule,2026-09-28,collectors/climate.py@2026-09-28,collector,"NOAA global marine-surface monthly mean (co2_mm_gl.txt, file created 2026-09-05)"
co2-global-monthly,1998-08,363.79,ppm,https://gml.noaa.gov/webdata/ccgg/trends/co2/co2_mm_gl.txt,1998-09-07,rule,2026-09-28,collectors/climate.py@2026-09-28,collector,"NOAA global marine-surface monthly mean (co2_mm_gl.txt, file created 2026-09-05)"
co2-global-monthly,1998-09,364.03,ppm,https://gml.noaa.gov/webdata/ccgg/trends/co2/co2_mm_gl.txt,1998-10-07,rule,2026-09-28,collectors/climate.py@2026-09-28,collector,"NOAA global marine-surface monthly mean (co2_mm_gl.txt, file created 2026-09-05)"
co2-global-monthly,1998-10,365.34,ppm,https://gml.noaa.gov/webdata/ccgg/trends/co2/co2_mm_gl.txt,1998-11-07,rule,2026-09-28,collectors/climate.py@2026-09-28,collector,"NOAA global marine-surface monthly mean (co2_mm_gl.txt, file created 2026-09-05)"
co2-global-monthly,1998-11,366.60,ppm,https://gml.noaa.gov/webdata/ccgg/trends/co2/co2_mm_gl.txt,1998-12-07,rule,2026-09-28,collectors/climate.py@2026-09-28,collector,"NOAA global marine-surface monthly mean (co2_mm_gl.txt, file created 2026-09-05)"
co2-global-monthly,1998-12,367.47,ppm,https://gml.noaa.gov/webdata/ccgg/trends/co2/co2_mm_gl.txt,1999-01-07,rule,2026-09-28,collectors/climate.py@2026-09-28,collector,"NOAA global marine-surface monthly mean (co2_mm_gl.txt, file created 2026-09-05)"
co2-global-monthly,1999-01,368.11,ppm,https://gml.noaa.gov/webdata/ccgg/trends/co2/co2_mm_gl.txt,1999-02-07,rule,2026-09-28,collectors/climate.py@2026-09-28,collector,"NOAA global marine-surface monthly mean (co2_mm_gl.txt, file created 2026-09-05)"
co2-global-monthly,1999-02,368.51,ppm,https://gml.noaa.gov/webdata/ccgg/trends/co2/co2_mm_gl.txt,1999-03-07,rule,2026-09-28,collectors/climate.py@2026-09-28,collector,"NOAA global marine-surface monthly mean (co2_mm_gl.txt, file created 2026-09-05)"
co2-global-monthly,1999-03,368.90,ppm,https://gml.noaa.gov/webdata/ccgg/trends/co2/co2_mm_gl.txt,1999-04-07,rule,2026-09-28,collectors/climate.py@2026-09-28,collector,"NOAA global marine-surface monthly mean (co2_mm_gl.txt, file created 2026-09-05)"
co2-global-monthly,1999-04,369.29,ppm,https://gml.noaa.gov/webdata/ccgg/trends/co2/co2_mm_gl.txt,1999-05-07,rule,2026-09-28,collectors/climate.py@2026-09-28,collector,"NOAA global marine-surface monthly mean (co2_mm_gl.txt, file created 2026-09-05)"
co2-global-monthly,1999-05,369.21,ppm,https://gml.noaa.gov/webdata/ccgg/trends/co2/co2_mm_gl.txt,1999-06-07,rule,2026-09-28,collectors/climate.py@2026-09-28,collector,"NOAA global marine-surface monthly mean (co2_mm_gl.txt, file created 2026-09-05)"
co2-global-monthly,1999-06,368.36,ppm,https://gml.noaa.gov/webdata/ccgg/trends/co2/co2_mm_gl.txt,1999-07-07,rule,2026-09-28,collectors/climate.py@2026-09-28,collector,"NOAA global marine-surface monthly mean (co2_mm_gl.txt, file created 2026-09-05)"
co2-global-monthly,1999-07,366.69,ppm,https://gml.noaa.gov/webdata/ccgg/trends/co2/co2_mm_gl.txt,1999-08-07,rule,2026-09-28,collectors/climate.py@2026-09-28,collector,"NOAA global marine-surface monthly mean (co2_mm_gl.txt, file created 2026-09-05)"
co2-global-monthly,1999-08,365.33,ppm,https://gml.noaa.gov/webdata/ccgg/trends/co2/co2_mm_gl.txt,1999-09-07,rule,2026-09-28,collectors/climate.py@2026-09-28,collector,"NOAA global marine-surface monthly mean (co2_mm_gl.txt, file created 2026-09-05)"
co2-global-monthly,1999-09,365.45,ppm,https://gml.noaa.gov/webdata/ccgg/trends/co2/co2_mm_gl.txt,1999-10-07,rule,2026-09-28,collectors/climate.py@2026-09-28,collector,"NOAA global marine-surface monthly mean (co2_mm_gl.txt, file created 2026-09-05)"
co2-global-monthly,1999-10,366.75,ppm,https://gml.noaa.gov/webdata/ccgg/trends/co2/co2_mm_gl.txt,1999-11-07,rule,2026-09-28,collectors/climate.py@2026-09-28,collector,"NOAA global marine-surface monthly mean (co2_mm_gl.txt, file created 2026-09-05)"
co2-global-monthly,1999-11,368.04,ppm,https://gml.noaa.gov/webdata/ccgg/trends/co2/co2_mm_gl.txt,1999-12-07,rule,2026-09-28,collectors/climate.py@2026-09-28,collector,"NOAA global marine-surface monthly mean (co2_mm_gl.txt, file created 2026-09-05)"
co2-global-monthly,1999-12,368.88,ppm,https://gml.noaa.gov/webdata/ccgg/trends/co2/co2_mm_gl.txt,2000-01-07,rule,2026-09-28,collectors/climate.py@2026-09-28,collector,"NOAA global marine-surface monthly mean (co2_mm_gl.txt, file created 2026-09-05)"
co2-global-monthly,2000-01,369.38,ppm,https://gml.noaa.gov/webdata/ccgg/trends/co2/co2_mm_gl.txt,2000-02-07,rule,2026-09-28,collectors/climate.py@2026-09-28,collector,"NOAA global marine-surface monthly mean (co2_mm_gl.txt, file created 2026-09-05)"
co2-global-monthly,2000-02,369.65,ppm,https://gml.noaa.gov/webdata/ccgg/trends/co2/co2_mm_gl.txt,2000-03-07,rule,2026-09-28,collectors/climate.py@2026-09-28,collector,"NOAA global marine-surface monthly mean (co2_mm_gl.txt, file created 2026-09-05)"
co2-global-monthly,2000-03,369.97,ppm,https://gml.noaa.gov/webdata/ccgg/trends/co2/co2_mm_gl.txt,2000-04-07,rule,2026-09-28,collectors/climate.py@2026-09-28,collector,"NOAA global marine-surface monthly mean (co2_mm_gl.txt, file created 2026-09-05)"
co2-global-monthly,2000-04,370.35,ppm,https://gml.noaa.gov/webdata/ccgg/trends/co2/co2_mm_gl.txt,2000-05-07,rule,2026-09-28,collectors/climate.py@2026-09-28,collector,"NOAA global marine-surface monthly mean (co2_mm_gl.txt, file created 2026-09-05)"
co2-global-monthly,2000-05,370.24,ppm,https://gml.noaa.gov/webdata/ccgg/trends/co2/co2_mm_gl.txt,2000-06-07,rule,2026-09-28,collectors/climate.py@2026-09-28,collector,"NOAA global marine-surface monthly mean (co2_mm_gl.txt, file created 2026-09-05)"
co2-global-monthly,2000-06,369.31,ppm,https://gml.noaa.gov/webdata/ccgg/trends/co2/co2_mm_gl.txt,2000-07-07,rule,2026-09-28,collectors/climate.py@2026-09-28,collector,"NOAA global marine-surface monthly mean (co2_mm_gl.txt, file created 2026-09-05)"
co2-global-monthly,2000-07,367.91,ppm,https://gml.noaa.gov/webdata/ccgg/trends/co2/co2_mm_gl.txt,2000-08-07,rule,2026-09-28,collectors/climate.py@2026-09-28,collector,"NOAA global marine-surface monthly mean (co2_mm_gl.txt, file created 2026-09-05)"
co2-global-monthly,2000-08,366.76,ppm,https://gml.noaa.gov/webdata/ccgg/trends/co2/co2_mm_gl.txt,2000-09-07,rule,2026-09-28,collectors/climate.py@2026-09-28,collector,"NOAA global marine-surface monthly mean (co2_mm_gl.txt, file created 2026-09-05)"
co2-global-monthly,2000-09,366.71,ppm,https://gml.noaa.gov/webdata/ccgg/trends/co2/co2_mm_gl.txt,2000-10-07,rule,2026-09-28,collectors/climate.py@2026-09-28,collector,"NOAA global marine-surface monthly mean (co2_mm_gl.txt, file created 2026-09-05)"
co2-global-monthly,2000-10,367.91,ppm,https://gml.noaa.gov/webdata/ccgg/trends/co2/co2_mm_gl.txt,2000-11-07,rule,2026-09-28,collectors/climate.py@2026-09-28,collector,"NOAA global marine-surface monthly mean (co2_mm_gl.txt, file created 2026-09-05)"
co2-global-monthly,2000-11,369.28,ppm,https://gml.noaa.gov/webdata/ccgg/trends/co2/co2_mm_gl.txt,2000-12-07,rule,2026-09-28,collectors/climate.py@2026-09-28,collector,"NOAA global marine-surface monthly mean (co2_mm_gl.txt, file created 2026-09-05)"
co2-global-monthly,2000-12,370.10,ppm,https://gml.noaa.gov/webdata/ccgg/trends/co2/co2_mm_gl.txt,2001-01-07,rule,2026-09-28,collectors/climate.py@2026-09-28,collector,"NOAA global marine-surface monthly mean (co2_mm_gl.txt, file created 2026-09-05)"
co2-global-monthly,2001-01,370.69,ppm,https://gml.noaa.gov/webdata/ccgg/trends/co2/co2_mm_gl.txt,2001-02-07,rule,2026-09-28,collectors/climate.py@2026-09-28,collector,"NOAA global marine-surface monthly mean (co2_mm_gl.txt, file created 2026-09-05)"
co2-global-monthly,2001-02,371.18,ppm,https://gml.noaa.gov/webdata/ccgg/trends/co2/co2_mm_gl.txt,2001-03-07,rule,2026-09-28,collectors/climate.py@2026-09-28,collector,"NOAA global marine-surface monthly mean (co2_mm_gl.txt, file created 2026-09-05)"
co2-global-monthly,2001-03,371.59,ppm,https://gml.noaa.gov/webdata/ccgg/trends/co2/co2_mm_gl.txt,2001-04-07,rule,2026-09-28,collectors/climate.py@2026-09-28,collector,"NOAA global marine-surface monthly mean (co2_mm_gl.txt, file created 2026-09-05)"
co2-global-monthly,2001-04,371.90,ppm,https://gml.noaa.gov/webdata/ccgg/trends/co2/co2_mm_gl.txt,2001-05-07,rule,2026-09-28,collectors/climate.py@2026-09-28,collector,"NOAA global marine-surface monthly mean (co2_mm_gl.txt, file created 2026-09-05)"
co2-global-monthly,2001-05,371.76,ppm,https://gml.noaa.gov/webdata/ccgg/trends/co2/co2_mm_gl.txt,2001-06-07,rule,2026-09-28,collectors/climate.py@2026-09-28,collector,"NOAA global marine-surface monthly mean (co2_mm_gl.txt, file created 2026-09-05)"
co2-global-monthly,2001-06,370.81,ppm,https://gml.noaa.gov/webdata/ccgg/trends/co2/co2_mm_gl.txt,2001-07-07,rule,2026-09-28,collectors/climate.py@2026-09-28,collector,"NOAA global marine-surface monthly mean (co2_mm_gl.txt, file created 2026-09-05)"
co2-global-monthly,2001-07,369.45,ppm,https://gml.noaa.gov/webdata/ccgg/trends/co2/co2_mm_gl.txt,2001-08-07,rule,2026-09-28,collectors/climate.py@2026-09-28,collector,"NOAA global marine-surface monthly mean (co2_mm_gl.txt, file created 2026-09-05)"
co2-global-monthly,2001-08,368.32,ppm,https://gml.noaa.gov/webdata/ccgg/trends/co2/co2_mm_gl.txt,2001-09-07,rule,2026-09-28,collectors/climate.py@2026-09-28,collector,"NOAA global marine-surface monthly mean (co2_mm_gl.txt, file created 2026-09-05)"
co2-global-monthly,2001-09,368.36,ppm,https://gml.noaa.gov/webdata/ccgg/trends/co2/co2_mm_gl.txt,2001-10-07,rule,2026-09-28,collectors/climate.py@2026-09-28,collector,"NOAA global marine-surface monthly mean (co2_mm_gl.txt, file created 2026-09-05)"
co2-global-monthly,2001-10,369.71,ppm,https://gml.noaa.gov/webdata/ccgg/trends/co2/co2_mm_gl.txt,2001-11-07,rule,2026-09-28,collectors/climate.py@2026-09-28,collector,"NOAA global marine-surface monthly mean (co2_mm_gl.txt, file created 2026-09-05)"
co2-global-monthly,2001-11,371.05,ppm,https://gml.noaa.gov/webdata/ccgg/trends/co2/co2_mm_gl.txt,2001-12-07,rule,2026-09-28,collectors/climate.py@2026-09-28,collector,"NOAA global marine-surface monthly mean (co2_mm_gl.txt, file created 2026-09-05)"
co2-global-monthly,2001-12,371.97,ppm,https://gml.noaa.gov/webdata/ccgg/trends/co2/co2_mm_gl.txt,2002-01-07,rule,2026-09-28,collectors/climate.py@2026-09-28,collector,"NOAA global marine-surface monthly mean (co2_mm_gl.txt, file created 2026-09-05)"
co2-global-monthly,2002-01,372.51,ppm,https://gml.noaa.gov/webdata/ccgg/trends/co2/co2_mm_gl.txt,2002-02-07,rule,2026-09-28,collectors/climate.py@2026-09-28,collector,"NOAA global marine-surface monthly mean (co2_mm_gl.txt, file created 2026-09-05)"
co2-global-monthly,2002-02,372.91,ppm,https://gml.noaa.gov/webdata/ccgg/trends/co2/co2_mm_gl.txt,2002-03-07,rule,2026-09-28,collectors/climate.py@2026-09-28,collector,"NOAA global marine-surface monthly mean (co2_mm_gl.txt, file created 2026-09-05)"
co2-global-monthly,2002-03,373.38,ppm,https://gml.noaa.gov/webdata/ccgg/trends/co2/co2_mm_gl.txt,2002-04-07,rule,2026-09-28,collectors/climate.py@2026-09-28,collector,"NOAA global marine-surface monthly mean (co2_mm_gl.txt, file created 2026-09-05)"
co2-global-monthly,2002-04,373.73,ppm,https://gml.noaa.gov/webdata/ccgg/trends/co2/co2_mm_gl.txt,2002-05-07,rule,2026-09-28,collectors/climate.py@2026-09-28,collector,"NOAA global marine-surface monthly mean (co2_mm_gl.txt, file created 2026-09-05)"
co2-global-monthly,2002-05,373.71,ppm,https://gml.noaa.gov/webdata/ccgg/trends/co2/co2_mm_gl.txt,2002-06-07,rule,2026-09-28,collectors/climate.py@2026-09-28,collector,"NOAA global marine-surface monthly mean (co2_mm_gl.txt, file created 2026-09-05)"
co2-global-monthly,2002-06,372.84,ppm,https://gml.noaa.gov/webdata/ccgg/trends/co2/co2_mm_gl.txt,2002-07-07,rule,2026-09-28,collectors/climate.py@2026-09-28,collector,"NOAA global marine-surface monthly mean (co2_mm_gl.txt, file created 2026-09-05)"
co2-global-monthly,2002-07,371.41,ppm,https://gml.noaa.gov/webdata/ccgg/trends/co2/co2_mm_gl.txt,2002-08-07,rule,2026-09-28,collectors/climate.py@2026-09-28,collector,"NOAA global marine-surface monthly mean (co2_mm_gl.txt, file created 2026-09-05)"
co2-global-monthly,2002-08,370.35,ppm,https://gml.noaa.gov/webdata/ccgg/trends/co2/co2_mm_gl.txt,2002-09-07,rule,2026-09-28,collectors/climate.py@2026-09-28,collector,"NOAA global marine-surface monthly mean (co2_mm_gl.txt, file created 2026-09-05)"
co2-global-monthly,2002-09,370.67,ppm,https://gml.noaa.gov/webdata/ccgg/trends/co2/co2_mm_gl.txt,2002-10-07,rule,2026-09-28,collectors/climate.py@2026-09-28,collector,"NOAA global marine-surface monthly mean (co2_mm_gl.txt, file created 2026-09-05)"
co2-global-monthly,2002-10,371.95,ppm,https://gml.noaa.gov/webdata/ccgg/trends/co2/co2_mm_gl.txt,2002-11-07,rule,2026-09-28,collectors/climate.py@2026-09-28,collector,"NOAA global marine-surface monthly mean (co2_mm_gl.txt, file created 2026-09-05)"
co2-global-monthly,2002-11,373.28,ppm,https://gml.noaa.gov/webdata/ccgg/trends/co2/co2_mm_gl.txt,2002-12-07,rule,2026-09-28,collectors/climate.py@2026-09-28,collector,"NOAA global marine-surface monthly mean (co2_mm_gl.txt, file created 2026-09-05)"
co2-global-monthly,2002-12,374.26,ppm,https://gml.noaa.gov/webdata/ccgg/trends/co2/co2_mm_gl.txt,2003-01-07,rule,2026-09-28,collectors/climate.py@2026-09-28,collector,"NOAA global marine-surface monthly mean (co2_mm_gl.txt, file created 2026-09-05)"
co2-global-monthly,2003-01,374.94,ppm,https://gml.noaa.gov/webdata/ccgg/trends/co2/co2_mm_gl.txt,2003-02-07,rule,2026-09-28,collectors/climate.py@2026-09-28,collector,"NOAA global marine-surface monthly mean (co2_mm_gl.txt, file created 2026-09-05)"
co2-global-monthly,2003-02,375.47,ppm,https://gml.noaa.gov/webdata/ccgg/trends/co2/co2_mm_gl.txt,2003-03-07,rule,2026-09-28,collectors/climate.py@2026-09-28,collector,"NOAA global marine-surface monthly mean (co2_mm_gl.txt, file created 2026-09-05)"
co2-global-monthly,2003-03,375.91,ppm,https://gml.noaa.gov/webdata/ccgg/trends/co2/co2_mm_gl.txt,2003-04-07,rule,2026-09-28,collectors/climate.py@2026-09-28,collector,"NOAA global marine-surface monthly mean (co2_mm_gl.txt, file created 2026-09-05)"
co2-global-monthly,2003-04,376.39,ppm,https://gml.noaa.gov/webdata/ccgg/trends/co2/co2_mm_gl.txt,2003-05-07,rule,2026-09-28,collectors/climate.py@2026-09-28,collector,"NOAA global marine-surface monthly mean (co2_mm_gl.txt, file created 2026-09-05)"
co2-global-monthly,2003-05,376.54,ppm,https://gml.noaa.gov/webdata/ccgg/trends/co2/co2_mm_gl.txt,2003-06-07,rule,2026-09-28,collectors/climate.py@2026-09-28,collector,"NOAA global marine-surface monthly mean (co2_mm_gl.txt, file created 2026-09-05)"
co2-global-monthly,2003-06,375.71,ppm,https://gml.noaa.gov/webdata/ccgg/trends/co2/co2_mm_gl.txt,2003-07-07,rule,2026-09-28,collectors/climate.py@2026-09-28,collector,"NOAA global marine-surface monthly mean (co2_mm_gl.txt, file created 2026-09-05)"
co2-global-monthly,2003-07,374.16,ppm,https://gml.noaa.gov/webdata/ccgg/trends/co2/co2_mm_gl.txt,2003-08-07,rule,2026-09-28,collectors/climate.py@2026-09-28,collector,"NOAA global marine-surface monthly mean (co2_mm_gl.txt, file created 2026-09-05)"
co2-global-monthly,2003-08,372.93,ppm,https://gml.noaa.gov/webdata/ccgg/trends/co2/co2_mm_gl.txt,2003-09-07,rule,2026-09-28,collectors/climate.py@2026-09-28,collector,"NOAA global marine-surface monthly mean (co2_mm_gl.txt, file created 2026-09-05)"
co2-global-monthly,2003-09,373.09,ppm,https://gml.noaa.gov/webdata/ccgg/trends/co2/co2_mm_gl.txt,2003-10-07,rule,2026-09-28,collectors/climate.py@2026-09-28,collector,"NOAA global marine-surface monthly mean (co2_mm_gl.txt, file created 2026-09-05)"
co2-global-monthly,2003-10,374.36,ppm,https://gml.noaa.gov/webdata/ccgg/trends/co2/co2_mm_gl.txt,2003-11-07,rule,2026-09-28,collectors/climate.py@2026-09-28,collector,"NOAA global marine-surface monthly mean (co2_mm_gl.txt, file created 2026-09-05)"
co2-global-monthly,2003-11,375.65,ppm,https://gml.noaa.gov/webdata/ccgg/trends/co2/co2_mm_gl.txt,2003-12-07,rule,2026-09-28,collectors/climate.py@2026-09-28,collector,"NOAA global marine-surface monthly mean (co2_mm_gl.txt, file created 2026-09-05)"
co2-global-monthly,2003-12,376.52,ppm,https://gml.noaa.gov/webdata/ccgg/trends/co2/co2_mm_gl.txt,2004-01-07,rule,2026-09-28,collectors/climate.py@2026-09-28,collector,"NOAA global marine-surface monthly mean (co2_mm_gl.txt, file created 2026-09-05)"
co2-global-monthly,2004-01,377.21,ppm,https://gml.noaa.gov/webdata/ccgg/trends/co2/co2_mm_gl.txt,2004-02-07,rule,2026-09-28,collectors/climate.py@2026-09-28,collector,"NOAA global marine-surface monthly mean (co2_mm_gl.txt, file created 2026-09-05)"
co2-global-monthly,2004-02,377.72,ppm,https://gml.noaa.gov/webdata/ccgg/trends/co2/co2_mm_gl.txt,2004-03-07,rule,2026-09-28,collectors/climate.py@2026-09-28,collector,"NOAA global marine-surface monthly mean (co2_mm_gl.txt, file created 2026-09-05)"
co2-global-monthly,2004-03,378.14,ppm,https://gml.noaa.gov/webdata/ccgg/trends/co2/co2_mm_gl.txt,2004-04-07,rule,2026-09-28,collectors/climate.py@2026-09-28,collector,"NOAA global marine-surface monthly mean (co2_mm_gl.txt, file created 2026-09-05)"
co2-global-monthly,2004-04,378.47,ppm,https://gml.noaa.gov/webdata/ccgg/trends/co2/co2_mm_gl.txt,2004-05-07,rule,2026-09-28,collectors/climate.py@2026-09-28,collector,"NOAA global marine-surface monthly mean (co2_mm_gl.txt, file created 2026-09-05)"
co2-global-monthly,2004-05,378.40,ppm,https://gml.noaa.gov/webdata/ccgg/trends/co2/co2_mm_gl.txt,2004-06-07,rule,2026-09-28,collectors/climate.py@2026-09-28,collector,"NOAA global marine-surface monthly mean (co2_mm_gl.txt, file created 2026-09-05)"
co2-global-monthly,2004-06,377.51,ppm,https://gml.noaa.gov/webdata/ccgg/trends/co2/co2_mm_gl.txt,2004-07-07,rule,2026-09-28,collectors/climate.py@2026-09-28,collector,"NOAA global marine-surface monthly mean (co2_mm_gl.txt, file created 2026-09-05)"
co2-global-monthly,2004-07,375.95,ppm,https://gml.noaa.gov/webdata/ccgg/trends/co2/co2_mm_gl.txt,2004-08-07,rule,2026-09-28,collectors/climate.py@2026-09-28,collector,"NOAA global marine-surface monthly mean (co2_mm_gl.txt, file created 2026-09-05)"
co2-global-monthly,2004-08,374.48,ppm,https://gml.noaa.gov/webdata/ccgg/trends/co2/co2_mm_gl.txt,2004-09-07,rule,2026-09-28,collectors/climate.py@2026-09-28,collector,"NOAA global marine-surface monthly mean (co2_mm_gl.txt, file created 2026-09-05)"
co2-global-monthly,2004-09,374.38,ppm,https://gml.noaa.gov/webdata/ccgg/trends/co2/co2_mm_gl.txt,2004-10-07,rule,2026-09-28,collectors/climate.py@2026-09-28,collector,"NOAA global marine-surface monthly mean (co2_mm_gl.txt, file created 2026-09-05)"
co2-global-monthly,2004-10,375.72,ppm,https://gml.noaa.gov/webdata/ccgg/trends/co2/co2_mm_gl.txt,2004-11-07,rule,2026-09-28,collectors/climate.py@2026-09-28,collector,"NOAA global marine-surface monthly mean (co2_mm_gl.txt, file created 2026-09-05)"
co2-global-monthly,2004-11,377.19,ppm,https://gml.noaa.gov/webdata/ccgg/trends/co2/co2_mm_gl.txt,2004-12-07,rule,2026-09-28,collectors/climate.py@2026-09-28,collector,"NOAA global marine-surface monthly mean (co2_mm_gl.txt, file created 2026-09-05)"
co2-global-monthly,2004-12,378.16,ppm,https://gml.noaa.gov/webdata/ccgg/trends/co2/co2_mm_gl.txt,2005-01-07,rule,2026-09-28,collectors/climate.py@2026-09-28,collector,"NOAA global marine-surface monthly mean (co2_mm_gl.txt, file created 2026-09-05)"
co2-global-monthly,2005-01,378.73,ppm,https://gml.noaa.gov/webdata/ccgg/trends/co2/co2_mm_gl.txt,2005-02-07,rule,2026-09-28,collectors/climate.py@2026-09-28,collector,"NOAA global marine-surface monthly mean (co2_mm_gl.txt, file created 2026-09-05)"
co2-global-monthly,2005-02,379.27,ppm,https://gml.noaa.gov/webdata/ccgg/trends/co2/co2_mm_gl.txt,2005-03-07,rule,2026-09-28,collectors/climate.py@2026-09-28,collector,"NOAA global marine-surface monthly mean (co2_mm_gl.txt, file created 2026-09-05)"
co2-global-monthly,2005-03,379.87,ppm,https://gml.noaa.gov/webdata/ccgg/trends/co2/co2_mm_gl.txt,2005-04-07,rule,2026-09-28,collectors/climate.py@2026-09-28,collector,"NOAA global marine-surface monthly mean (co2_mm_gl.txt, file created 2026-09-05)"
co2-global-monthly,2005-04,380.32,ppm,https://gml.noaa.gov/webdata/ccgg/trends/co2/co2_mm_gl.txt,2005-05-07,rule,2026-09-28,collectors/climate.py@2026-09-28,collector,"NOAA global marine-surface monthly mean (co2_mm_gl.txt, file created 2026-09-05)"
co2-global-monthly,2005-05,380.42,ppm,https://gml.noaa.gov/webdata/ccgg/trends/co2/co2_mm_gl.txt,2005-06-07,rule,2026-09-28,collectors/climate.py@2026-09-28,collector,"NOAA global marine-surface monthly mean (co2_mm_gl.txt, file created 2026-09-05)"
co2-global-monthly,2005-06,379.60,ppm,https://gml.noaa.gov/webdata/ccgg/trends/co2/co2_mm_gl.txt,2005-07-07,rule,2026-09-28,collectors/climate.py@2026-09-28,collector,"NOAA global marine-surface monthly mean (co2_mm_gl.txt, file created 2026-09-05)"
co2-global-monthly,2005-07,377.94,ppm,https://gml.noaa.gov/webdata/ccgg/trends/co2/co2_mm_gl.txt,2005-08-07,rule,2026-09-28,collectors/climate.py@2026-09-28,collector,"NOAA global marine-surface monthly mean (co2_mm_gl.txt, file created 2026-09-05)"
co2-global-monthly,2005-08,376.73,ppm,https://gml.noaa.gov/webdata/ccgg/trends/co2/co2_mm_gl.txt,2005-09-07,rule,2026-09-28,collectors/climate.py@2026-09-28,collector,"NOAA global marine-surface monthly mean (co2_mm_gl.txt, file created 2026-09-05)"
co2-global-monthly,2005-09,376.76,ppm,https://gml.noaa.gov/webdata/ccgg/trends/co2/co2_mm_gl.txt,2005-10-07,rule,2026-09-28,collectors/climate.py@2026-09-28,collector,"NOAA global marine-surface monthly mean (co2_mm_gl.txt, file created 2026-09-05)"
co2-global-monthly,2005-10,378.07,ppm,https://gml.noaa.gov/webdata/ccgg/trends/co2/co2_mm_gl.txt,2005-11-07,rule,2026-09-28,collectors/climate.py@2026-09-28,collector,"NOAA global marine-surface monthly mean (co2_mm_gl.txt, file created 2026-09-05)"
co2-global-monthly,2005-11,379.53,ppm,https://gml.noaa.gov/webdata/ccgg/trends/co2/co2_mm_gl.txt,2005-12-07,rule,2026-09-28,collectors/climate.py@2026-09-28,collector,"NOAA global marine-surface monthly mean (co2_mm_gl.txt, file created 2026-09-05)"
co2-global-monthly,2005-12,380.53,ppm,https://gml.noaa.gov/webdata/ccgg/trends/co2/co2_mm_gl.txt,2006-01-07,rule,2026-09-28,collectors/climate.py@2026-09-28,collector,"NOAA global marine-surface monthly mean (co2_mm_gl.txt, file created 2026-09-05)"
co2-global-monthly,2006-01,381.34,ppm,https://gml.noaa.gov/webdata/ccgg/trends/co2/co2_mm_gl.txt,2006-02-07,rule,2026-09-28,collectors/climate.py@2026-09-28,collector,"NOAA global marine-surface monthly mean (co2_mm_gl.txt, file created 2026-09-05)"
co2-global-monthly,2006-02,381.96,ppm,https://gml.noaa.gov/webdata/ccgg/trends/co2/co2_mm_gl.txt,2006-03-07,rule,2026-09-28,collectors/climate.py@2026-09-28,collector,"NOAA global marine-surface monthly mean (co2_mm_gl.txt, file created 2026-09-05)"
co2-global-monthly,2006-03,382.35,ppm,https://gml.noaa.gov/webdata/ccgg/trends/co2/co2_mm_gl.txt,2006-04-07,rule,2026-09-28,collectors/climate.py@2026-09-28,collector,"NOAA global marine-surface monthly mean (co2_mm_gl.txt, file created 2026-09-05)"
co2-global-monthly,2006-04,382.67,ppm,https://gml.noaa.gov/webdata/ccgg/trends/co2/co2_mm_gl.txt,2006-05-07,rule,2026-09-28,collectors/climate.py@2026-09-28,collector,"NOAA global marine-surface monthly mean (co2_mm_gl.txt, file created 2026-09-05)"
co2-global-monthly,2006-05,382.62,ppm,https://gml.noaa.gov/webdata/ccgg/trends/co2/co2_mm_gl.txt,2006-06-07,rule,2026-09-28,collectors/climate.py@2026-09-28,collector,"NOAA global marine-surface monthly mean (co2_mm_gl.txt, file created 2026-09-05)"
co2-global-monthly,2006-06,381.76,ppm,https://gml.noaa.gov/webdata/ccgg/trends/co2/co2_mm_gl.txt,2006-07-07,rule,2026-09-28,collectors/climate.py@2026-09-28,collector,"NOAA global marine-surface monthly mean (co2_mm_gl.txt, file created 2026-09-05)"
co2-global-monthly,2006-07,380.06,ppm,https://gml.noaa.gov/webdata/ccgg/trends/co2/co2_mm_gl.txt,2006-08-07,rule,2026-09-28,collectors/climate.py@2026-09-28,collector,"NOAA global marine-surface monthly mean (co2_mm_gl.txt, file created 2026-09-05)"
co2-global-monthly,2006-08,378.47,ppm,https://gml.noaa.gov/webdata/ccgg/trends/co2/co2_mm_gl.txt,2006-09-07,rule,2026-09-28,collectors/climate.py@2026-09-28,collector,"NOAA global marine-surface monthly mean (co2_mm_gl.txt, file created 2026-09-05)"
co2-global-monthly,2006-09,378.63,ppm,https://gml.noaa.gov/webdata/ccgg/trends/co2/co2_mm_gl.txt,2006-10-07,rule,2026-09-28,collectors/climate.py@2026-09-28,collector,"NOAA global marine-surface monthly mean (co2_mm_gl.txt, file created 2026-09-05)"
co2-global-monthly,2006-10,380.09,ppm,https://gml.noaa.gov/webdata/ccgg/trends/co2/co2_mm_gl.txt,2006-11-07,rule,2026-09-28,collectors/climate.py@2026-09-28,collector,"NOAA global marine-surface monthly mean (co2_mm_gl.txt, file created 2026-09-05)"
co2-global-monthly,2006-11,381.45,ppm,https://gml.noaa.gov/webdata/ccgg/trends/co2/co2_mm_gl.txt,2006-12-07,rule,2026-09-28,collectors/climate.py@2026-09-28,collector,"NOAA global marine-surface monthly mean (co2_mm_gl.txt, file created 2026-09-05)"
co2-global-monthly,2006-12,382.40,ppm,https://gml.noaa.gov/webdata/ccgg/trends/co2/co2_mm_gl.txt,2007-01-07,rule,2026-09-28,collectors/climate.py@2026-09-28,collector,"NOAA global marine-surface monthly mean (co2_mm_gl.txt, file created 2026-09-05)"
co2-global-monthly,2007-01,383.03,ppm,https://gml.noaa.gov/webdata/ccgg/trends/co2/co2_mm_gl.txt,2007-02-07,rule,2026-09-28,collectors/climate.py@2026-09-28,collector,"NOAA global marine-surface monthly mean (co2_mm_gl.txt, file created 2026-09-05)"
co2-global-monthly,2007-02,383.54,ppm,https://gml.noaa.gov/webdata/ccgg/trends/co2/co2_mm_gl.txt,2007-03-07,rule,2026-09-28,collectors/climate.py@2026-09-28,collector,"NOAA global marine-surface monthly mean (co2_mm_gl.txt, file created 2026-09-05)"
co2-global-monthly,2007-03,384.01,ppm,https://gml.noaa.gov/webdata/ccgg/trends/co2/co2_mm_gl.txt,2007-04-07,rule,2026-09-28,collectors/climate.py@2026-09-28,collector,"NOAA global marine-surface monthly mean (co2_mm_gl.txt, file created 2026-09-05)"
co2-global-monthly,2007-04,384.27,ppm,https://gml.noaa.gov/webdata/ccgg/trends/co2/co2_mm_gl.txt,2007-05-07,rule,2026-09-28,collectors/climate.py@2026-09-28,collector,"NOAA global marine-surface monthly mean (co2_mm_gl.txt, file created 2026-09-05)"
co2-global-monthly,2007-05,384.12,ppm,https://gml.noaa.gov/webdata/ccgg/trends/co2/co2_mm_gl.txt,2007-06-07,rule,2026-09-28,collectors/climate.py@2026-09-28,collector,"NOAA global marine-surface monthly mean (co2_mm_gl.txt, file created 2026-09-05)"
co2-global-monthly,2007-06,383.26,ppm,https://gml.noaa.gov/webdata/ccgg/trends/co2/co2_mm_gl.txt,2007-07-07,rule,2026-09-28,collectors/climate.py@2026-09-28,collector,"NOAA global marine-surface monthly mean (co2_mm_gl.txt, file created 2026-09-05)"
co2-global-monthly,2007-07,381.55,ppm,https://gml.noaa.gov/webdata/ccgg/trends/co2/co2_mm_gl.txt,2007-08-07,rule,2026-09-28,collectors/climate.py@2026-09-28,collector,"NOAA global marine-surface monthly mean (co2_mm_gl.txt, file created 2026-09-05)"
co2-global-monthly,2007-08,380.30,ppm,https://gml.noaa.gov/webdata/ccgg/trends/co2/co2_mm_gl.txt,2007-09-07,rule,2026-09-28,collectors/climate.py@2026-09-28,collector,"NOAA global marine-surface monthly mean (co2_mm_gl.txt, file created 2026-09-05)"
co2-global-monthly,2007-09,380.69,ppm,https://gml.noaa.gov/webdata/ccgg/trends/co2/co2_mm_gl.txt,2007-10-07,rule,2026-09-28,collectors/climate.py@2026-09-28,collector,"NOAA global marine-surface monthly mean (co2_mm_gl.txt, file created 2026-09-05)"
co2-global-monthly,2007-10,382.10,ppm,https://gml.noaa.gov/webdata/ccgg/trends/co2/co2_mm_gl.txt,2007-11-07,rule,2026-09-28,collectors/climate.py@2026-09-28,collector,"NOAA global marine-surface monthly mean (co2_mm_gl.txt, file created 2026-09-05)"
co2-global-monthly,2007-11,383.45,ppm,https://gml.noaa.gov/webdata/ccgg/trends/co2/co2_mm_gl.txt,2007-12-07,rule,2026-09-28,collectors/climate.py@2026-09-28,collector,"NOAA global marine-surface monthly mean (co2_mm_gl.txt, file created 2026-09-05)"
co2-global-monthly,2007-12,384.46,ppm,https://gml.noaa.gov/webdata/ccgg/trends/co2/co2_mm_gl.txt,2008-01-07,rule,2026-09-28,collectors/climate.py@2026-09-28,collector,"NOAA global marine-surface monthly mean (co2_mm_gl.txt, file created 2026-09-05)"
co2-global-monthly,2008-01,385.23,ppm,https://gml.noaa.gov/webdata/ccgg/trends/co2/co2_mm_gl.txt,2008-02-07,rule,2026-09-28,collectors/climate.py@2026-09-28,collector,"NOAA global marine-surface monthly mean (co2_mm_gl.txt, file created 2026-09-05)"
co2-global-monthly,2008-02,385.74,ppm,https://gml.noaa.gov/webdata/ccgg/trends/co2/co2_mm_gl.txt,2008-03-07,rule,2026-09-28,collectors/climate.py@2026-09-28,collector,"NOAA global marine-surface monthly mean (co2_mm_gl.txt, file created 2026-09-05)"
co2-global-monthly,2008-03,386.15,ppm,https://gml.noaa.gov/webdata/ccgg/trends/co2/co2_mm_gl.txt,2008-04-07,rule,2026-09-28,collectors/climate.py@2026-09-28,collector,"NOAA global marine-surface monthly mean (co2_mm_gl.txt, file created 2026-09-05)"
co2-global-monthly,2008-04,386.53,ppm,https://gml.noaa.gov/webdata/ccgg/trends/co2/co2_mm_gl.txt,2008-05-07,rule,2026-09-28,collectors/climate.py@2026-09-28,collector,"NOAA global marine-surface monthly mean (co2_mm_gl.txt, file created 2026-09-05)"
co2-global-monthly,2008-05,386.49,ppm,https://gml.noaa.gov/webdata/ccgg/trends/co2/co2_mm_gl.txt,2008-06-07,rule,2026-09-28,collectors/climate.py@2026-09-28,collector,"NOAA global marine-surface monthly mean (co2_mm_gl.txt, file created 2026-09-05)"
co2-global-monthly,2008-06,385.58,ppm,https://gml.noaa.gov/webdata/ccgg/trends/co2/co2_mm_gl.txt,2008-07-07,rule,2026-09-28,collectors/climate.py@2026-09-28,collector,"NOAA global marine-surface monthly mean (co2_mm_gl.txt, file created 2026-09-05)"
co2-global-monthly,2008-07,384.10,ppm,https://gml.noaa.gov/webdata/ccgg/trends/co2/co2_mm_gl.txt,2008-08-07,rule,2026-09-28,collectors/climate.py@2026-09-28,collector,"NOAA global marine-surface monthly mean (co2_mm_gl.txt, file created 2026-09-05)"
co2-global-monthly,2008-08,382.77,ppm,https://gml.noaa.gov/webdata/ccgg/trends/co2/co2_mm_gl.txt,2008-09-07,rule,2026-09-28,collectors/climate.py@2026-09-28,collector,"NOAA global marine-surface monthly mean (co2_mm_gl.txt, file created 2026-09-05)"
co2-global-monthly,2008-09,382.54,ppm,https://gml.noaa.gov/webdata/ccgg/trends/co2/co2_mm_gl.txt,2008-10-07,rule,2026-09-28,collectors/climate.py@2026-09-28,collector,"NOAA global marine-surface monthly mean (co2_mm_gl.txt, file created 2026-09-05)"
co2-global-monthly,2008-10,383.67,ppm,https://gml.noaa.gov/webdata/ccgg/trends/co2/co2_mm_gl.txt,2008-11-07,rule,2026-09-28,collectors/climate.py@2026-09-28,collector,"NOAA global marine-surface monthly mean (co2_mm_gl.txt, file created 2026-09-05)"
co2-global-monthly,2008-11,385.18,ppm,https://gml.noaa.gov/webdata/ccgg/trends/co2/co2_mm_gl.txt,2008-12-07,rule,2026-09-28,collectors/climate.py@2026-09-28,collector,"NOAA global marine-surface monthly mean (co2_mm_gl.txt, file created 2026-09-05)"
co2-global-monthly,2008-12,386.27,ppm,https://gml.noaa.gov/webdata/ccgg/trends/co2/co2_mm_gl.txt,2009-01-07,rule,2026-09-28,collectors/climate.py@2026-09-28,collector,"NOAA global marine-surface monthly mean (co2_mm_gl.txt, file created 2026-09-05)"
co2-global-monthly,2009-01,387.03,ppm,https://gml.noaa.gov/webdata/ccgg/trends/co2/co2_mm_gl.txt,2009-02-07,rule,2026-09-28,collectors/climate.py@2026-09-28,collector,"NOAA global marine-surface monthly mean (co2_mm_gl.txt, file created 2026-09-05)"
co2-global-monthly,2009-02,387.48,ppm,https://gml.noaa.gov/webdata/ccgg/trends/co2/co2_mm_gl.txt,2009-03-07,rule,2026-09-28,collectors/climate.py@2026-09-28,collector,"NOAA global marine-surface monthly mean (co2_mm_gl.txt, file created 2026-09-05)"
co2-global-monthly,2009-03,387.71,ppm,https://gml.noaa.gov/webdata/ccgg/trends/co2/co2_mm_gl.txt,2009-04-07,rule,2026-09-28,collectors/climate.py@2026-09-28,collector,"NOAA global marine-surface monthly mean (co2_mm_gl.txt, file created 2026-09-05)"
co2-global-monthly,2009-04,387.99,ppm,https://gml.noaa.gov/webdata/ccgg/trends/co2/co2_mm_gl.txt,2009-05-07,rule,2026-09-28,collectors/climate.py@2026-09-28,collector,"NOAA global marine-surface monthly mean (co2_mm_gl.txt, file created 2026-09-05)"
co2-global-monthly,2009-05,387.95,ppm,https://gml.noaa.gov/webdata/ccgg/trends/co2/co2_mm_gl.txt,2009-06-07,rule,2026-09-28,collectors/climate.py@2026-09-28,collector,"NOAA global marine-surface monthly mean (co2_mm_gl.txt, file created 2026-09-05)"
co2-global-monthly,2009-06,386.96,ppm,https://gml.noaa.gov/webdata/ccgg/trends/co2/co2_mm_gl.txt,2009-07-07,rule,2026-09-28,collectors/climate.py@2026-09-28,collector,"NOAA global marine-surface monthly mean (co2_mm_gl.txt, file created 2026-09-05)"
co2-global-monthly,2009-07,385.01,ppm,https://gml.noaa.gov/webdata/ccgg/trends/co2/co2_mm_gl.txt,2009-08-07,rule,2026-09-28,collectors/climate.py@2026-09-28,collector,"NOAA global marine-surface monthly mean (co2_mm_gl.txt, file created 2026-09-05)"
co2-global-monthly,2009-08,383.63,ppm,https://gml.noaa.gov/webdata/ccgg/trends/co2/co2_mm_gl.txt,2009-09-07,rule,2026-09-28,collectors/climate.py@2026-09-28,collector,"NOAA global marine-surface monthly mean (co2_mm_gl.txt, file created 2026-09-05)"
co2-global-monthly,2009-09,383.93,ppm,https://gml.noaa.gov/webdata/ccgg/trends/co2/co2_mm_gl.txt,2009-10-07,rule,2026-09-28,collectors/climate.py@2026-09-28,collector,"NOAA global marine-surface monthly mean (co2_mm_gl.txt, file created 2026-09-05)"
co2-global-monthly,2009-10,385.49,ppm,https://gml.noaa.gov/webdata/ccgg/trends/co2/co2_mm_gl.txt,2009-11-07,rule,2026-09-28,collectors/climate.py@2026-09-28,collector,"NOAA global marine-surface monthly mean (co2_mm_gl.txt, file created 2026-09-05)"
co2-global-monthly,2009-11,386.94,ppm,https://gml.noaa.gov/webdata/ccgg/trends/co2/co2_mm_gl.txt,2009-12-07,rule,2026-09-28,collectors/climate.py@2026-09-28,collector,"NOAA global marine-surface monthly mean (co2_mm_gl.txt, file created 2026-09-05)"
co2-global-monthly,2009-12,387.84,ppm,https://gml.noaa.gov/webdata/ccgg/trends/co2/co2_mm_gl.txt,2010-01-07,rule,2026-09-28,collectors/climate.py@2026-09-28,collector,"NOAA global marine-surface monthly mean (co2_mm_gl.txt, file created 2026-09-05)"
co2-global-monthly,2010-01,388.62,ppm,https://gml.noaa.gov/webdata/ccgg/trends/co2/co2_mm_gl.txt,2010-02-07,rule,2026-09-28,collectors/climate.py@2026-09-28,collector,"NOAA global marine-surface monthly mean (co2_mm_gl.txt, file created 2026-09-05)"
co2-global-monthly,2010-02,389.34,ppm,https://gml.noaa.gov/webdata/ccgg/trends/co2/co2_mm_gl.txt,2010-03-07,rule,2026-09-28,collectors/climate.py@2026-09-28,collector,"NOAA global marine-surface monthly mean (co2_mm_gl.txt, file created 2026-09-05)"
co2-global-monthly,2010-03,389.68,ppm,https://gml.noaa.gov/webdata/ccgg/trends/co2/co2_mm_gl.txt,2010-04-07,rule,2026-09-28,collectors/climate.py@2026-09-28,collector,"NOAA global marine-surface monthly mean (co2_mm_gl.txt, file created 2026-09-05)"
co2-global-monthly,2010-04,389.98,ppm,https://gml.noaa.gov/webdata/ccgg/trends/co2/co2_mm_gl.txt,2010-05-07,rule,2026-09-28,collectors/climate.py@2026-09-28,collector,"NOAA global marine-surface monthly mean (co2_mm_gl.txt, file created 2026-09-05)"
co2-global-monthly,2010-05,389.95,ppm,https://gml.noaa.gov/webdata/ccgg/trends/co2/co2_mm_gl.txt,2010-06-07,rule,2026-09-28,collectors/climate.py@2026-09-28,collector,"NOAA global marine-surface monthly mean (co2_mm_gl.txt, file created 2026-09-05)"
co2-global-monthly,2010-06,389.01,ppm,https://gml.noaa.gov/webdata/ccgg/trends/co2/co2_mm_gl.txt,2010-07-07,rule,2026-09-28,collectors/climate.py@2026-09-28,collector,"NOAA global marine-surface monthly mean (co2_mm_gl.txt, file created 2026-09-05)"
co2-global-monthly,2010-07,387.35,ppm,https://gml.noaa.gov/webdata/ccgg/trends/co2/co2_mm_gl.txt,2010-08-07,rule,2026-09-28,collectors/climate.py@2026-09-28,collector,"NOAA global marine-surface monthly mean (co2_mm_gl.txt, file created 2026-09-05)"
co2-global-monthly,2010-08,386.23,ppm,https://gml.noaa.gov/webdata/ccgg/trends/co2/co2_mm_gl.txt,2010-09-07,rule,2026-09-28,collectors/climate.py@2026-09-28,collector,"NOAA global marine-surface monthly mean (co2_mm_gl.txt, file created 2026-09-05)"
co2-global-monthly,2010-09,386.70,ppm,https://gml.noaa.gov/webdata/ccgg/trends/co2/co2_mm_gl.txt,2010-10-07,rule,2026-09-28,collectors/climate.py@2026-09-28,collector,"NOAA global marine-surface monthly mean (co2_mm_gl.txt, file created 2026-09-05)"
co2-global-monthly,2010-10,388.25,ppm,https://gml.noaa.gov/webdata/ccgg/trends/co2/co2_mm_gl.txt,2010-11-07,rule,2026-09-28,collectors/climate.py@2026-09-28,collector,"NOAA global marine-surface monthly mean (co2_mm_gl.txt, file created 2026-09-05)"
co2-global-monthly,2010-11,389.62,ppm,https://gml.noaa.gov/webdata/ccgg/trends/co2/co2_mm_gl.txt,2010-12-07,rule,2026-09-28,collectors/climate.py@2026-09-28,collector,"NOAA global marine-surface monthly mean (co2_mm_gl.txt, file created 2026-09-05)"
co2-global-monthly,2010-12,390.34,ppm,https://gml.noaa.gov/webdata/ccgg/trends/co2/co2_mm_gl.txt,2011-01-07,rule,2026-09-28,collectors/climate.py@2026-09-28,collector,"NOAA global marine-surface monthly mean (co2_mm_gl.txt, file created 2026-09-05)"
co2-global-monthly,2011-01,390.85,ppm,https://gml.noaa.gov/webdata/ccgg/trends/co2/co2_mm_gl.txt,2011-02-07,rule,2026-09-28,collectors/climate.py@2026-09-28,collector,"NOAA global marine-surface monthly mean (co2_mm_gl.txt, file created 2026-09-05)"
co2-global-monthly,2011-02,391.29,ppm,https://gml.noaa.gov/webdata/ccgg/trends/co2/co2_mm_gl.txt,2011-03-07,rule,2026-09-28,collectors/climate.py@2026-09-28,collector,"NOAA global marine-surface monthly mean (co2_mm_gl.txt, file created 2026-09-05)"
co2-global-monthly,2011-03,391.66,ppm,https://gml.noaa.gov/webdata/ccgg/trends/co2/co2_mm_gl.txt,2011-04-07,rule,2026-09-28,collectors/climate.py@2026-09-28,collector,"NOAA global marine-surface monthly mean (co2_mm_gl.txt, file created 2026-09-05)"
co2-global-monthly,2011-04,392.05,ppm,https://gml.noaa.gov/webdata/ccgg/trends/co2/co2_mm_gl.txt,2011-05-07,rule,2026-09-28,collectors/climate.py@2026-09-28,collector,"NOAA global marine-surface monthly mean (co2_mm_gl.txt, file created 2026-09-05)"
co2-global-monthly,2011-05,392.08,ppm,https://gml.noaa.gov/webdata/ccgg/trends/co2/co2_mm_gl.txt,2011-06-07,rule,2026-09-28,collectors/climate.py@2026-09-28,collector,"NOAA global marine-surface monthly mean (co2_mm_gl.txt, file created 2026-09-05)"
co2-global-monthly,2011-06,391.14,ppm,https://gml.noaa.gov/webdata/ccgg/trends/co2/co2_mm_gl.txt,2011-07-07,rule,2026-09-28,collectors/climate.py@2026-09-28,collector,"NOAA global marine-surface monthly mean (co2_mm_gl.txt, file created 2026-09-05)"
co2-global-monthly,2011-07,389.20,ppm,https://gml.noaa.gov/webdata/ccgg/trends/co2/co2_mm_gl.txt,2011-08-07,rule,2026-09-28,collectors/climate.py@2026-09-28,collector,"NOAA global marine-surface monthly mean (co2_mm_gl.txt, file created 2026-09-05)"
co2-global-monthly,2011-08,387.87,ppm,https://gml.noaa.gov/webdata/ccgg/trends/co2/co2_mm_gl.txt,2011-09-07,rule,2026-09-28,collectors/climate.py@2026-09-28,collector,"NOAA global marine-surface monthly mean (co2_mm_gl.txt, file created 2026-09-05)"
co2-global-monthly,2011-09,388.27,ppm,https://gml.noaa.gov/webdata/ccgg/trends/co2/co2_mm_gl.txt,2011-10-07,rule,2026-09-28,collectors/climate.py@2026-09-28,collector,"NOAA global marine-surface monthly mean (co2_mm_gl.txt, file created 2026-09-05)"
co2-global-monthly,2011-10,389.83,ppm,https://gml.noaa.gov/webdata/ccgg/trends/co2/co2_mm_gl.txt,2011-11-07,rule,2026-09-28,collectors/climate.py@2026-09-28,collector,"NOAA global marine-surface monthly mean (co2_mm_gl.txt, file created 2026-09-05)"
co2-global-monthly,2011-11,391.20,ppm,https://gml.noaa.gov/webdata/ccgg/trends/co2/co2_mm_gl.txt,2011-12-07,rule,2026-09-28,collectors/climate.py@2026-09-28,collector,"NOAA global marine-surface monthly mean (co2_mm_gl.txt, file created 2026-09-05)"
co2-global-monthly,2011-12,392.02,ppm,https://gml.noaa.gov/webdata/ccgg/trends/co2/co2_mm_gl.txt,2012-01-07,rule,2026-09-28,collectors/climate.py@2026-09-28,collector,"NOAA global marine-surface monthly mean (co2_mm_gl.txt, file created 2026-09-05)"
co2-global-monthly,2012-01,392.61,ppm,https://gml.noaa.gov/webdata/ccgg/trends/co2/co2_mm_gl.txt,2012-02-07,rule,2026-09-28,collectors/climate.py@2026-09-28,collector,"NOAA global marine-surface monthly mean (co2_mm_gl.txt, file created 2026-09-05)"
co2-global-monthly,2012-02,393.20,ppm,https://gml.noaa.gov/webdata/ccgg/trends/co2/co2_mm_gl.txt,2012-03-07,rule,2026-09-28,collectors/climate.py@2026-09-28,collector,"NOAA global marine-surface monthly mean (co2_mm_gl.txt, file created 2026-09-05)"
co2-global-monthly,2012-03,393.72,ppm,https://gml.noaa.gov/webdata/ccgg/trends/co2/co2_mm_gl.txt,2012-04-07,rule,2026-09-28,collectors/climate.py@2026-09-28,collector,"NOAA global marine-surface monthly mean (co2_mm_gl.txt, file created 2026-09-05)"
co2-global-monthly,2012-04,393.99,ppm,https://gml.noaa.gov/webdata/ccgg/trends/co2/co2_mm_gl.txt,2012-05-07,rule,2026-09-28,collectors/climate.py@2026-09-28,collector,"NOAA global marine-surface monthly mean (co2_mm_gl.txt, file created 2026-09-05)"
co2-global-monthly,2012-05,393.88,ppm,https://gml.noaa.gov/webdata/ccgg/trends/co2/co2_mm_gl.txt,2012-06-07,rule,2026-09-28,collectors/climate.py@2026-09-28,collector,"NOAA global marine-surface monthly mean (co2_mm_gl.txt, file created 2026-09-05)"
co2-global-monthly,2012-06,392.84,ppm,https://gml.noaa.gov/webdata/ccgg/trends/co2/co2_mm_gl.txt,2012-07-07,rule,2026-09-28,collectors/climate.py@2026-09-28,collector,"NOAA global marine-surface monthly mean (co2_mm_gl.txt, file created 2026-09-05)"
co2-global-monthly,2012-07,391.00,ppm,https://gml.noaa.gov/webdata/ccgg/trends/co2/co2_mm_gl.txt,2012-08-07,rule,2026-09-28,collectors/climate.py@2026-09-28,collector,"NOAA global marine-surface monthly mean (co2_mm_gl.txt, file created 2026-09-05)"
co2-global-monthly,2012-08,389.89,ppm,https://gml.noaa.gov/webdata/ccgg/trends/co2/co2_mm_gl.txt,2012-09-07,rule,2026-09-28,collectors/climate.py@2026-09-28,collector,"NOAA global marine-surface monthly mean (co2_mm_gl.txt, file created 2026-09-05)"
co2-global-monthly,2012-09,390.55,ppm,https://gml.noaa.gov/webdata/ccgg/trends/co2/co2_mm_gl.txt,2012-10-07,rule,2026-09-28,collectors/climate.py@2026-09-28,collector,"NOAA global marine-surface monthly mean (co2_mm_gl.txt, file created 2026-09-05)"
co2-global-monthly,2012-10,392.16,ppm,https://gml.noaa.gov/webdata/ccgg/trends/co2/co2_mm_gl.txt,2012-11-07,rule,2026-09-28,collectors/climate.py@2026-09-28,collector,"NOAA global marine-surface monthly mean (co2_mm_gl.txt, file created 2026-09-05)"
co2-global-monthly,2012-11,393.56,ppm,https://gml.noaa.gov/webdata/ccgg/trends/co2/co2_mm_gl.txt,2012-12-07,rule,2026-09-28,collectors/climate.py@2026-09-28,collector,"NOAA global marine-surface monthly mean (co2_mm_gl.txt, file created 2026-09-05)"
co2-global-monthly,2012-12,394.39,ppm,https://gml.noaa.gov/webdata/ccgg/trends/co2/co2_mm_gl.txt,2013-01-07,rule,2026-09-28,collectors/climate.py@2026-09-28,collector,"NOAA global marine-surface monthly mean (co2_mm_gl.txt, file created 2026-09-05)"
co2-global-monthly,2013-01,395.07,ppm,https://gml.noaa.gov/webdata/ccgg/trends/co2/co2_mm_gl.txt,2013-02-07,rule,2026-09-28,collectors/climate.py@2026-09-28,collector,"NOAA global marine-surface monthly mean (co2_mm_gl.txt, file created 2026-09-05)"
co2-global-monthly,2013-02,395.69,ppm,https://gml.noaa.gov/webdata/ccgg/trends/co2/co2_mm_gl.txt,2013-03-07,rule,2026-09-28,collectors/climate.py@2026-09-28,collector,"NOAA global marine-surface monthly mean (co2_mm_gl.txt, file created 2026-09-05)"
co2-global-monthly,2013-03,396.28,ppm,https://gml.noaa.gov/webdata/ccgg/trends/co2/co2_mm_gl.txt,2013-04-07,rule,2026-09-28,collectors/climate.py@2026-09-28,collector,"NOAA global marine-surface monthly mean (co2_mm_gl.txt, file created 2026-09-05)"
co2-global-monthly,2013-04,396.74,ppm,https://gml.noaa.gov/webdata/ccgg/trends/co2/co2_mm_gl.txt,2013-05-07,rule,2026-09-28,collectors/climate.py@2026-09-28,collector,"NOAA global marine-surface monthly mean (co2_mm_gl.txt, file created 2026-09-05)"
co2-global-monthly,2013-05,396.75,ppm,https://gml.noaa.gov/webdata/ccgg/trends/co2/co2_mm_gl.txt,2013-06-07,rule,2026-09-28,collectors/climate.py@2026-09-28,collector,"NOAA global marine-surface monthly mean (co2_mm_gl.txt, file created 2026-09-05)"
co2-global-monthly,2013-06,395.96,ppm,https://gml.noaa.gov/webdata/ccgg/trends/co2/co2_mm_gl.txt,2013-07-07,rule,2026-09-28,collectors/climate.py@2026-09-28,collector,"NOAA global marine-surface monthly mean (co2_mm_gl.txt, file created 2026-09-05)"
co2-global-monthly,2013-07,394.48,ppm,https://gml.noaa.gov/webdata/ccgg/trends/co2/co2_mm_gl.txt,2013-08-07,rule,2026-09-28,collectors/climate.py@2026-09-28,collector,"NOAA global marine-surface monthly mean (co2_mm_gl.txt, file created 2026-09-05)"
co2-global-monthly,2013-08,393.24,ppm,https://gml.noaa.gov/webdata/ccgg/trends/co2/co2_mm_gl.txt,2013-09-07,rule,2026-09-28,collectors/climate.py@2026-09-28,collector,"NOAA global marine-surface monthly mean (co2_mm_gl.txt, file created 2026-09-05)"
co2-global-monthly,2013-09,393.21,ppm,https://gml.noaa.gov/webdata/ccgg/trends/co2/co2_mm_gl.txt,2013-10-07,rule,2026-09-28,collectors/climate.py@2026-09-28,collector,"NOAA global marine-surface monthly mean (co2_mm_gl.txt, file created 2026-09-05)"
co2-global-monthly,2013-10,394.50,ppm,https://gml.noaa.gov/webdata/ccgg/trends/co2/co2_mm_gl.txt,2013-11-07,rule,2026-09-28,collectors/climate.py@2026-09-28,collector,"NOAA global marine-surface monthly mean (co2_mm_gl.txt, file created 2026-09-05)"
co2-global-monthly,2013-11,395.96,ppm,https://gml.noaa.gov/webdata/ccgg/trends/co2/co2_mm_gl.txt,2013-12-07,rule,2026-09-28,collectors/climate.py@2026-09-28,collector,"NOAA global marine-surface monthly mean (co2_mm_gl.txt, file created 2026-09-05)"
co2-global-monthly,2013-12,396.87,ppm,https://gml.noaa.gov/webdata/ccgg/trends/co2/co2_mm_gl.txt,2014-01-07,rule,2026-09-28,collectors/climate.py@2026-09-28,collector,"NOAA global marine-surface monthly mean (co2_mm_gl.txt, file created 2026-09-05)"
co2-global-monthly,2014-01,397.51,ppm,https://gml.noaa.gov/webdata/ccgg/trends/co2/co2_mm_gl.txt,2014-02-07,rule,2026-09-28,collectors/climate.py@2026-09-28,collector,"NOAA global marine-surface monthly mean (co2_mm_gl.txt, file created 2026-09-05)"
co2-global-monthly,2014-02,397.97,ppm,https://gml.noaa.gov/webdata/ccgg/trends/co2/co2_mm_gl.txt,2014-03-07,rule,2026-09-28,collectors/climate.py@2026-09-28,collector,"NOAA global marine-surface monthly mean (co2_mm_gl.txt, file created 2026-09-05)"
co2-global-monthly,2014-03,398.27,ppm,https://gml.noaa.gov/webdata/ccgg/trends/co2/co2_mm_gl.txt,2014-04-07,rule,2026-09-28,collectors/climate.py@2026-09-28,collector,"NOAA global marine-surface monthly mean (co2_mm_gl.txt, file created 2026-09-05)"
co2-global-monthly,2014-04,398.63,ppm,https://gml.noaa.gov/webdata/ccgg/trends/co2/co2_mm_gl.txt,2014-05-07,rule,2026-09-28,collectors/climate.py@2026-09-28,collector,"NOAA global marine-surface monthly mean (co2_mm_gl.txt, file created 2026-09-05)"
co2-global-monthly,2014-05,398.69,ppm,https://gml.noaa.gov/webdata/ccgg/trends/co2/co2_mm_gl.txt,2014-06-07,rule,2026-09-28,collectors/climate.py@2026-09-28,collector,"NOAA global marine-surface monthly mean (co2_mm_gl.txt, file created 2026-09-05)"
co2-global-monthly,2014-06,397.72,ppm,https://gml.noaa.gov/webdata/ccgg/trends/co2/co2_mm_gl.txt,2014-07-07,rule,2026-09-28,collectors/climate.py@2026-09-28,collector,"NOAA global marine-surface monthly mean (co2_mm_gl.txt, file created 2026-09-05)"
co2-global-monthly,2014-07,396.13,ppm,https://gml.noaa.gov/webdata/ccgg/trends/co2/co2_mm_gl.txt,2014-08-07,rule,2026-09-28,collectors/climate.py@2026-09-28,collector,"NOAA global marine-surface monthly mean (co2_mm_gl.txt, file created 2026-09-05)"
co2-global-monthly,2014-08,395.02,ppm,https://gml.noaa.gov/webdata/ccgg/trends/co2/co2_mm_gl.txt,2014-09-07,rule,2026-09-28,collectors/climate.py@2026-09-28,collector,"NOAA global marine-surface monthly mean (co2_mm_gl.txt, file created 2026-09-05)"
co2-global-monthly,2014-09,395.12,ppm,https://gml.noaa.gov/webdata/ccgg/trends/co2/co2_mm_gl.txt,2014-10-07,rule,2026-09-28,collectors/climate.py@2026-09-28,collector,"NOAA global marine-surface monthly mean (co2_mm_gl.txt, file created 2026-09-05)"
co2-global-monthly,2014-10,396.38,ppm,https://gml.noaa.gov/webdata/ccgg/trends/co2/co2_mm_gl.txt,2014-11-07,rule,2026-09-28,collectors/climate.py@2026-09-28,collector,"NOAA global marine-surface monthly mean (co2_mm_gl.txt, file created 2026-09-05)"
co2-global-monthly,2014-11,397.86,ppm,https://gml.noaa.gov/webdata/ccgg/trends/co2/co2_mm_gl.txt,2014-12-07,rule,2026-09-28,collectors/climate.py@2026-09-28,collector,"NOAA global marine-surface monthly mean (co2_mm_gl.txt, file created 2026-09-05)"
co2-global-monthly,2014-12,398.83,ppm,https://gml.noaa.gov/webdata/ccgg/trends/co2/co2_mm_gl.txt,2015-01-07,rule,2026-09-28,collectors/climate.py@2026-09-28,collector,"NOAA global marine-surface monthly mean (co2_mm_gl.txt, file created 2026-09-05)"
co2-global-monthly,2015-01,399.56,ppm,https://gml.noaa.gov/webdata/ccgg/trends/co2/co2_mm_gl.txt,2015-02-07,rule,2026-09-28,collectors/climate.py@2026-09-28,collector,"NOAA global marine-surface monthly mean (co2_mm_gl.txt, file created 2026-09-05)"
co2-global-monthly,2015-02,400.12,ppm,https://gml.noaa.gov/webdata/ccgg/trends/co2/co2_mm_gl.txt,2015-03-07,rule,2026-09-28,collectors/climate.py@2026-09-28,collector,"NOAA global marine-surface monthly mean (co2_mm_gl.txt, file created 2026-09-05)"
co2-global-monthly,2015-03,400.57,ppm,https://gml.noaa.gov/webdata/ccgg/trends/co2/co2_mm_gl.txt,2015-04-07,rule,2026-09-28,collectors/climate.py@2026-09-28,collector,"NOAA global marine-surface monthly mean (co2_mm_gl.txt, file created 2026-09-05)"
co2-global-monthly,2015-04,400.96,ppm,https://gml.noaa.gov/webdata/ccgg/trends/co2/co2_mm_gl.txt,2015-05-07,rule,2026-09-28,collectors/climate.py@2026-09-28,collector,"NOAA global marine-surface monthly mean (co2_mm_gl.txt, file created 2026-09-05)"
co2-global-monthly,2015-05,400.91,ppm,https://gml.noaa.gov/webdata/ccgg/trends/co2/co2_mm_gl.txt,2015-06-07,rule,2026-09-28,collectors/climate.py@2026-09-28,collector,"NOAA global marine-surface monthly mean (co2_mm_gl.txt, file created 2026-09-05)"
co2-global-monthly,2015-06,400.06,ppm,https://gml.noaa.gov/webdata/ccgg/trends/co2/co2_mm_gl.txt,2015-07-07,rule,2026-09-28,collectors/climate.py@2026-09-28,collector,"NOAA global marine-surface monthly mean (co2_mm_gl.txt, file created 2026-09-05)"
co2-global-monthly,2015-07,398.38,ppm,https://gml.noaa.gov/webdata/ccgg/trends/co2/co2_mm_gl.txt,2015-08-07,rule,2026-09-28,collectors/climate.py@2026-09-28,collector,"NOAA global marine-surface monthly mean (co2_mm_gl.txt, file created 2026-09-05)"
co2-global-monthly,2015-08,397.07,ppm,https://gml.noaa.gov/webdata/ccgg/trends/co2/co2_mm_gl.txt,2015-09-07,rule,2026-09-28,collectors/climate.py@2026-09-28,collector,"NOAA global marine-surface monthly mean (co2_mm_gl.txt, file created 2026-09-05)"
co2-global-monthly,2015-09,397.34,ppm,https://gml.noaa.gov/webdata/ccgg/trends/co2/co2_mm_gl.txt,2015-10-07,rule,2026-09-28,collectors/climate.py@2026-09-28,collector,"NOAA global marine-surface monthly mean (co2_mm_gl.txt, file created 2026-09-05)"
co2-global-monthly,2015-10,398.80,ppm,https://gml.noaa.gov/webdata/ccgg/trends/co2/co2_mm_gl.txt,2015-11-07,rule,2026-09-28,collectors/climate.py@2026-09-28,collector,"NOAA global marine-surface monthly mean (co2_mm_gl.txt, file created 2026-09-05)"
co2-global-monthly,2015-11,400.37,ppm,https://gml.noaa.gov/webdata/ccgg/trends/co2/co2_mm_gl.txt,2015-12-07,rule,2026-09-28,collectors/climate.py@2026-09-28,collector,"NOAA global marine-surface monthly mean (co2_mm_gl.txt, file created 2026-09-05)"
co2-global-monthly,2015-12,401.66,ppm,https://gml.noaa.gov/webdata/ccgg/trends/co2/co2_mm_gl.txt,2016-01-07,rule,2026-09-28,collectors/climate.py@2026-09-28,collector,"NOAA global marine-surface monthly mean (co2_mm_gl.txt, file created 2026-09-05)"
co2-global-monthly,2016-01,402.62,ppm,https://gml.noaa.gov/webdata/ccgg/trends/co2/co2_mm_gl.txt,2016-02-07,rule,2026-09-28,collectors/climate.py@2026-09-28,collector,"NOAA global marine-surface monthly mean (co2_mm_gl.txt, file created 2026-09-05)"
co2-global-monthly,2016-02,403.26,ppm,https://gml.noaa.gov/webdata/ccgg/trends/co2/co2_mm_gl.txt,2016-03-07,rule,2026-09-28,collectors/climate.py@2026-09-28,collector,"NOAA global marine-surface monthly mean (co2_mm_gl.txt, file created 2026-09-05)"
co2-global-monthly,2016-03,403.85,ppm,https://gml.noaa.gov/webdata/ccgg/trends/co2/co2_mm_gl.txt,2016-04-07,rule,2026-09-28,collectors/climate.py@2026-09-28,collector,"NOAA global marine-surface monthly mean (co2_mm_gl.txt, file created 2026-09-05)"
co2-global-monthly,2016-04,404.36,ppm,https://gml.noaa.gov/webdata/ccgg/trends/co2/co2_mm_gl.txt,2016-05-07,rule,2026-09-28,collectors/climate.py@2026-09-28,collector,"NOAA global marine-surface monthly mean (co2_mm_gl.txt, file created 2026-09-05)"
co2-global-monthly,2016-05,404.40,ppm,https://gml.noaa.gov/webdata/ccgg/trends/co2/co2_mm_gl.txt,2016-06-07,rule,2026-09-28,collectors/climate.py@2026-09-28,collector,"NOAA global marine-surface monthly mean (co2_mm_gl.txt, file created 2026-09-05)"
co2-global-monthly,2016-06,403.62,ppm,https://gml.noaa.gov/webdata/ccgg/trends/co2/co2_mm_gl.txt,2016-07-07,rule,2026-09-28,collectors/climate.py@2026-09-28,collector,"NOAA global marine-surface monthly mean (co2_mm_gl.txt, file created 2026-09-05)"
co2-global-monthly,2016-07,402.10,ppm,https://gml.noaa.gov/webdata/ccgg/trends/co2/co2_mm_gl.txt,2016-08-07,rule,2026-09-28,collectors/climate.py@2026-09-28,collector,"NOAA global marine-surface monthly mean (co2_mm_gl.txt, file created 2026-09-05)"
co2-global-monthly,2016-08,400.78,ppm,https://gml.noaa.gov/webdata/ccgg/trends/co2/co2_mm_gl.txt,2016-09-07,rule,2026-09-28,collectors/climate.py@2026-09-28,collector,"NOAA global marine-surface monthly mean (co2_mm_gl.txt, file created 2026-09-05)"
co2-global-monthly,2016-09,400.96,ppm,https://gml.noaa.gov/webdata/ccgg/trends/co2/co2_mm_gl.txt,2016-10-07,rule,2026-09-28,collectors/climate.py@2026-09-28,collector,"NOAA global marine-surface monthly mean (co2_mm_gl.txt, file created 2026-09-05)"
co2-global-monthly,2016-10,402.41,ppm,https://gml.noaa.gov/webdata/ccgg/trends/co2/co2_mm_gl.txt,2016-11-07,rule,2026-09-28,collectors/climate.py@2026-09-28,collector,"NOAA global marine-surface monthly mean (co2_mm_gl.txt, file created 2026-09-05)"
co2-global-monthly,2016-11,403.76,ppm,https://gml.noaa.gov/webdata/ccgg/trends/co2/co2_mm_gl.txt,2016-12-07,rule,2026-09-28,collectors/climate.py@2026-09-28,collector,"NOAA global marine-surface monthly mean (co2_mm_gl.txt, file created 2026-09-05)"
co2-global-monthly,2016-12,404.67,ppm,https://gml.noaa.gov/webdata/ccgg/trends/co2/co2_mm_gl.txt,2017-01-07,rule,2026-09-28,collectors/climate.py@2026-09-28,collector,"NOAA global marine-surface monthly mean (co2_mm_gl.txt, file created 2026-09-05)"
co2-global-monthly,2017-01,405.33,ppm,https://gml.noaa.gov/webdata/ccgg/trends/co2/co2_mm_gl.txt,2017-02-07,rule,2026-09-28,collectors/climate.py@2026-09-28,collector,"NOAA global marine-surface monthly mean (co2_mm_gl.txt, file created 2026-09-05)"
co2-global-monthly,2017-02,405.91,ppm,https://gml.noaa.gov/webdata/ccgg/trends/co2/co2_mm_gl.txt,2017-03-07,rule,2026-09-28,collectors/climate.py@2026-09-28,collector,"NOAA global marine-surface monthly mean (co2_mm_gl.txt, file created 2026-09-05)"
co2-global-monthly,2017-03,406.32,ppm,https://gml.noaa.gov/webdata/ccgg/trends/co2/co2_mm_gl.txt,2017-04-07,rule,2026-09-28,collectors/climate.py@2026-09-28,collector,"NOAA global marine-surface monthly mean (co2_mm_gl.txt, file created 2026-09-05)"
co2-global-monthly,2017-04,406.60,ppm,https://gml.noaa.gov/webdata/ccgg/trends/co2/co2_mm_gl.txt,2017-05-07,rule,2026-09-28,collectors/climate.py@2026-09-28,collector,"NOAA global marine-surface monthly mean (co2_mm_gl.txt, file created 2026-09-05)"
co2-global-monthly,2017-05,406.64,ppm,https://gml.noaa.gov/webdata/ccgg/trends/co2/co2_mm_gl.txt,2017-06-07,rule,2026-09-28,collectors/climate.py@2026-09-28,collector,"NOAA global marine-surface monthly mean (co2_mm_gl.txt, file created 2026-09-05)"
co2-global-monthly,2017-06,405.85,ppm,https://gml.noaa.gov/webdata/ccgg/trends/co2/co2_mm_gl.txt,2017-07-07,rule,2026-09-28,collectors/climate.py@2026-09-28,collector,"NOAA global marine-surface monthly mean (co2_mm_gl.txt, file created 2026-09-05)"
co2-global-monthly,2017-07,404.11,ppm,https://gml.noaa.gov/webdata/ccgg/trends/co2/co2_mm_gl.txt,2017-08-07,rule,2026-09-28,collectors/climate.py@2026-09-28,collector,"NOAA global marine-surface monthly mean (co2_mm_gl.txt, file created 2026-09-05)"
co2-global-monthly,2017-08,402.57,ppm,https://gml.noaa.gov/webdata/ccgg/trends/co2/co2_mm_gl.txt,2017-09-07,rule,2026-09-28,collectors/climate.py@2026-09-28,collector,"NOAA global marine-surface monthly mean (co2_mm_gl.txt, file created 2026-09-05)"
co2-global-monthly,2017-09,402.66,ppm,https://gml.noaa.gov/webdata/ccgg/trends/co2/co2_mm_gl.txt,2017-10-07,rule,2026-09-28,collectors/climate.py@2026-09-28,collector,"NOAA global marine-surface monthly mean (co2_mm_gl.txt, file created 2026-09-05)"
co2-global-monthly,2017-10,404.16,ppm,https://gml.noaa.gov/webdata/ccgg/trends/co2/co2_mm_gl.txt,2017-11-07,rule,2026-09-28,collectors/climate.py@2026-09-28,collector,"NOAA global marine-surface monthly mean (co2_mm_gl.txt, file created 2026-09-05)"
co2-global-monthly,2017-11,405.70,ppm,https://gml.noaa.gov/webdata/ccgg/trends/co2/co2_mm_gl.txt,2017-12-07,rule,2026-09-28,collectors/climate.py@2026-09-28,collector,"NOAA global marine-surface monthly mean (co2_mm_gl.txt, file created 2026-09-05)"
co2-global-monthly,2017-12,406.75,ppm,https://gml.noaa.gov/webdata/ccgg/trends/co2/co2_mm_gl.txt,2018-01-07,rule,2026-09-28,collectors/climate.py@2026-09-28,collector,"NOAA global marine-surface monthly mean (co2_mm_gl.txt, file created 2026-09-05)"
co2-global-monthly,2018-01,407.53,ppm,https://gml.noaa.gov/webdata/ccgg/trends/co2/co2_mm_gl.txt,2018-02-07,rule,2026-09-28,collectors/climate.py@2026-09-28,collector,"NOAA global marine-surface monthly mean (co2_mm_gl.txt, file created 2026-09-05)"
co2-global-monthly,2018-02,408.23,ppm,https://gml.noaa.gov/webdata/ccgg/trends/co2/co2_mm_gl.txt,2018-03-07,rule,2026-09-28,collectors/climate.py@2026-09-28,collector,"NOAA global marine-surface monthly mean (co2_mm_gl.txt, file created 2026-09-05)"
co2-global-monthly,2018-03,408.77,ppm,https://gml.noaa.gov/webdata/ccgg/trends/co2/co2_mm_gl.txt,2018-04-07,rule,2026-09-28,collectors/climate.py@2026-09-28,collector,"NOAA global marine-surface monthly mean (co2_mm_gl.txt, file created 2026-09-05)"
co2-global-monthly,2018-04,409.07,ppm,https://gml.noaa.gov/webdata/ccgg/trends/co2/co2_mm_gl.txt,2018-05-07,rule,2026-09-28,collectors/climate.py@2026-09-28,collector,"NOAA global marine-surface monthly mean (co2_mm_gl.txt, file created 2026-09-05)"
co2-global-monthly,2018-05,408.94,ppm,https://gml.noaa.gov/webdata/ccgg/trends/co2/co2_mm_gl.txt,2018-06-07,rule,2026-09-28,collectors/climate.py@2026-09-28,collector,"NOAA global marine-surface monthly mean (co2_mm_gl.txt, file created 2026-09-05)"
co2-global-monthly,2018-06,408.06,ppm,https://gml.noaa.gov/webdata/ccgg/trends/co2/co2_mm_gl.txt,2018-07-07,rule,2026-09-28,collectors/climate.py@2026-09-28,collector,"NOAA global marine-surface monthly mean (co2_mm_gl.txt, file created 2026-09-05)"
co2-global-monthly,2018-07,406.48,ppm,https://gml.noaa.gov/webdata/ccgg/trends/co2/co2_mm_gl.txt,2018-08-07,rule,2026-09-28,collectors/climate.py@2026-09-28,collector,"NOAA global marine-surface monthly mean (co2_mm_gl.txt, file created 2026-09-05)"
co2-global-monthly,2018-08,405.11,ppm,https://gml.noaa.gov/webdata/ccgg/trends/co2/co2_mm_gl.txt,2018-09-07,rule,2026-09-28,collectors/climate.py@2026-09-28,collector,"NOAA global marine-surface monthly mean (co2_mm_gl.txt, file created 2026-09-05)"
co2-global-monthly,2018-09,405.18,ppm,https://gml.noaa.gov/webdata/ccgg/trends/co2/co2_mm_gl.txt,2018-10-07,rule,2026-09-28,collectors/climate.py@2026-09-28,collector,"NOAA global marine-surface monthly mean (co2_mm_gl.txt, file created 2026-09-05)"
co2-global-monthly,2018-10,406.65,ppm,https://gml.noaa.gov/webdata/ccgg/trends/co2/co2_mm_gl.txt,2018-11-07,rule,2026-09-28,collectors/climate.py@2026-09-28,collector,"NOAA global marine-surface monthly mean (co2_mm_gl.txt, file created 2026-09-05)"
co2-global-monthly,2018-11,408.13,ppm,https://gml.noaa.gov/webdata/ccgg/trends/co2/co2_mm_gl.txt,2018-12-07,rule,2026-09-28,collectors/climate.py@2026-09-28,collector,"NOAA global marine-surface monthly mean (co2_mm_gl.txt, file created 2026-09-05)"
co2-global-monthly,2018-12,409.19,ppm,https://gml.noaa.gov/webdata/ccgg/trends/co2/co2_mm_gl.txt,2019-01-07,rule,2026-09-28,collectors/climate.py@2026-09-28,collector,"NOAA global marine-surface monthly mean (co2_mm_gl.txt, file created 2026-09-05)"
co2-global-monthly,2019-01,409.92,ppm,https://gml.noaa.gov/webdata/ccgg/trends/co2/co2_mm_gl.txt,2019-02-07,rule,2026-09-28,collectors/climate.py@2026-09-28,collector,"NOAA global marine-surface monthly mean (co2_mm_gl.txt, file created 2026-09-05)"
co2-global-monthly,2019-02,410.34,ppm,https://gml.noaa.gov/webdata/ccgg/trends/co2/co2_mm_gl.txt,2019-03-07,rule,2026-09-28,collectors/climate.py@2026-09-28,collector,"NOAA global marine-surface monthly mean (co2_mm_gl.txt, file created 2026-09-05)"
co2-global-monthly,2019-03,410.89,ppm,https://gml.noaa.gov/webdata/ccgg/trends/co2/co2_mm_gl.txt,2019-04-07,rule,2026-09-28,collectors/climate.py@2026-09-28,collector,"NOAA global marine-surface monthly mean (co2_mm_gl.txt, file created 2026-09-05)"
co2-global-monthly,2019-04,411.33,ppm,https://gml.noaa.gov/webdata/ccgg/trends/co2/co2_mm_gl.txt,2019-05-07,rule,2026-09-28,collectors/climate.py@2026-09-28,collector,"NOAA global marine-surface monthly mean (co2_mm_gl.txt, file created 2026-09-05)"
co2-global-monthly,2019-05,411.34,ppm,https://gml.noaa.gov/webdata/ccgg/trends/co2/co2_mm_gl.txt,2019-06-07,rule,2026-09-28,collectors/climate.py@2026-09-28,collector,"NOAA global marine-surface monthly mean (co2_mm_gl.txt, file created 2026-09-05)"
co2-global-monthly,2019-06,410.53,ppm,https://gml.noaa.gov/webdata/ccgg/trends/co2/co2_mm_gl.txt,2019-07-07,rule,2026-09-28,collectors/climate.py@2026-09-28,collector,"NOAA global marine-surface monthly mean (co2_mm_gl.txt, file created 2026-09-05)"
co2-global-monthly,2019-07,408.88,ppm,https://gml.noaa.gov/webdata/ccgg/trends/co2/co2_mm_gl.txt,2019-08-07,rule,2026-09-28,collectors/climate.py@2026-09-28,collector,"NOAA global marine-surface monthly mean (co2_mm_gl.txt, file created 2026-09-05)"
co2-global-monthly,2019-08,407.65,ppm,https://gml.noaa.gov/webdata/ccgg/trends/co2/co2_mm_gl.txt,2019-09-07,rule,2026-09-28,collectors/climate.py@2026-09-28,collector,"NOAA global marine-surface monthly mean (co2_mm_gl.txt, file created 2026-09-05)"
co2-global-monthly,2019-09,407.92,ppm,https://gml.noaa.gov/webdata/ccgg/trends/co2/co2_mm_gl.txt,2019-10-07,rule,2026-09-28,collectors/climate.py@2026-09-28,collector,"NOAA global marine-surface monthly mean (co2_mm_gl.txt, file created 2026-09-05)"
co2-global-monthly,2019-10,409.44,ppm,https://gml.noaa.gov/webdata/ccgg/trends/co2/co2_mm_gl.txt,2019-11-07,rule,2026-09-28,collectors/climate.py@2026-09-28,collector,"NOAA global marine-surface monthly mean (co2_mm_gl.txt, file created 2026-09-05)"
co2-global-monthly,2019-11,410.87,ppm,https://gml.noaa.gov/webdata/ccgg/trends/co2/co2_mm_gl.txt,2019-12-07,rule,2026-09-28,collectors/climate.py@2026-09-28,collector,"NOAA global marine-surface monthly mean (co2_mm_gl.txt, file created 2026-09-05)"
co2-global-monthly,2019-12,411.76,ppm,https://gml.noaa.gov/webdata/ccgg/trends/co2/co2_mm_gl.txt,2020-01-07,rule,2026-09-28,collectors/climate.py@2026-09-28,collector,"NOAA global marine-surface monthly mean (co2_mm_gl.txt, file created 2026-09-05)"
co2-global-monthly,2020-01,412.43,ppm,https://gml.noaa.gov/webdata/ccgg/trends/co2/co2_mm_gl.txt,2020-02-07,rule,2026-09-28,collectors/climate.py@2026-09-28,collector,"NOAA global marine-surface monthly mean (co2_mm_gl.txt, file created 2026-09-05)"
co2-global-monthly,2020-02,412.95,ppm,https://gml.noaa.gov/webdata/ccgg/trends/co2/co2_mm_gl.txt,2020-03-07,rule,2026-09-28,collectors/climate.py@2026-09-28,collector,"NOAA global marine-surface monthly mean (co2_mm_gl.txt, file created 2026-09-05)"
co2-global-monthly,2020-03,413.44,ppm,https://gml.noaa.gov/webdata/ccgg/trends/co2/co2_mm_gl.txt,2020-04-07,rule,2026-09-28,collectors/climate.py@2026-09-28,collector,"NOAA global marine-surface monthly mean (co2_mm_gl.txt, file created 2026-09-05)"
co2-global-monthly,2020-04,413.86,ppm,https://gml.noaa.gov/webdata/ccgg/trends/co2/co2_mm_gl.txt,2020-05-07,rule,2026-09-28,collectors/climate.py@2026-09-28,collector,"NOAA global marine-surface monthly mean (co2_mm_gl.txt, file created 2026-09-05)"
co2-global-monthly,2020-05,413.81,ppm,https://gml.noaa.gov/webdata/ccgg/trends/co2/co2_mm_gl.txt,2020-06-07,rule,2026-09-28,collectors/climate.py@2026-09-28,collector,"NOAA global marine-surface monthly mean (co2_mm_gl.txt, file created 2026-09-05)"
co2-global-monthly,2020-06,412.88,ppm,https://gml.noaa.gov/webdata/ccgg/trends/co2/co2_mm_gl.txt,2020-07-07,rule,2026-09-28,collectors/climate.py@2026-09-28,collector,"NOAA global marine-surface monthly mean (co2_mm_gl.txt, file created 2026-09-05)"
co2-global-monthly,2020-07,411.17,ppm,https://gml.noaa.gov/webdata/ccgg/trends/co2/co2_mm_gl.txt,2020-08-07,rule,2026-09-28,collectors/climate.py@2026-09-28,collector,"NOAA global marine-surface monthly mean (co2_mm_gl.txt, file created 2026-09-05)"
co2-global-monthly,2020-08,409.74,ppm,https://gml.noaa.gov/webdata/ccgg/trends/co2/co2_mm_gl.txt,2020-09-07,rule,2026-09-28,collectors/climate.py@2026-09-28,collector,"NOAA global marine-surface monthly mean (co2_mm_gl.txt, file created 2026-09-05)"
co2-global-monthly,2020-09,410.00,ppm,https://gml.noaa.gov/webdata/ccgg/trends/co2/co2_mm_gl.txt,2020-10-07,rule,2026-09-28,collectors/climate.py@2026-09-28,collector,"NOAA global marine-surface monthly mean (co2_mm_gl.txt, file created 2026-09-05)"
co2-global-monthly,2020-10,411.66,ppm,https://gml.noaa.gov/webdata/ccgg/trends/co2/co2_mm_gl.txt,2020-11-07,rule,2026-09-28,collectors/climate.py@2026-09-28,collector,"NOAA global marine-surface monthly mean (co2_mm_gl.txt, file created 2026-09-05)"
co2-global-monthly,2020-11,413.25,ppm,https://gml.noaa.gov/webdata/ccgg/trends/co2/co2_mm_gl.txt,2020-12-07,rule,2026-09-28,collectors/climate.py@2026-09-28,collector,"NOAA global marine-surface monthly mean (co2_mm_gl.txt, file created 2026-09-05)"
co2-global-monthly,2020-12,414.14,ppm,https://gml.noaa.gov/webdata/ccgg/trends/co2/co2_mm_gl.txt,2021-01-07,rule,2026-09-28,collectors/climate.py@2026-09-28,collector,"NOAA global marine-surface monthly mean (co2_mm_gl.txt, file created 2026-09-05)"
co2-global-monthly,2021-01,414.73,ppm,https://gml.noaa.gov/webdata/ccgg/trends/co2/co2_mm_gl.txt,2021-02-07,rule,2026-09-28,collectors/climate.py@2026-09-28,collector,"NOAA global marine-surface monthly mean (co2_mm_gl.txt, file created 2026-09-05)"
co2-global-monthly,2021-02,415.20,ppm,https://gml.noaa.gov/webdata/ccgg/trends/co2/co2_mm_gl.txt,2021-03-07,rule,2026-09-28,collectors/climate.py@2026-09-28,collector,"NOAA global marine-surface monthly mean (co2_mm_gl.txt, file created 2026-09-05)"
co2-global-monthly,2021-03,415.49,ppm,https://gml.noaa.gov/webdata/ccgg/trends/co2/co2_mm_gl.txt,2021-04-07,rule,2026-09-28,collectors/climate.py@2026-09-28,collector,"NOAA global marine-surface monthly mean (co2_mm_gl.txt, file created 2026-09-05)"
co2-global-monthly,2021-04,415.81,ppm,https://gml.noaa.gov/webdata/ccgg/trends/co2/co2_mm_gl.txt,2021-05-07,rule,2026-09-28,collectors/climate.py@2026-09-28,collector,"NOAA global marine-surface monthly mean (co2_mm_gl.txt, file created 2026-09-05)"
co2-global-monthly,2021-05,416.01,ppm,https://gml.noaa.gov/webdata/ccgg/trends/co2/co2_mm_gl.txt,2021-06-07,rule,2026-09-28,collectors/climate.py@2026-09-28,collector,"NOAA global marine-surface monthly mean (co2_mm_gl.txt, file created 2026-09-05)"
co2-global-monthly,2021-06,415.20,ppm,https://gml.noaa.gov/webdata/ccgg/trends/co2/co2_mm_gl.txt,2021-07-07,rule,2026-09-28,collectors/climate.py@2026-09-28,collector,"NOAA global marine-surface monthly mean (co2_mm_gl.txt, file created 2026-09-05)"
co2-global-monthly,2021-07,413.45,ppm,https://gml.noaa.gov/webdata/ccgg/trends/co2/co2_mm_gl.txt,2021-08-07,rule,2026-09-28,collectors/climate.py@2026-09-28,collector,"NOAA global marine-surface monthly mean (co2_mm_gl.txt, file created 2026-09-05)"
co2-global-monthly,2021-08,412.15,ppm,https://gml.noaa.gov/webdata/ccgg/trends/co2/co2_mm_gl.txt,2021-09-07,rule,2026-09-28,collectors/climate.py@2026-09-28,collector,"NOAA global marine-surface monthly mean (co2_mm_gl.txt, file created 2026-09-05)"
co2-global-monthly,2021-09,412.38,ppm,https://gml.noaa.gov/webdata/ccgg/trends/co2/co2_mm_gl.txt,2021-10-07,rule,2026-09-28,collectors/climate.py@2026-09-28,collector,"NOAA global marine-surface monthly mean (co2_mm_gl.txt, file created 2026-09-05)"
co2-global-monthly,2021-10,413.83,ppm,https://gml.noaa.gov/webdata/ccgg/trends/co2/co2_mm_gl.txt,2021-11-07,rule,2026-09-28,collectors/climate.py@2026-09-28,collector,"NOAA global marine-surface monthly mean (co2_mm_gl.txt, file created 2026-09-05)"
co2-global-monthly,2021-11,415.58,ppm,https://gml.noaa.gov/webdata/ccgg/trends/co2/co2_mm_gl.txt,2021-12-07,rule,2026-09-28,collectors/climate.py@2026-09-28,collector,"NOAA global marine-surface monthly mean (co2_mm_gl.txt, file created 2026-09-05)"
co2-global-monthly,2021-12,416.60,ppm,https://gml.noaa.gov/webdata/ccgg/trends/co2/co2_mm_gl.txt,2022-01-07,rule,2026-09-28,collectors/climate.py@2026-09-28,collector,"NOAA global marine-surface monthly mean (co2_mm_gl.txt, file created 2026-09-05)"
co2-global-monthly,2022-01,417.18,ppm,https://gml.noaa.gov/webdata/ccgg/trends/co2/co2_mm_gl.txt,2022-02-07,rule,2026-09-28,collectors/climate.py@2026-09-28,collector,"NOAA global marine-surface monthly mean (co2_mm_gl.txt, file created 2026-09-05)"
co2-global-monthly,2022-02,417.64,ppm,https://gml.noaa.gov/webdata/ccgg/trends/co2/co2_mm_gl.txt,2022-03-07,rule,2026-09-28,collectors/climate.py@2026-09-28,collector,"NOAA global marine-surface monthly mean (co2_mm_gl.txt, file created 2026-09-05)"
co2-global-monthly,2022-03,418.15,ppm,https://gml.noaa.gov/webdata/ccgg/trends/co2/co2_mm_gl.txt,2022-04-07,rule,2026-09-28,collectors/climate.py@2026-09-28,collector,"NOAA global marine-surface monthly mean (co2_mm_gl.txt, file created 2026-09-05)"
co2-global-monthly,2022-04,418.58,ppm,https://gml.noaa.gov/webdata/ccgg/trends/co2/co2_mm_gl.txt,2022-05-07,rule,2026-09-28,collectors/climate.py@2026-09-28,collector,"NOAA global marine-surface monthly mean (co2_mm_gl.txt, file created 2026-09-05)"
co2-global-monthly,2022-05,418.45,ppm,https://gml.noaa.gov/webdata/ccgg/trends/co2/co2_mm_gl.txt,2022-06-07,rule,2026-09-28,collectors/climate.py@2026-09-28,collector,"NOAA global marine-surface monthly mean (co2_mm_gl.txt, file created 2026-09-05)"
co2-global-monthly,2022-06,417.43,ppm,https://gml.noaa.gov/webdata/ccgg/trends/co2/co2_mm_gl.txt,2022-07-07,rule,2026-09-28,collectors/climate.py@2026-09-28,collector,"NOAA global marine-surface monthly mean (co2_mm_gl.txt, file created 2026-09-05)"
co2-global-monthly,2022-07,415.67,ppm,https://gml.noaa.gov/webdata/ccgg/trends/co2/co2_mm_gl.txt,2022-08-07,rule,2026-09-28,collectors/climate.py@2026-09-28,collector,"NOAA global marine-surface monthly mean (co2_mm_gl.txt, file created 2026-09-05)"
co2-global-monthly,2022-08,414.40,ppm,https://gml.noaa.gov/webdata/ccgg/trends/co2/co2_mm_gl.txt,2022-09-07,rule,2026-09-28,collectors/climate.py@2026-09-28,collector,"NOAA global marine-surface monthly mean (co2_mm_gl.txt, file created 2026-09-05)"
co2-global-monthly,2022-09,414.62,ppm,https://gml.noaa.gov/webdata/ccgg/trends/co2/co2_mm_gl.txt,2022-10-07,rule,2026-09-28,collectors/climate.py@2026-09-28,collector,"NOAA global marine-surface monthly mean (co2_mm_gl.txt, file created 2026-09-05)"
co2-global-monthly,2022-10,416.13,ppm,https://gml.noaa.gov/webdata/ccgg/trends/co2/co2_mm_gl.txt,2022-11-07,rule,2026-09-28,collectors/climate.py@2026-09-28,collector,"NOAA global marine-surface monthly mean (co2_mm_gl.txt, file created 2026-09-05)"
co2-global-monthly,2022-11,417.84,ppm,https://gml.noaa.gov/webdata/ccgg/trends/co2/co2_mm_gl.txt,2022-12-07,rule,2026-09-28,collectors/climate.py@2026-09-28,collector,"NOAA global marine-surface monthly mean (co2_mm_gl.txt, file created 2026-09-05)"
co2-global-monthly,2022-12,418.91,ppm,https://gml.noaa.gov/webdata/ccgg/trends/co2/co2_mm_gl.txt,2023-01-07,rule,2026-09-28,collectors/climate.py@2026-09-28,collector,"NOAA global marine-surface monthly mean (co2_mm_gl.txt, file created 2026-09-05)"
co2-global-monthly,2023-01,419.37,ppm,https://gml.noaa.gov/webdata/ccgg/trends/co2/co2_mm_gl.txt,2023-02-07,rule,2026-09-28,collectors/climate.py@2026-09-28,collector,"NOAA global marine-surface monthly mean (co2_mm_gl.txt, file created 2026-09-05)"
co2-global-monthly,2023-02,419.65,ppm,https://gml.noaa.gov/webdata/ccgg/trends/co2/co2_mm_gl.txt,2023-03-07,rule,2026-09-28,collectors/climate.py@2026-09-28,collector,"NOAA global marine-surface monthly mean (co2_mm_gl.txt, file created 2026-09-05)"
co2-global-monthly,2023-03,419.98,ppm,https://gml.noaa.gov/webdata/ccgg/trends/co2/co2_mm_gl.txt,2023-04-07,rule,2026-09-28,collectors/climate.py@2026-09-28,collector,"NOAA global marine-surface monthly mean (co2_mm_gl.txt, file created 2026-09-05)"
co2-global-monthly,2023-04,420.48,ppm,https://gml.noaa.gov/webdata/ccgg/trends/co2/co2_mm_gl.txt,2023-05-07,rule,2026-09-28,collectors/climate.py@2026-09-28,collector,"NOAA global marine-surface monthly mean (co2_mm_gl.txt, file created 2026-09-05)"
co2-global-monthly,2023-05,420.54,ppm,https://gml.noaa.gov/webdata/ccgg/trends/co2/co2_mm_gl.txt,2023-06-07,rule,2026-09-28,collectors/climate.py@2026-09-28,collector,"NOAA global marine-surface monthly mean (co2_mm_gl.txt, file created 2026-09-05)"
co2-global-monthly,2023-06,419.56,ppm,https://gml.noaa.gov/webdata/ccgg/trends/co2/co2_mm_gl.txt,2023-07-07,rule,2026-09-28,collectors/climate.py@2026-09-28,collector,"NOAA global marine-surface monthly mean (co2_mm_gl.txt, file created 2026-09-05)"
co2-global-monthly,2023-07,417.92,ppm,https://gml.noaa.gov/webdata/ccgg/trends/co2/co2_mm_gl.txt,2023-08-07,rule,2026-09-28,collectors/climate.py@2026-09-28,collector,"NOAA global marine-surface monthly mean (co2_mm_gl.txt, file created 2026-09-05)"
co2-global-monthly,2023-08,416.78,ppm,https://gml.noaa.gov/webdata/ccgg/trends/co2/co2_mm_gl.txt,2023-09-07,rule,2026-09-28,collectors/climate.py@2026-09-28,collector,"NOAA global marine-surface monthly mean (co2_mm_gl.txt, file created 2026-09-05)"
co2-global-monthly,2023-09,417.17,ppm,https://gml.noaa.gov/webdata/ccgg/trends/co2/co2_mm_gl.txt,2023-10-07,rule,2026-09-28,collectors/climate.py@2026-09-28,collector,"NOAA global marine-surface monthly mean (co2_mm_gl.txt, file created 2026-09-05)"
co2-global-monthly,2023-10,418.84,ppm,https://gml.noaa.gov/webdata/ccgg/trends/co2/co2_mm_gl.txt,2023-11-07,rule,2026-09-28,collectors/climate.py@2026-09-28,collector,"NOAA global marine-surface monthly mean (co2_mm_gl.txt, file created 2026-09-05)"
co2-global-monthly,2023-11,420.40,ppm,https://gml.noaa.gov/webdata/ccgg/trends/co2/co2_mm_gl.txt,2023-12-07,rule,2026-09-28,collectors/climate.py@2026-09-28,collector,"NOAA global marine-surface monthly mean (co2_mm_gl.txt, file created 2026-09-05)"
co2-global-monthly,2023-12,421.50,ppm,https://gml.noaa.gov/webdata/ccgg/trends/co2/co2_mm_gl.txt,2024-01-07,rule,2026-09-28,collectors/climate.py@2026-09-28,collector,"NOAA global marine-surface monthly mean (co2_mm_gl.txt, file created 2026-09-05)"
co2-global-monthly,2024-01,422.20,ppm,https://gml.noaa.gov/webdata/ccgg/trends/co2/co2_mm_gl.txt,2024-02-07,rule,2026-09-28,collectors/climate.py@2026-09-28,collector,"NOAA global marine-surface monthly mean (co2_mm_gl.txt, file created 2026-09-05)"
co2-global-monthly,2024-02,422.79,ppm,https://gml.noaa.gov/webdata/ccgg/trends/co2/co2_mm_gl.txt,2024-03-07,rule,2026-09-28,collectors/climate.py@2026-09-28,collector,"NOAA global marine-surface monthly mean (co2_mm_gl.txt, file created 2026-09-05)"
co2-global-monthly,2024-03,423.38,ppm,https://gml.noaa.gov/webdata/ccgg/trends/co2/co2_mm_gl.txt,2024-04-07,rule,2026-09-28,collectors/climate.py@2026-09-28,collector,"NOAA global marine-surface monthly mean (co2_mm_gl.txt, file created 2026-09-05)"
co2-global-monthly,2024-04,423.85,ppm,https://gml.noaa.gov/webdata/ccgg/trends/co2/co2_mm_gl.txt,2024-05-07,rule,2026-09-28,collectors/climate.py@2026-09-28,collector,"NOAA global marine-surface monthly mean (co2_mm_gl.txt, file created 2026-09-05)"
co2-global-monthly,2024-05,423.93,ppm,https://gml.noaa.gov/webdata/ccgg/trends/co2/co2_mm_gl.txt,2024-06-07,rule,2026-09-28,collectors/climate.py@2026-09-28,collector,"NOAA global marine-surface monthly mean (co2_mm_gl.txt, file created 2026-09-05)"
co2-global-monthly,2024-06,423.23,ppm,https://gml.noaa.gov/webdata/ccgg/trends/co2/co2_mm_gl.txt,2024-07-07,rule,2026-09-28,collectors/climate.py@2026-09-28,collector,"NOAA global marine-surface monthly mean (co2_mm_gl.txt, file created 2026-09-05)"
co2-global-monthly,2024-07,421.61,ppm,https://gml.noaa.gov/webdata/ccgg/trends/co2/co2_mm_gl.txt,2024-08-07,rule,2026-09-28,collectors/climate.py@2026-09-28,collector,"NOAA global marine-surface monthly mean (co2_mm_gl.txt, file created 2026-09-05)"
co2-global-monthly,2024-08,420.27,ppm,https://gml.noaa.gov/webdata/ccgg/trends/co2/co2_mm_gl.txt,2024-09-07,rule,2026-09-28,collectors/climate.py@2026-09-28,collector,"NOAA global marine-surface monthly mean (co2_mm_gl.txt, file created 2026-09-05)"
co2-global-monthly,2024-09,420.59,ppm,https://gml.noaa.gov/webdata/ccgg/trends/co2/co2_mm_gl.txt,2024-10-07,rule,2026-09-28,collectors/climate.py@2026-09-28,collector,"NOAA global marine-surface monthly mean (co2_mm_gl.txt, file created 2026-09-05)"
co2-global-monthly,2024-10,422.33,ppm,https://gml.noaa.gov/webdata/ccgg/trends/co2/co2_mm_gl.txt,2024-11-07,rule,2026-09-28,collectors/climate.py@2026-09-28,collector,"NOAA global marine-surface monthly mean (co2_mm_gl.txt, file created 2026-09-05)"
co2-global-monthly,2024-11,424.07,ppm,https://gml.noaa.gov/webdata/ccgg/trends/co2/co2_mm_gl.txt,2024-12-07,rule,2026-09-28,collectors/climate.py@2026-09-28,collector,"NOAA global marine-surface monthly mean (co2_mm_gl.txt, file created 2026-09-05)"
co2-global-monthly,2024-12,425.20,ppm,https://gml.noaa.gov/webdata/ccgg/trends/co2/co2_mm_gl.txt,2025-01-07,rule,2026-09-28,collectors/climate.py@2026-09-28,collector,"NOAA global marine-surface monthly mean (co2_mm_gl.txt, file created 2026-09-05)"
co2-global-monthly,2025-01,426.01,ppm,https://gml.noaa.gov/webdata/ccgg/trends/co2/co2_mm_gl.txt,2025-02-07,rule,2026-09-28,collectors/climate.py@2026-09-28,collector,"NOAA global marine-surface monthly mean (co2_mm_gl.txt, file created 2026-09-05)"
co2-global-monthly,2025-02,426.46,ppm,https://gml.noaa.gov/webdata/ccgg/trends/co2/co2_mm_gl.txt,2025-03-07,rule,2026-09-28,collectors/climate.py@2026-09-28,collector,"NOAA global marine-surface monthly mean (co2_mm_gl.txt, file created 2026-09-05)"
co2-global-monthly,2025-03,426.66,ppm,https://gml.noaa.gov/webdata/ccgg/trends/co2/co2_mm_gl.txt,2025-04-07,rule,2026-09-28,collectors/climate.py@2026-09-28,collector,"NOAA global marine-surface monthly mean (co2_mm_gl.txt, file created 2026-09-05)"
co2-global-monthly,2025-04,427.03,ppm,https://gml.noaa.gov/webdata/ccgg/trends/co2/co2_mm_gl.txt,2025-05-07,rule,2026-09-28,collectors/climate.py@2026-09-28,collector,"NOAA global marine-surface monthly mean (co2_mm_gl.txt, file created 2026-09-05)"
co2-global-monthly,2025-05,427.04,ppm,https://gml.noaa.gov/webdata/ccgg/trends/co2/co2_mm_gl.txt,2025-06-07,rule,2026-09-28,collectors/climate.py@2026-09-28,collector,"NOAA global marine-surface monthly mean (co2_mm_gl.txt, file created 2026-09-05)"
co2-global-monthly,2025-07,424.09,ppm,https://gml.noaa.gov/webdata/ccgg/trends/co2/co2_mm_gl.txt,2025-08-07,rule,2026-09-28,collectors/climate.py@2026-09-28,collector,"NOAA global marine-surface monthly mean (co2_mm_gl.txt, file created 2026-09-05); preliminary (last 12 months, subject to recalibration)"
co2-global-monthly,2025-08,422.86,ppm,https://gml.noaa.gov/webdata/ccgg/trends/co2/co2_mm_gl.txt,2025-09-07,rule,2026-09-28,collectors/climate.py@2026-09-28,collector,"NOAA global marine-surface monthly mean (co2_mm_gl.txt, file created 2026-09-05); preliminary (last 12 months, subject to recalibration)"
co2-global-monthly,2025-09,423.06,ppm,https://gml.noaa.gov/webdata/ccgg/trends/co2/co2_mm_gl.txt,2025-10-07,rule,2026-09-28,collectors/climate.py@2026-09-28,collector,"NOAA global marine-surface monthly mean (co2_mm_gl.txt, file created 2026-09-05); preliminary (last 12 months, subject to recalibration)"
co2-global-monthly,2025-10,424.66,ppm,https://gml.noaa.gov/webdata/ccgg/trends/co2/co2_mm_gl.txt,2025-11-07,rule,2026-09-28,collectors/climate.py@2026-09-28,collector,"NOAA global marine-surface monthly mean (co2_mm_gl.txt, file created 2026-09-05); preliminary (last 12 months, subject to recalibration)"
co2-global-monthly,2025-11,426.39,ppm,https://gml.noaa.gov/webdata/ccgg/trends/co2/co2_mm_gl.txt,2025-12-07,rule,2026-09-28,collectors/climate.py@2026-09-28,collector,"NOAA global marine-surface monthly mean (co2_mm_gl.txt, file created 2026-09-05); preliminary (last 12 months, subject to recalibration)"
co2-global-monthly,2025-12,427.31,ppm,https://gml.noaa.gov/webdata/ccgg/trends/co2/co2_mm_gl.txt,2026-01-07,rule,2026-09-28,collectors/climate.py@2026-09-28,collector,"NOAA global marine-surface monthly mean (co2_mm_gl.txt, file created 2026-09-05); preliminary (last 12 months, subject to recalibration)"
co2-mlo-annual,1959,315.98,ppm,https://gml.noaa.gov/webdata/ccgg/trends/co2/co2_annmean_mlo.txt,1960-01-10,rule,2026-09-28,collectors/climate.py@2026-09-28,collector,"NOAA MLO calendar-year annual mean (co2_annmean_mlo.txt, file created 2026-09-05)"
co2-mlo-annual,1960,316.91,ppm,https://gml.noaa.gov/webdata/ccgg/trends/co2/co2_annmean_mlo.txt,1961-01-10,rule,2026-09-28,collectors/climate.py@2026-09-28,collector,"NOAA MLO calendar-year annual mean (co2_annmean_mlo.txt, file created 2026-09-05)"
co2-mlo-annual,1961,317.64,ppm,https://gml.noaa.gov/webdata/ccgg/trends/co2/co2_annmean_mlo.txt,1962-01-10,rule,2026-09-28,collectors/climate.py@2026-09-28,collector,"NOAA MLO calendar-year annual mean (co2_annmean_mlo.txt, file created 2026-09-05)"
co2-mlo-annual,1962,318.45,ppm,https://gml.noaa.gov/webdata/ccgg/trends/co2/co2_annmean_mlo.txt,1963-01-10,rule,2026-09-28,collectors/climate.py@2026-09-28,collector,"NOAA MLO calendar-year annual mean (co2_annmean_mlo.txt, file created 2026-09-05)"
co2-mlo-annual,1963,318.99,ppm,https://gml.noaa.gov/webdata/ccgg/trends/co2/co2_annmean_mlo.txt,1964-01-10,rule,2026-09-28,collectors/climate.py@2026-09-28,collector,"NOAA MLO calendar-year annual mean (co2_annmean_mlo.txt, file created 2026-09-05)"
co2-mlo-annual,1964,319.62,ppm,https://gml.noaa.gov/webdata/ccgg/trends/co2/co2_annmean_mlo.txt,1965-01-10,rule,2026-09-28,collectors/climate.py@2026-09-28,collector,"NOAA MLO calendar-year annual mean (co2_annmean_mlo.txt, file created 2026-09-05)"
co2-mlo-annual,1965,320.04,ppm,https://gml.noaa.gov/webdata/ccgg/trends/co2/co2_annmean_mlo.txt,1966-01-10,rule,2026-09-28,collectors/climate.py@2026-09-28,collector,"NOAA MLO calendar-year annual mean (co2_annmean_mlo.txt, file created 2026-09-05)"
co2-mlo-annual,1966,321.37,ppm,https://gml.noaa.gov/webdata/ccgg/trends/co2/co2_annmean_mlo.txt,1967-01-10,rule,2026-09-28,collectors/climate.py@2026-09-28,collector,"NOAA MLO calendar-year annual mean (co2_annmean_mlo.txt, file created 2026-09-05)"
co2-mlo-annual,1967,322.18,ppm,https://gml.noaa.gov/webdata/ccgg/trends/co2/co2_annmean_mlo.txt,1968-01-10,rule,2026-09-28,collectors/climate.py@2026-09-28,collector,"NOAA MLO calendar-year annual mean (co2_annmean_mlo.txt, file created 2026-09-05)"
co2-mlo-annual,1968,323.05,ppm,https://gml.noaa.gov/webdata/ccgg/trends/co2/co2_annmean_mlo.txt,1969-01-10,rule,2026-09-28,collectors/climate.py@2026-09-28,collector,"NOAA MLO calendar-year annual mean (co2_annmean_mlo.txt, file created 2026-09-05)"
co2-mlo-annual,1969,324.62,ppm,https://gml.noaa.gov/webdata/ccgg/trends/co2/co2_annmean_mlo.txt,1970-01-10,rule,2026-09-28,collectors/climate.py@2026-09-28,collector,"NOAA MLO calendar-year annual mean (co2_annmean_mlo.txt, file created 2026-09-05)"
co2-mlo-annual,1970,325.68,ppm,https://gml.noaa.gov/webdata/ccgg/trends/co2/co2_annmean_mlo.txt,1971-01-10,rule,2026-09-28,collectors/climate.py@2026-09-28,collector,"NOAA MLO calendar-year annual mean (co2_annmean_mlo.txt, file created 2026-09-05)"
co2-mlo-annual,1971,326.32,ppm,https://gml.noaa.gov/webdata/ccgg/trends/co2/co2_annmean_mlo.txt,1972-01-10,rule,2026-09-28,collectors/climate.py@2026-09-28,collector,"NOAA MLO calendar-year annual mean (co2_annmean_mlo.txt, file created 2026-09-05)"
co2-mlo-annual,1972,327.46,ppm,https://gml.noaa.gov/webdata/ccgg/trends/co2/co2_annmean_mlo.txt,1973-01-10,rule,2026-09-28,collectors/climate.py@2026-09-28,collector,"NOAA MLO calendar-year annual mean (co2_annmean_mlo.txt, file created 2026-09-05)"
co2-mlo-annual,1973,329.68,ppm,https://gml.noaa.gov/webdata/ccgg/trends/co2/co2_annmean_mlo.txt,1974-01-10,rule,2026-09-28,collectors/climate.py@2026-09-28,collector,"NOAA MLO calendar-year annual mean (co2_annmean_mlo.txt, file created 2026-09-05)"
co2-mlo-annual,1974,330.19,ppm,https://gml.noaa.gov/webdata/ccgg/trends/co2/co2_annmean_mlo.txt,1975-01-10,rule,2026-09-28,collectors/climate.py@2026-09-28,collector,"NOAA MLO calendar-year annual mean (co2_annmean_mlo.txt, file created 2026-09-05)"
co2-mlo-annual,1975,331.13,ppm,https://gml.noaa.gov/webdata/ccgg/trends/co2/co2_annmean_mlo.txt,1976-01-10,rule,2026-09-28,collectors/climate.py@2026-09-28,collector,"NOAA MLO calendar-year annual mean (co2_annmean_mlo.txt, file created 2026-09-05)"
co2-mlo-annual,1976,332.03,ppm,https://gml.noaa.gov/webdata/ccgg/trends/co2/co2_annmean_mlo.txt,1977-01-10,rule,2026-09-28,collectors/climate.py@2026-09-28,collector,"NOAA MLO calendar-year annual mean (co2_annmean_mlo.txt, file created 2026-09-05)"
co2-mlo-annual,1977,333.84,ppm,https://gml.noaa.gov/webdata/ccgg/trends/co2/co2_annmean_mlo.txt,1978-01-10,rule,2026-09-28,collectors/climate.py@2026-09-28,collector,"NOAA MLO calendar-year annual mean (co2_annmean_mlo.txt, file created 2026-09-05)"
co2-mlo-annual,1978,335.41,ppm,https://gml.noaa.gov/webdata/ccgg/trends/co2/co2_annmean_mlo.txt,1979-01-10,rule,2026-09-28,collectors/climate.py@2026-09-28,collector,"NOAA MLO calendar-year annual mean (co2_annmean_mlo.txt, file created 2026-09-05)"
co2-mlo-annual,1979,336.84,ppm,https://gml.noaa.gov/webdata/ccgg/trends/co2/co2_annmean_mlo.txt,1980-01-10,rule,2026-09-28,collectors/climate.py@2026-09-28,collector,"NOAA MLO calendar-year annual mean (co2_annmean_mlo.txt, file created 2026-09-05)"
co2-mlo-annual,1980,338.76,ppm,https://gml.noaa.gov/webdata/ccgg/trends/co2/co2_annmean_mlo.txt,1981-01-10,rule,2026-09-28,collectors/climate.py@2026-09-28,collector,"NOAA MLO calendar-year annual mean (co2_annmean_mlo.txt, file created 2026-09-05)"
co2-mlo-annual,1981,340.12,ppm,https://gml.noaa.gov/webdata/ccgg/trends/co2/co2_annmean_mlo.txt,1982-01-10,rule,2026-09-28,collectors/climate.py@2026-09-28,collector,"NOAA MLO calendar-year annual mean (co2_annmean_mlo.txt, file created 2026-09-05)"
co2-mlo-annual,1982,341.48,ppm,https://gml.noaa.gov/webdata/ccgg/trends/co2/co2_annmean_mlo.txt,1983-01-10,rule,2026-09-28,collectors/climate.py@2026-09-28,collector,"NOAA MLO calendar-year annual mean (co2_annmean_mlo.txt, file created 2026-09-05)"
co2-mlo-annual,1983,343.15,ppm,https://gml.noaa.gov/webdata/ccgg/trends/co2/co2_annmean_mlo.txt,1984-01-10,rule,2026-09-28,collectors/climate.py@2026-09-28,collector,"NOAA MLO calendar-year annual mean (co2_annmean_mlo.txt, file created 2026-09-05)"
co2-mlo-annual,1984,344.87,ppm,https://gml.noaa.gov/webdata/ccgg/trends/co2/co2_annmean_mlo.txt,1985-01-10,rule,2026-09-28,collectors/climate.py@2026-09-28,collector,"NOAA MLO calendar-year annual mean (co2_annmean_mlo.txt, file created 2026-09-05)"
co2-mlo-annual,1985,346.35,ppm,https://gml.noaa.gov/webdata/ccgg/trends/co2/co2_annmean_mlo.txt,1986-01-10,rule,2026-09-28,collectors/climate.py@2026-09-28,collector,"NOAA MLO calendar-year annual mean (co2_annmean_mlo.txt, file created 2026-09-05)"
co2-mlo-annual,1986,347.61,ppm,https://gml.noaa.gov/webdata/ccgg/trends/co2/co2_annmean_mlo.txt,1987-01-10,rule,2026-09-28,collectors/climate.py@2026-09-28,collector,"NOAA MLO calendar-year annual mean (co2_annmean_mlo.txt, file created 2026-09-05)"
co2-mlo-annual,1987,349.31,ppm,https://gml.noaa.gov/webdata/ccgg/trends/co2/co2_annmean_mlo.txt,1988-01-10,rule,2026-09-28,collectors/climate.py@2026-09-28,collector,"NOAA MLO calendar-year annual mean (co2_annmean_mlo.txt, file created 2026-09-05)"
co2-mlo-annual,1988,351.69,ppm,https://gml.noaa.gov/webdata/ccgg/trends/co2/co2_annmean_mlo.txt,1989-01-10,rule,2026-09-28,collectors/climate.py@2026-09-28,collector,"NOAA MLO calendar-year annual mean (co2_annmean_mlo.txt, file created 2026-09-05)"
co2-mlo-annual,1989,353.20,ppm,https://gml.noaa.gov/webdata/ccgg/trends/co2/co2_annmean_mlo.txt,1990-01-10,rule,2026-09-28,collectors/climate.py@2026-09-28,collector,"NOAA MLO calendar-year annual mean (co2_annmean_mlo.txt, file created 2026-09-05)"
co2-mlo-annual,1990,354.45,ppm,https://gml.noaa.gov/webdata/ccgg/trends/co2/co2_annmean_mlo.txt,1991-01-10,rule,2026-09-28,collectors/climate.py@2026-09-28,collector,"NOAA MLO calendar-year annual mean (co2_annmean_mlo.txt, file created 2026-09-05)"
co2-mlo-annual,1991,355.70,ppm,https://gml.noaa.gov/webdata/ccgg/trends/co2/co2_annmean_mlo.txt,1992-01-10,rule,2026-09-28,collectors/climate.py@2026-09-28,collector,"NOAA MLO calendar-year annual mean (co2_annmean_mlo.txt, file created 2026-09-05)"
co2-mlo-annual,1992,356.54,ppm,https://gml.noaa.gov/webdata/ccgg/trends/co2/co2_annmean_mlo.txt,1993-01-10,rule,2026-09-28,collectors/climate.py@2026-09-28,collector,"NOAA MLO calendar-year annual mean (co2_annmean_mlo.txt, file created 2026-09-05)"
co2-mlo-annual,1993,357.21,ppm,https://gml.noaa.gov/webdata/ccgg/trends/co2/co2_annmean_mlo.txt,1994-01-10,rule,2026-09-28,collectors/climate.py@2026-09-28,collector,"NOAA MLO calendar-year annual mean (co2_annmean_mlo.txt, file created 2026-09-05)"
co2-mlo-annual,1994,358.96,ppm,https://gml.noaa.gov/webdata/ccgg/trends/co2/co2_annmean_mlo.txt,1995-01-10,rule,2026-09-28,collectors/climate.py@2026-09-28,collector,"NOAA MLO calendar-year annual mean (co2_annmean_mlo.txt, file created 2026-09-05)"
co2-mlo-annual,1995,360.97,ppm,https://gml.noaa.gov/webdata/ccgg/trends/co2/co2_annmean_mlo.txt,1996-01-10,rule,2026-09-28,collectors/climate.py@2026-09-28,collector,"NOAA MLO calendar-year annual mean (co2_annmean_mlo.txt, file created 2026-09-05)"
co2-mlo-annual,1996,362.74,ppm,https://gml.noaa.gov/webdata/ccgg/trends/co2/co2_annmean_mlo.txt,1997-01-10,rule,2026-09-28,collectors/climate.py@2026-09-28,collector,"NOAA MLO calendar-year annual mean (co2_annmean_mlo.txt, file created 2026-09-05)"
co2-mlo-annual,1997,363.88,ppm,https://gml.noaa.gov/webdata/ccgg/trends/co2/co2_annmean_mlo.txt,1998-01-10,rule,2026-09-28,collectors/climate.py@2026-09-28,collector,"NOAA MLO calendar-year annual mean (co2_annmean_mlo.txt, file created 2026-09-05)"
co2-mlo-annual,1998,366.84,ppm,https://gml.noaa.gov/webdata/ccgg/trends/co2/co2_annmean_mlo.txt,1999-01-10,rule,2026-09-28,collectors/climate.py@2026-09-28,collector,"NOAA MLO calendar-year annual mean (co2_annmean_mlo.txt, file created 2026-09-05)"
co2-mlo-annual,1999,368.54,ppm,https://gml.noaa.gov/webdata/ccgg/trends/co2/co2_annmean_mlo.txt,2000-01-10,rule,2026-09-28,collectors/climate.py@2026-09-28,collector,"NOAA MLO calendar-year annual mean (co2_annmean_mlo.txt, file created 2026-09-05)"
co2-mlo-annual,2000,369.71,ppm,https://gml.noaa.gov/webdata/ccgg/trends/co2/co2_annmean_mlo.txt,2001-01-10,rule,2026-09-28,collectors/climate.py@2026-09-28,collector,"NOAA MLO calendar-year annual mean (co2_annmean_mlo.txt, file created 2026-09-05)"
co2-mlo-annual,2001,371.32,ppm,https://gml.noaa.gov/webdata/ccgg/trends/co2/co2_annmean_mlo.txt,2002-01-10,rule,2026-09-28,collectors/climate.py@2026-09-28,collector,"NOAA MLO calendar-year annual mean (co2_annmean_mlo.txt, file created 2026-09-05)"
co2-mlo-annual,2002,373.45,ppm,https://gml.noaa.gov/webdata/ccgg/trends/co2/co2_annmean_mlo.txt,2003-01-10,rule,2026-09-28,collectors/climate.py@2026-09-28,collector,"NOAA MLO calendar-year annual mean (co2_annmean_mlo.txt, file created 2026-09-05)"
co2-mlo-annual,2003,375.98,ppm,https://gml.noaa.gov/webdata/ccgg/trends/co2/co2_annmean_mlo.txt,2004-01-10,rule,2026-09-28,collectors/climate.py@2026-09-28,collector,"NOAA MLO calendar-year annual mean (co2_annmean_mlo.txt, file created 2026-09-05)"
co2-mlo-annual,2004,377.70,ppm,https://gml.noaa.gov/webdata/ccgg/trends/co2/co2_annmean_mlo.txt,2005-01-10,rule,2026-09-28,collectors/climate.py@2026-09-28,collector,"NOAA MLO calendar-year annual mean (co2_annmean_mlo.txt, file created 2026-09-05)"
co2-mlo-annual,2005,379.98,ppm,https://gml.noaa.gov/webdata/ccgg/trends/co2/co2_annmean_mlo.txt,2006-01-10,rule,2026-09-28,collectors/climate.py@2026-09-28,collector,"NOAA MLO calendar-year annual mean (co2_annmean_mlo.txt, file created 2026-09-05)"
co2-mlo-annual,2006,382.09,ppm,https://gml.noaa.gov/webdata/ccgg/trends/co2/co2_annmean_mlo.txt,2007-01-10,rule,2026-09-28,collectors/climate.py@2026-09-28,collector,"NOAA MLO calendar-year annual mean (co2_annmean_mlo.txt, file created 2026-09-05)"
co2-mlo-annual,2007,384.02,ppm,https://gml.noaa.gov/webdata/ccgg/trends/co2/co2_annmean_mlo.txt,2008-01-10,rule,2026-09-28,collectors/climate.py@2026-09-28,collector,"NOAA MLO calendar-year annual mean (co2_annmean_mlo.txt, file created 2026-09-05)"
co2-mlo-annual,2008,385.83,ppm,https://gml.noaa.gov/webdata/ccgg/trends/co2/co2_annmean_mlo.txt,2009-01-10,rule,2026-09-28,collectors/climate.py@2026-09-28,collector,"NOAA MLO calendar-year annual mean (co2_annmean_mlo.txt, file created 2026-09-05)"
co2-mlo-annual,2009,387.64,ppm,https://gml.noaa.gov/webdata/ccgg/trends/co2/co2_annmean_mlo.txt,2010-01-10,rule,2026-09-28,collectors/climate.py@2026-09-28,collector,"NOAA MLO calendar-year annual mean (co2_annmean_mlo.txt, file created 2026-09-05)"
co2-mlo-annual,2010,390.10,ppm,https://gml.noaa.gov/webdata/ccgg/trends/co2/co2_annmean_mlo.txt,2011-01-10,rule,2026-09-28,collectors/climate.py@2026-09-28,collector,"NOAA MLO calendar-year annual mean (co2_annmean_mlo.txt, file created 2026-09-05)"
co2-mlo-annual,2011,391.85,ppm,https://gml.noaa.gov/webdata/ccgg/trends/co2/co2_annmean_mlo.txt,2012-01-10,rule,2026-09-28,collectors/climate.py@2026-09-28,collector,"NOAA MLO calendar-year annual mean (co2_annmean_mlo.txt, file created 2026-09-05)"
co2-mlo-annual,2012,394.06,ppm,https://gml.noaa.gov/webdata/ccgg/trends/co2/co2_annmean_mlo.txt,2013-01-10,rule,2026-09-28,collectors/climate.py@2026-09-28,collector,"NOAA MLO calendar-year annual mean (co2_annmean_mlo.txt, file created 2026-09-05)"
co2-mlo-annual,2013,396.74,ppm,https://gml.noaa.gov/webdata/ccgg/trends/co2/co2_annmean_mlo.txt,2014-01-10,rule,2026-09-28,collectors/climate.py@2026-09-28,collector,"NOAA MLO calendar-year annual mean (co2_annmean_mlo.txt, file created 2026-09-05)"
co2-mlo-annual,2014,398.81,ppm,https://gml.noaa.gov/webdata/ccgg/trends/co2/co2_annmean_mlo.txt,2015-01-10,rule,2026-09-28,collectors/climate.py@2026-09-28,collector,"NOAA MLO calendar-year annual mean (co2_annmean_mlo.txt, file created 2026-09-05)"
co2-mlo-annual,2015,401.01,ppm,https://gml.noaa.gov/webdata/ccgg/trends/co2/co2_annmean_mlo.txt,2026-09-28,seen,2026-09-28,collectors/climate.py@2026-09-28,collector,"NOAA MLO calendar-year annual mean (co2_annmean_mlo.txt, file created 2026-09-05); revises earlier ledger value(s) 400.8 (published = first seen)"
co2-global-annual,1979,336.85,ppm,https://gml.noaa.gov/webdata/ccgg/trends/co2/co2_annmean_gl.txt,1980-01-10,rule,2026-09-28,collectors/climate.py@2026-09-28,collector,"NOAA global marine-surface calendar-year annual mean (co2_annmean_gl.txt, file created 2026-09-05)"
co2-global-annual,1980,338.91,ppm,https://gml.noaa.gov/webdata/ccgg/trends/co2/co2_annmean_gl.txt,1981-01-10,rule,2026-09-28,collectors/climate.py@2026-09-28,collector,"NOAA global marine-surface calendar-year annual mean (co2_annmean_gl.txt, file created 2026-09-05)"
co2-global-annual,1981,340.11,ppm,https://gml.noaa.gov/webdata/ccgg/trends/co2/co2_annmean_gl.txt,1982-01-10,rule,2026-09-28,collectors/climate.py@2026-09-28,collector,"NOAA global marine-surface calendar-year annual mean (co2_annmean_gl.txt, file created 2026-09-05)"
co2-global-annual,1982,340.85,ppm,https://gml.noaa.gov/webdata/ccgg/trends/co2/co2_annmean_gl.txt,1983-01-10,rule,2026-09-28,collectors/climate.py@2026-09-28,collector,"NOAA global marine-surface calendar-year annual mean (co2_annmean_gl.txt, file created 2026-09-05)"
co2-global-annual,1983,342.53,ppm,https://gml.noaa.gov/webdata/ccgg/trends/co2/co2_annmean_gl.txt,1984-01-10,rule,2026-09-28,collectors/climate.py@2026-09-28,collector,"NOAA global marine-surface calendar-year annual mean (co2_annmean_gl.txt, file created 2026-09-05)"
co2-global-annual,1984,344.07,ppm,https://gml.noaa.gov/webdata/ccgg/trends/co2/co2_annmean_gl.txt,1985-01-10,rule,2026-09-28,collectors/climate.py@2026-09-28,collector,"NOAA global marine-surface calendar-year annual mean (co2_annmean_gl.txt, file created 2026-09-05)"
co2-global-annual,1985,345.54,ppm,https://gml.noaa.gov/webdata/ccgg/trends/co2/co2_annmean_gl.txt,1986-01-10,rule,2026-09-28,collectors/climate.py@2026-09-28,collector,"NOAA global marine-surface calendar-year annual mean (co2_annmean_gl.txt, file created 2026-09-05)"
co2-global-annual,1986,346.97,ppm,https://gml.noaa.gov/webdata/ccgg/trends/co2/co2_annmean_gl.txt,1987-01-10,rule,2026-09-28,collectors/climate.py@2026-09-28,collector,"NOAA global marine-surface calendar-year annual mean (co2_annmean_gl.txt, file created 2026-09-05)"
co2-global-annual,1987,348.68,ppm,https://gml.noaa.gov/webdata/ccgg/trends/co2/co2_annmean_gl.txt,1988-01-10,rule,2026-09-28,collectors/climate.py@2026-09-28,collector,"NOAA global marine-surface calendar-year annual mean (co2_annmean_gl.txt, file created 2026-09-05)"
co2-global-annual,1988,351.16,ppm,https://gml.noaa.gov/webdata/ccgg/trends/co2/co2_annmean_gl.txt,1989-01-10,rule,2026-09-28,collectors/climate.py@2026-09-28,collector,"NOAA global marine-surface calendar-year annual mean (co2_annmean_gl.txt, file created 2026-09-05)"
co2-global-annual,1989,352.79,ppm,https://gml.noaa.gov/webdata/ccgg/trends/co2/co2_annmean_gl.txt,1990-01-10,rule,2026-09-28,collectors/climate.py@2026-09-28,collector,"NOAA global marine-surface calendar-year annual mean (co2_annmean_gl.txt, file created 2026-09-05)"
co2-global-annual,1990,354.06,ppm,https://gml.noaa.gov/webdata/ccgg/trends/co2/co2_annmean_gl.txt,1991-01-10,rule,2026-09-28,collectors/climate.py@2026-09-28,collector,"NOAA global marine-surface calendar-year annual mean (co2_annmean_gl.txt, file created 2026-09-05)"
co2-global-annual,1991,355.40,ppm,https://gml.noaa.gov/webdata/ccgg/trends/co2/co2_annmean_gl.txt,1992-01-10,rule,2026-09-28,collectors/climate.py@2026-09-28,collector,"NOAA global marine-surface calendar-year annual mean (co2_annmean_gl.txt, file created 2026-09-05)"
co2-global-annual,1992,356.09,ppm,https://gml.noaa.gov/webdata/ccgg/trends/co2/co2_annmean_gl.txt,1993-01-10,rule,2026-09-28,collectors/climate.py@2026-09-28,collector,"NOAA global marine-surface calendar-year annual mean (co2_annmean_gl.txt, file created 2026-09-05)"
co2-global-annual,1993,356.83,ppm,https://gml.noaa.gov/webdata/ccgg/trends/co2/co2_annmean_gl.txt,1994-01-10,rule,2026-09-28,collectors/climate.py@2026-09-28,collector,"NOAA global marine-surface calendar-year annual mean (co2_annmean_gl.txt, file created 2026-09-05)"
co2-global-annual,1994,358.33,ppm,https://gml.noaa.gov/webdata/ccgg/trends/co2/co2_annmean_gl.txt,1995-01-10,rule,2026-09-28,collectors/climate.py@2026-09-28,collector,"NOAA global marine-surface calendar-year annual mean (co2_annmean_gl.txt, file created 2026-09-05)"
co2-global-annual,1995,360.18,ppm,https://gml.noaa.gov/webdata/ccgg/trends/co2/co2_annmean_gl.txt,1996-01-10,rule,2026-09-28,collectors/climate.py@2026-09-28,collector,"NOAA global marine-surface calendar-year annual mean (co2_annmean_gl.txt, file created 2026-09-05)"
co2-global-annual,1996,361.93,ppm,https://gml.noaa.gov/webdata/ccgg/trends/co2/co2_annmean_gl.txt,1997-01-10,rule,2026-09-28,collectors/climate.py@2026-09-28,collector,"NOAA global marine-surface calendar-year annual mean (co2_annmean_gl.txt, file created 2026-09-05)"
co2-global-annual,1997,363.04,ppm,https://gml.noaa.gov/webdata/ccgg/trends/co2/co2_annmean_gl.txt,1998-01-10,rule,2026-09-28,collectors/climate.py@2026-09-28,collector,"NOAA global marine-surface calendar-year annual mean (co2_annmean_gl.txt, file created 2026-09-05)"
co2-global-annual,1998,365.70,ppm,https://gml.noaa.gov/webdata/ccgg/trends/co2/co2_annmean_gl.txt,1999-01-10,rule,2026-09-28,collectors/climate.py@2026-09-28,collector,"NOAA global marine-surface calendar-year annual mean (co2_annmean_gl.txt, file created 2026-09-05)"
co2-global-annual,1999,367.79,ppm,https://gml.noaa.gov/webdata/ccgg/trends/co2/co2_annmean_gl.txt,2000-01-10,rule,2026-09-28,collectors/climate.py@2026-09-28,collector,"NOAA global marine-surface calendar-year annual mean (co2_annmean_gl.txt, file created 2026-09-05)"
co2-global-annual,2000,368.96,ppm,https://gml.noaa.gov/webdata/ccgg/trends/co2/co2_annmean_gl.txt,2001-01-10,rule,2026-09-28,collectors/climate.py@2026-09-28,collector,"NOAA global marine-surface calendar-year annual mean (co2_annmean_gl.txt, file created 2026-09-05)"
co2-global-annual,2001,370.56,ppm,https://gml.noaa.gov/webdata/ccgg/trends/co2/co2_annmean_gl.txt,2002-01-10,rule,2026-09-28,collectors/climate.py@2026-09-28,collector,"NOAA global marine-surface calendar-year annual mean (co2_annmean_gl.txt, file created 2026-09-05)"
co2-global-annual,2002,372.58,ppm,https://gml.noaa.gov/webdata/ccgg/trends/co2/co2_annmean_gl.txt,2003-01-10,rule,2026-09-28,collectors/climate.py@2026-09-28,collector,"NOAA global marine-surface calendar-year annual mean (co2_annmean_gl.txt, file created 2026-09-05)"
co2-global-annual,2003,375.14,ppm,https://gml.noaa.gov/webdata/ccgg/trends/co2/co2_annmean_gl.txt,2004-01-10,rule,2026-09-28,collectors/climate.py@2026-09-28,collector,"NOAA global marine-surface calendar-year annual mean (co2_annmean_gl.txt, file created 2026-09-05)"
co2-global-annual,2004,376.94,ppm,https://gml.noaa.gov/webdata/ccgg/trends/co2/co2_annmean_gl.txt,2005-01-10,rule,2026-09-28,collectors/climate.py@2026-09-28,collector,"NOAA global marine-surface calendar-year annual mean (co2_annmean_gl.txt, file created 2026-09-05)"
co2-global-annual,2005,378.98,ppm,https://gml.noaa.gov/webdata/ccgg/trends/co2/co2_annmean_gl.txt,2006-01-10,rule,2026-09-28,collectors/climate.py@2026-09-28,collector,"NOAA global marine-surface calendar-year annual mean (co2_annmean_gl.txt, file created 2026-09-05)"
co2-global-annual,2006,381.15,ppm,https://gml.noaa.gov/webdata/ccgg/trends/co2/co2_annmean_gl.txt,2007-01-10,rule,2026-09-28,collectors/climate.py@2026-09-28,collector,"NOAA global marine-surface calendar-year annual mean (co2_annmean_gl.txt, file created 2026-09-05)"
co2-global-annual,2007,382.90,ppm,https://gml.noaa.gov/webdata/ccgg/trends/co2/co2_annmean_gl.txt,2008-01-10,rule,2026-09-28,collectors/climate.py@2026-09-28,collector,"NOAA global marine-surface calendar-year annual mean (co2_annmean_gl.txt, file created 2026-09-05)"
co2-global-annual,2008,385.02,ppm,https://gml.noaa.gov/webdata/ccgg/trends/co2/co2_annmean_gl.txt,2009-01-10,rule,2026-09-28,collectors/climate.py@2026-09-28,collector,"NOAA global marine-surface calendar-year annual mean (co2_annmean_gl.txt, file created 2026-09-05)"
co2-global-annual,2009,386.50,ppm,https://gml.noaa.gov/webdata/ccgg/trends/co2/co2_annmean_gl.txt,2010-01-10,rule,2026-09-28,collectors/climate.py@2026-09-28,collector,"NOAA global marine-surface calendar-year annual mean (co2_annmean_gl.txt, file created 2026-09-05)"
co2-global-annual,2010,388.75,ppm,https://gml.noaa.gov/webdata/ccgg/trends/co2/co2_annmean_gl.txt,2011-01-10,rule,2026-09-28,collectors/climate.py@2026-09-28,collector,"NOAA global marine-surface calendar-year annual mean (co2_annmean_gl.txt, file created 2026-09-05)"
co2-global-annual,2011,390.62,ppm,https://gml.noaa.gov/webdata/ccgg/trends/co2/co2_annmean_gl.txt,2012-01-10,rule,2026-09-28,collectors/climate.py@2026-09-28,collector,"NOAA global marine-surface calendar-year annual mean (co2_annmean_gl.txt, file created 2026-09-05)"
co2-global-annual,2012,392.65,ppm,https://gml.noaa.gov/webdata/ccgg/trends/co2/co2_annmean_gl.txt,2013-01-10,rule,2026-09-28,collectors/climate.py@2026-09-28,collector,"NOAA global marine-surface calendar-year annual mean (co2_annmean_gl.txt, file created 2026-09-05)"
co2-global-annual,2013,395.40,ppm,https://gml.noaa.gov/webdata/ccgg/trends/co2/co2_annmean_gl.txt,2014-01-10,rule,2026-09-28,collectors/climate.py@2026-09-28,collector,"NOAA global marine-surface calendar-year annual mean (co2_annmean_gl.txt, file created 2026-09-05)"
co2-global-annual,2014,397.34,ppm,https://gml.noaa.gov/webdata/ccgg/trends/co2/co2_annmean_gl.txt,2015-01-10,rule,2026-09-28,collectors/climate.py@2026-09-28,collector,"NOAA global marine-surface calendar-year annual mean (co2_annmean_gl.txt, file created 2026-09-05)"
co2-global-annual,2015,399.65,ppm,https://gml.noaa.gov/webdata/ccgg/trends/co2/co2_annmean_gl.txt,2016-01-10,rule,2026-09-28,collectors/climate.py@2026-09-28,collector,"NOAA global marine-surface calendar-year annual mean (co2_annmean_gl.txt, file created 2026-09-05)"
co2-growth-mlo-jan-dec,1959,0.94,ppm/yr,https://gml.noaa.gov/webdata/ccgg/trends/co2/co2_gr_mlo.txt,1960-01-10,rule,2026-09-28,collectors/climate.py@2026-09-28,collector,"NOAA MLO annual growth rate, Jan 1 -> Dec 31 change (co2_gr_mlo.txt, file created 2026-09-05)"
co2-growth-mlo-jan-dec,1960,0.50,ppm/yr,https://gml.noaa.gov/webdata/ccgg/trends/co2/co2_gr_mlo.txt,1961-01-10,rule,2026-09-28,collectors/climate.py@2026-09-28,collector,"NOAA MLO annual growth rate, Jan 1 -> Dec 31 change (co2_gr_mlo.txt, file created 2026-09-05)"
co2-growth-mlo-jan-dec,1961,0.96,ppm/yr,https://gml.noaa.gov/webdata/ccgg/trends/co2/co2_gr_mlo.txt,1962-01-10,rule,2026-09-28,collectors/climate.py@2026-09-28,collector,"NOAA MLO annual growth rate, Jan 1 -> Dec 31 change (co2_gr_mlo.txt, file created 2026-09-05)"
co2-growth-mlo-jan-dec,1962,0.65,ppm/yr,https://gml.noaa.gov/webdata/ccgg/trends/co2/co2_gr_mlo.txt,1963-01-10,rule,2026-09-28,collectors/climate.py@2026-09-28,collector,"NOAA MLO annual growth rate, Jan 1 -> Dec 31 change (co2_gr_mlo.txt, file created 2026-09-05)"
co2-growth-mlo-jan-dec,1963,0.71,ppm/yr,https://gml.noaa.gov/webdata/ccgg/trends/co2/co2_gr_mlo.txt,1964-01-10,rule,2026-09-28,collectors/climate.py@2026-09-28,collector,"NOAA MLO annual growth rate, Jan 1 -> Dec 31 change (co2_gr_mlo.txt, file created 2026-09-05)"
co2-growth-mlo-jan-dec,1964,0.31,ppm/yr,https://gml.noaa.gov/webdata/ccgg/trends/co2/co2_gr_mlo.txt,1965-01-10,rule,2026-09-28,collectors/climate.py@2026-09-28,collector,"NOAA MLO annual growth rate, Jan 1 -> Dec 31 change (co2_gr_mlo.txt, file created 2026-09-05)"
co2-growth-mlo-jan-dec,1965,1.06,ppm/yr,https://gml.noaa.gov/webdata/ccgg/trends/co2/co2_gr_mlo.txt,1966-01-10,rule,2026-09-28,collectors/climate.py@2026-09-28,collector,"NOAA MLO annual growth rate, Jan 1 -> Dec 31 change (co2_gr_mlo.txt, file created 2026-09-05)"
co2-growth-mlo-jan-dec,1966,1.28,ppm/yr,https://gml.noaa.gov/webdata/ccgg/trends/co2/co2_gr_mlo.txt,1967-01-10,rule,2026-09-28,collectors/climate.py@2026-09-28,collector,"NOAA MLO annual growth rate, Jan 1 -> Dec 31 change (co2_gr_mlo.txt, file created 2026-09-05)"
co2-growth-mlo-jan-dec,1967,0.69,ppm/yr,https://gml.noaa.gov/webdata/ccgg/trends/co2/co2_gr_mlo.txt,1968-01-10,rule,2026-09-28,collectors/climate.py@2026-09-28,collector,"NOAA MLO annual growth rate, Jan 1 -> Dec 31 change (co2_gr_mlo.txt, file created 2026-09-05)"
co2-growth-mlo-jan-dec,1968,1.06,ppm/yr,https://gml.noaa.gov/webdata/ccgg/trends/co2/co2_gr_mlo.txt,1969-01-10,rule,2026-09-28,collectors/climate.py@2026-09-28,collector,"NOAA MLO annual growth rate, Jan 1 -> Dec 31 change (co2_gr_mlo.txt, file created 2026-09-05)"
co2-growth-mlo-jan-dec,1969,1.35,ppm/yr,https://gml.noaa.gov/webdata/ccgg/trends/co2/co2_gr_mlo.txt,1970-01-10,rule,2026-09-28,collectors/climate.py@2026-09-28,collector,"NOAA MLO annual growth rate, Jan 1 -> Dec 31 change (co2_gr_mlo.txt, file created 2026-09-05)"
co2-growth-mlo-jan-dec,1970,1.00,ppm/yr,https://gml.noaa.gov/webdata/ccgg/trends/co2/co2_gr_mlo.txt,1971-01-10,rule,2026-09-28,collectors/climate.py@2026-09-28,collector,"NOAA MLO annual growth rate, Jan 1 -> Dec 31 change (co2_gr_mlo.txt, file created 2026-09-05)"
co2-growth-mlo-jan-dec,1971,0.80,ppm/yr,https://gml.noaa.gov/webdata/ccgg/trends/co2/co2_gr_mlo.txt,1972-01-10,rule,2026-09-28,collectors/climate.py@2026-09-28,collector,"NOAA MLO annual growth rate, Jan 1 -> Dec 31 change (co2_gr_mlo.txt, file created 2026-09-05)"
co2-growth-mlo-jan-dec,1972,1.74,ppm/yr,https://gml.noaa.gov/webdata/ccgg/trends/co2/co2_gr_mlo.txt,1973-01-10,rule,2026-09-28,collectors/climate.py@2026-09-28,collector,"NOAA MLO annual growth rate, Jan 1 -> Dec 31 change (co2_gr_mlo.txt, file created 2026-09-05)"
co2-growth-mlo-jan-dec,1973,1.18,ppm/yr,https://gml.noaa.gov/webdata/ccgg/trends/co2/co2_gr_mlo.txt,1974-01-10,rule,2026-09-28,collectors/climate.py@2026-09-28,collector,"NOAA MLO annual growth rate, Jan 1 -> Dec 31 change (co2_gr_mlo.txt, file created 2026-09-05)"
co2-growth-mlo-jan-dec,1974,0.96,ppm/yr,https://gml.noaa.gov/webdata/ccgg/trends/co2/co2_gr_mlo.txt,1975-01-10,rule,2026-09-28,collectors/climate.py@2026-09-28,collector,"NOAA MLO annual growth rate, Jan 1 -> Dec 31 change (co2_gr_mlo.txt, file created 2026-09-05)"
co2-growth-mlo-jan-dec,1975,1.09,ppm/yr,https://gml.noaa.gov/webdata/ccgg/trends/co2/co2_gr_mlo.txt,1976-01-10,rule,2026-09-28,collectors/climate.py@2026-09-28,collector,"NOAA MLO annual growth rate, Jan 1 -> Dec 31 change (co2_gr_mlo.txt, file created 2026-09-05)"
co2-growth-mlo-jan-dec,1976,0.79,ppm/yr,https://gml.noaa.gov/webdata/ccgg/trends/co2/co2_gr_mlo.txt,1977-01-10,rule,2026-09-28,collectors/climate.py@2026-09-28,collector,"NOAA MLO annual growth rate, Jan 1 -> Dec 31 change (co2_gr_mlo.txt, file created 2026-09-05)"
co2-growth-mlo-jan-dec,1977,2.15,ppm/yr,https://gml.noaa.gov/webdata/ccgg/trends/co2/co2_gr_mlo.txt,1978-01-10,rule,2026-09-28,collectors/climate.py@2026-09-28,collector,"NOAA MLO annual growth rate, Jan 1 -> Dec 31 change (co2_gr_mlo.txt, file created 2026-09-05)"
co2-growth-mlo-jan-dec,1978,1.30,ppm/yr,https://gml.noaa.gov/webdata/ccgg/trends/co2/co2_gr_mlo.txt,1979-01-10,rule,2026-09-28,collectors/climate.py@2026-09-28,collector,"NOAA MLO annual growth rate, Jan 1 -> Dec 31 change (co2_gr_mlo.txt, file created 2026-09-05)"
co2-growth-mlo-jan-dec,1979,1.83,ppm/yr,https://gml.noaa.gov/webdata/ccgg/trends/co2/co2_gr_mlo.txt,1980-01-10,rule,2026-09-28,collectors/climate.py@2026-09-28,collector,"NOAA MLO annual growth rate, Jan 1 -> Dec 31 change (co2_gr_mlo.txt, file created 2026-09-05)"
co2-growth-mlo-jan-dec,1980,1.68,ppm/yr,https://gml.noaa.gov/webdata/ccgg/trends/co2/co2_gr_mlo.txt,1981-01-10,rule,2026-09-28,collectors/climate.py@2026-09-28,collector,"NOAA MLO annual growth rate, Jan 1 -> Dec 31 change (co2_gr_mlo.txt, file created 2026-09-05)"
co2-growth-mlo-jan-dec,1981,1.43,ppm/yr,https://gml.noaa.gov/webdata/ccgg/trends/co2/co2_gr_mlo.txt,1982-01-10,rule,2026-09-28,collectors/climate.py@2026-09-28,collector,"NOAA MLO annual growth rate, Jan 1 -> Dec 31 change (co2_gr_mlo.txt, file created 2026-09-05)"
co2-growth-mlo-jan-dec,1982,0.86,ppm/yr,https://gml.noaa.gov/webdata/ccgg/trends/co2/co2_gr_mlo.txt,1983-01-10,rule,2026-09-28,collectors/climate.py@2026-09-28,collector,"NOAA MLO annual growth rate, Jan 1 -> Dec 31 change (co2_gr_mlo.txt, file created 2026-09-05)"
co2-growth-mlo-jan-dec,1983,2.36,ppm/yr,https://gml.noaa.gov/webdata/ccgg/trends/co2/co2_gr_mlo.txt,1984-01-10,rule,2026-09-28,collectors/climate.py@2026-09-28,collector,"NOAA MLO annual growth rate, Jan 1 -> Dec 31 change (co2_gr_mlo.txt, file created 2026-09-05)"
co2-growth-mlo-jan-dec,1984,1.51,ppm/yr,https://gml.noaa.gov/webdata/ccgg/trends/co2/co2_gr_mlo.txt,1985-01-10,rule,2026-09-28,collectors/climate.py@2026-09-28,collector,"NOAA MLO annual growth rate, Jan 1 -> Dec 31 change (co2_gr_mlo.txt, file created 2026-09-05)"
co2-growth-mlo-jan-dec,1985,1.21,ppm/yr,https://gml.noaa.gov/webdata/ccgg/trends/co2/co2_gr_mlo.txt,1986-01-10,rule,2026-09-28,collectors/climate.py@2026-09-28,collector,"NOAA MLO annual growth rate, Jan 1 -> Dec 31 change (co2_gr_mlo.txt, file created 2026-09-05)"
co2-growth-mlo-jan-dec,1986,1.47,ppm/yr,https://gml.noaa.gov/webdata/ccgg/trends/co2/co2_gr_mlo.txt,1987-01-10,rule,2026-09-28,collectors/climate.py@2026-09-28,collector,"NOAA MLO annual growth rate, Jan 1 -> Dec 31 change (co2_gr_mlo.txt, file created 2026-09-05)"
co2-growth-mlo-jan-dec,1987,2.06,ppm/yr,https://gml.noaa.gov/webdata/ccgg/trends/co2/co2_gr_mlo.txt,1988-01-10,rule,2026-09-28,collectors/climate.py@2026-09-28,collector,"NOAA MLO annual growth rate, Jan 1 -> Dec 31 change (co2_gr_mlo.txt, file created 2026-09-05)"
co2-growth-mlo-jan-dec,1988,2.24,ppm/yr,https://gml.noaa.gov/webdata/ccgg/trends/co2/co2_gr_mlo.txt,1989-01-10,rule,2026-09-28,collectors/climate.py@2026-09-28,collector,"NOAA MLO annual growth rate, Jan 1 -> Dec 31 change (co2_gr_mlo.txt, file created 2026-09-05)"
co2-growth-mlo-jan-dec,1989,1.24,ppm/yr,https://gml.noaa.gov/webdata/ccgg/trends/co2/co2_gr_mlo.txt,1990-01-10,rule,2026-09-28,collectors/climate.py@2026-09-28,collector,"NOAA MLO annual growth rate, Jan 1 -> Dec 31 change (co2_gr_mlo.txt, file created 2026-09-05)"
co2-growth-mlo-jan-dec,1990,1.20,ppm/yr,https://gml.noaa.gov/webdata/ccgg/trends/co2/co2_gr_mlo.txt,1991-01-10,rule,2026-09-28,collectors/climate.py@2026-09-28,collector,"NOAA MLO annual growth rate, Jan 1 -> Dec 31 change (co2_gr_mlo.txt, file created 2026-09-05)"
co2-growth-mlo-jan-dec,1991,1.05,ppm/yr,https://gml.noaa.gov/webdata/ccgg/trends/co2/co2_gr_mlo.txt,1992-01-10,rule,2026-09-28,collectors/climate.py@2026-09-28,collector,"NOAA MLO annual growth rate, Jan 1 -> Dec 31 change (co2_gr_mlo.txt, file created 2026-09-05)"
co2-growth-mlo-jan-dec,1992,0.49,ppm/yr,https://gml.noaa.gov/webdata/ccgg/trends/co2/co2_gr_mlo.txt,1993-01-10,rule,2026-09-28,collectors/climate.py@2026-09-28,collector,"NOAA MLO annual growth rate, Jan 1 -> Dec 31 change (co2_gr_mlo.txt, file created 2026-09-05)"
co2-growth-mlo-jan-dec,1993,1.36,ppm/yr,https://gml.noaa.gov/webdata/ccgg/trends/co2/co2_gr_mlo.txt,1994-01-10,rule,2026-09-28,collectors/climate.py@2026-09-28,collector,"NOAA MLO annual growth rate, Jan 1 -> Dec 31 change (co2_gr_mlo.txt, file created 2026-09-05)"
co2-growth-mlo-jan-dec,1994,1.96,ppm/yr,https://gml.noaa.gov/webdata/ccgg/trends/co2/co2_gr_mlo.txt,1995-01-10,rule,2026-09-28,collectors/climate.py@2026-09-28,collector,"NOAA MLO annual growth rate, Jan 1 -> Dec 31 change (co2_gr_mlo.txt, file created 2026-09-05)"
co2-growth-mlo-jan-dec,1995,2.01,ppm/yr,https://gml.noaa.gov/webdata/ccgg/trends/co2/co2_gr_mlo.txt,1996-01-10,rule,2026-09-28,collectors/climate.py@2026-09-28,collector,"NOAA MLO annual growth rate, Jan 1 -> Dec 31 change (co2_gr_mlo.txt, file created 2026-09-05)"
co2-growth-mlo-jan-dec,1996,1.24,ppm/yr,https://gml.noaa.gov/webdata/ccgg/trends/co2/co2_gr_mlo.txt,1997-01-10,rule,2026-09-28,collectors/climate.py@2026-09-28,collector,"NOAA MLO annual growth rate, Jan 1 -> Dec 31 change (co2_gr_mlo.txt, file created 2026-09-05)"
co2-growth-mlo-jan-dec,1997,1.91,ppm/yr,https://gml.noaa.gov/webdata/ccgg/trends/co2/co2_gr_mlo.txt,1998-01-10,rule,2026-09-28,collectors/climate.py@2026-09-28,collector,"NOAA MLO annual growth rate, Jan 1 -> Dec 31 change (co2_gr_mlo.txt, file created 2026-09-05)"
co2-growth-mlo-jan-dec,1998,2.97,ppm/yr,https://gml.noaa.gov/webdata/ccgg/trends/co2/co2_gr_mlo.txt,1999-01-10,rule,2026-09-28,collectors/climate.py@2026-09-28,collector,"NOAA MLO annual growth rate, Jan 1 -> Dec 31 change (co2_gr_mlo.txt, file created 2026-09-05)"
co2-growth-mlo-jan-dec,1999,0.92,ppm/yr,https://gml.noaa.gov/webdata/ccgg/trends/co2/co2_gr_mlo.txt,2000-01-10,rule,2026-09-28,collectors/climate.py@2026-09-28,collector,"NOAA MLO annual growth rate, Jan 1 -> Dec 31 change (co2_gr_mlo.txt, file created 2026-09-05)"
co2-growth-mlo-jan-dec,2000,1.62,ppm/yr,https://gml.noaa.gov/webdata/ccgg/trends/co2/co2_gr_mlo.txt,2001-01-10,rule,2026-09-28,collectors/climate.py@2026-09-28,collector,"NOAA MLO annual growth rate, Jan 1 -> Dec 31 change (co2_gr_mlo.txt, file created 2026-09-05)"
co2-growth-mlo-jan-dec,2001,1.62,ppm/yr,https://gml.noaa.gov/webdata/ccgg/trends/co2/co2_gr_mlo.txt,2002-01-10,rule,2026-09-28,collectors/climate.py@2026-09-28,collector,"NOAA MLO annual growth rate, Jan 1 -> Dec 31 change (co2_gr_mlo.txt, file created 2026-09-05)"
co2-growth-mlo-jan-dec,2002,2.51,ppm/yr,https://gml.noaa.gov/webdata/ccgg/trends/co2/co2_gr_mlo.txt,2003-01-10,rule,2026-09-28,collectors/climate.py@2026-09-28,collector,"NOAA MLO annual growth rate, Jan 1 -> Dec 31 change (co2_gr_mlo.txt, file created 2026-09-05)"
co2-growth-mlo-jan-dec,2003,2.26,ppm/yr,https://gml.noaa.gov/webdata/ccgg/trends/co2/co2_gr_mlo.txt,2004-01-10,rule,2026-09-28,collectors/climate.py@2026-09-28,collector,"NOAA MLO annual growth rate, Jan 1 -> Dec 31 change (co2_gr_mlo.txt, file created 2026-09-05)"
co2-growth-mlo-jan-dec,2004,1.59,ppm/yr,https://gml.noaa.gov/webdata/ccgg/trends/co2/co2_gr_mlo.txt,2005-01-10,rule,2026-09-28,collectors/climate.py@2026-09-28,collector,"NOAA MLO annual growth rate, Jan 1 -> Dec 31 change (co2_gr_mlo.txt, file created 2026-09-05)"
co2-growth-mlo-jan-dec,2005,2.57,ppm/yr,https://gml.noaa.gov/webdata/ccgg/trends/co2/co2_gr_mlo.txt,2006-01-10,rule,2026-09-28,collectors/climate.py@2026-09-28,collector,"NOAA MLO annual growth rate, Jan 1 -> Dec 31 change (co2_gr_mlo.txt, file created 2026-09-05)"
co2-growth-mlo-jan-dec,2006,1.69,ppm/yr,https://gml.noaa.gov/webdata/ccgg/trends/co2/co2_gr_mlo.txt,2007-01-10,rule,2026-09-28,collectors/climate.py@2026-09-28,collector,"NOAA MLO annual growth rate, Jan 1 -> Dec 31 change (co2_gr_mlo.txt, file created 2026-09-05)"
co2-growth-mlo-jan-dec,2007,2.31,ppm/yr,https://gml.noaa.gov/webdata/ccgg/trends/co2/co2_gr_mlo.txt,2008-01-10,rule,2026-09-28,collectors/climate.py@2026-09-28,collector,"NOAA MLO annual growth rate, Jan 1 -> Dec 31 change (co2_gr_mlo.txt, file created 2026-09-05)"
co2-growth-mlo-jan-dec,2008,1.54,ppm/yr,https://gml.noaa.gov/webdata/ccgg/trends/co2/co2_gr_mlo.txt,2009-01-10,rule,2026-09-28,collectors/climate.py@2026-09-28,collector,"NOAA MLO annual growth rate, Jan 1 -> Dec 31 change (co2_gr_mlo.txt, file created 2026-09-05)"
co2-growth-mlo-jan-dec,2009,2.00,ppm/yr,https://gml.noaa.gov/webdata/ccgg/trends/co2/co2_gr_mlo.txt,2010-01-10,rule,2026-09-28,collectors/climate.py@2026-09-28,collector,"NOAA MLO annual growth rate, Jan 1 -> Dec 31 change (co2_gr_mlo.txt, file created 2026-09-05)"
co2-growth-mlo-jan-dec,2010,2.30,ppm/yr,https://gml.noaa.gov/webdata/ccgg/trends/co2/co2_gr_mlo.txt,2011-01-10,rule,2026-09-28,collectors/climate.py@2026-09-28,collector,"NOAA MLO annual growth rate, Jan 1 -> Dec 31 change (co2_gr_mlo.txt, file created 2026-09-05)"
co2-growth-global-jan-dec,1959,0.96,ppm/yr,https://gml.noaa.gov/webdata/ccgg/trends/co2/co2_gr_gl.txt,1960-01-10,rule,2026-09-28,collectors/climate.py@2026-09-28,collector,"NOAA global marine-surface annual growth rate, Jan 1 -> Dec 31 change (co2_gr_gl.txt, file created 2026-09-05)"
co2-growth-global-jan-dec,1960,0.71,ppm/yr,https://gml.noaa.gov/webdata/ccgg/trends/co2/co2_gr_gl.txt,1961-01-10,rule,2026-09-28,collectors/climate.py@2026-09-28,collector,"NOAA global marine-surface annual growth rate, Jan 1 -> Dec 31 change (co2_gr_gl.txt, file created 2026-09-05)"
co2-growth-global-jan-dec,1961,0.78,ppm/yr,https://gml.noaa.gov/webdata/ccgg/trends/co2/co2_gr_gl.txt,1962-01-10,rule,2026-09-28,collectors/climate.py@2026-09-28,collector,"NOAA global marine-surface annual growth rate, Jan 1 -> Dec 31 change (co2_gr_gl.txt, file created 2026-09-05)"
co2-growth-global-jan-dec,1962,0.56,ppm/yr,https://gml.noaa.gov/webdata/ccgg/trends/co2/co2_gr_gl.txt,1963-01-10,rule,2026-09-28,collectors/climate.py@2026-09-28,collector,"NOAA global marine-surface annual growth rate, Jan 1 -> Dec 31 change (co2_gr_gl.txt, file created 2026-09-05)"
co2-growth-global-jan-dec,1963,0.57,ppm/yr,https://gml.noaa.gov/webdata/ccgg/trends/co2/co2_gr_gl.txt,1964-01-10,rule,2026-09-28,collectors/climate.py@2026-09-28,collector,"NOAA global marine-surface annual growth rate, Jan 1 -> Dec 31 change (co2_gr_gl.txt, file created 2026-09-05)"
co2-growth-global-jan-dec,1964,0.49,ppm/yr,https://gml.noaa.gov/webdata/ccgg/trends/co2/co2_gr_gl.txt,1965-01-10,rule,2026-09-28,collectors/climate.py@2026-09-28,collector,"NOAA global marine-surface annual growth rate, Jan 1 -> Dec 31 change (co2_gr_gl.txt, file created 2026-09-05)"
co2-growth-global-jan-dec,1965,1.10,ppm/yr,https://gml.noaa.gov/webdata/ccgg/trends/co2/co2_gr_gl.txt,1966-01-10,rule,2026-09-28,collectors/climate.py@2026-09-28,collector,"NOAA global marine-surface annual growth rate, Jan 1 -> Dec 31 change (co2_gr_gl.txt, file created 2026-09-05)"
co2-growth-global-jan-dec,1966,1.10,ppm/yr,https://gml.noaa.gov/webdata/ccgg/trends/co2/co2_gr_gl.txt,1967-01-10,rule,2026-09-28,collectors/climate.py@2026-09-28,collector,"NOAA global marine-surface annual growth rate, Jan 1 -> Dec 31 change (co2_gr_gl.txt, file created 2026-09-05)"
co2-growth-global-jan-dec,1967,0.61,ppm/yr,https://gml.noaa.gov/webdata/ccgg/trends/co2/co2_gr_gl.txt,1968-01-10,rule,2026-09-28,collectors/climate.py@2026-09-28,collector,"NOAA global marine-surface annual growth rate, Jan 1 -> Dec 31 change (co2_gr_gl.txt, file created 2026-09-05)"
co2-growth-global-jan-dec,1968,0.99,ppm/yr,https://gml.noaa.gov/webdata/ccgg/trends/co2/co2_gr_gl.txt,1969-01-10,rule,2026-09-28,collectors/climate.py@2026-09-28,collector,"NOAA global marine-surface annual growth rate, Jan 1 -> Dec 31 change (co2_gr_gl.txt, file created 2026-09-05)"
co2-growth-global-jan-dec,1969,1.32,ppm/yr,https://gml.noaa.gov/webdata/ccgg/trends/co2/co2_gr_gl.txt,1970-01-10,rule,2026-09-28,collectors/climate.py@2026-09-28,collector,"NOAA global marine-surface annual growth rate, Jan 1 -> Dec 31 change (co2_gr_gl.txt, file created 2026-09-05)"
co2-growth-global-jan-dec,1970,1.13,ppm/yr,https://gml.noaa.gov/webdata/ccgg/trends/co2/co2_gr_gl.txt,1971-01-10,rule,2026-09-28,collectors/climate.py@2026-09-28,collector,"NOAA global marine-surface annual growth rate, Jan 1 -> Dec 31 change (co2_gr_gl.txt, file created 2026-09-05)"
co2-growth-global-jan-dec,1971,0.73,ppm/yr,https://gml.noaa.gov/webdata/ccgg/trends/co2/co2_gr_gl.txt,1972-01-10,rule,2026-09-28,collectors/climate.py@2026-09-28,collector,"NOAA global marine-surface annual growth rate, Jan 1 -> Dec 31 change (co2_gr_gl.txt, file created 2026-09-05)"
co2-growth-global-jan-dec,1972,1.47,ppm/yr,https://gml.noaa.gov/webdata/ccgg/trends/co2/co2_gr_gl.txt,1973-01-10,rule,2026-09-28,collectors/climate.py@2026-09-28,collector,"NOAA global marine-surface annual growth rate, Jan 1 -> Dec 31 change (co2_gr_gl.txt, file created 2026-09-05)"
co2-growth-global-jan-dec,1973,1.46,ppm/yr,https://gml.noaa.gov/webdata/ccgg/trends/co2/co2_gr_gl.txt,1974-01-10,rule,2026-09-28,collectors/climate.py@2026-09-28,collector,"NOAA global marine-surface annual growth rate, Jan 1 -> Dec 31 change (co2_gr_gl.txt, file created 2026-09-05)"
co2-growth-global-jan-dec,1974,0.68,ppm/yr,https://gml.noaa.gov/webdata/ccgg/trends/co2/co2_gr_gl.txt,1975-01-10,rule,2026-09-28,collectors/climate.py@2026-09-28,collector,"NOAA global marine-surface annual growth rate, Jan 1 -> Dec 31 change (co2_gr_gl.txt, file created 2026-09-05)"
co2-growth-global-jan-dec,1975,1.23,ppm/yr,https://gml.noaa.gov/webdata/ccgg/trends/co2/co2_gr_gl.txt,1976-01-10,rule,2026-09-28,collectors/climate.py@2026-09-28,collector,"NOAA global marine-surface annual growth rate, Jan 1 -> Dec 31 change (co2_gr_gl.txt, file created 2026-09-05)"
co2-growth-global-jan-dec,1976,0.97,ppm/yr,https://gml.noaa.gov/webdata/ccgg/trends/co2/co2_gr_gl.txt,1977-01-10,rule,2026-09-28,collectors/climate.py@2026-09-28,collector,"NOAA global marine-surface annual growth rate, Jan 1 -> Dec 31 change (co2_gr_gl.txt, file created 2026-09-05)"
co2-growth-global-jan-dec,1977,1.92,ppm/yr,https://gml.noaa.gov/webdata/ccgg/trends/co2/co2_gr_gl.txt,1978-01-10,rule,2026-09-28,collectors/climate.py@2026-09-28,collector,"NOAA global marine-surface annual growth rate, Jan 1 -> Dec 31 change (co2_gr_gl.txt, file created 2026-09-05)"
co2-growth-global-jan-dec,1978,1.29,ppm/yr,https://gml.noaa.gov/webdata/ccgg/trends/co2/co2_gr_gl.txt,1979-01-10,rule,2026-09-28,collectors/climate.py@2026-09-28,collector,"NOAA global marine-surface annual growth rate, Jan 1 -> Dec 31 change (co2_gr_gl.txt, file created 2026-09-05)"
co2-growth-global-jan-dec,1979,2.14,ppm/yr,https://gml.noaa.gov/webdata/ccgg/trends/co2/co2_gr_gl.txt,1980-01-10,rule,2026-09-28,collectors/climate.py@2026-09-28,collector,"NOAA global marine-surface annual growth rate, Jan 1 -> Dec 31 change (co2_gr_gl.txt, file created 2026-09-05)"
co2-growth-global-jan-dec,1980,1.67,ppm/yr,https://gml.noaa.gov/webdata/ccgg/trends/co2/co2_gr_gl.txt,1981-01-10,rule,2026-09-28,collectors/climate.py@2026-09-28,collector,"NOAA global marine-surface annual growth rate, Jan 1 -> Dec 31 change (co2_gr_gl.txt, file created 2026-09-05)"
co2-growth-global-jan-dec,1981,1.15,ppm/yr,https://gml.noaa.gov/webdata/ccgg/trends/co2/co2_gr_gl.txt,1982-01-10,rule,2026-09-28,collectors/climate.py@2026-09-28,collector,"NOAA global marine-surface annual growth rate, Jan 1 -> Dec 31 change (co2_gr_gl.txt, file created 2026-09-05)"
co2-growth-global-jan-dec,1982,1.00,ppm/yr,https://gml.noaa.gov/webdata/ccgg/trends/co2/co2_gr_gl.txt,1983-01-10,rule,2026-09-28,collectors/climate.py@2026-09-28,collector,"NOAA global marine-surface annual growth rate, Jan 1 -> Dec 31 change (co2_gr_gl.txt, file created 2026-09-05)"
co2-growth-global-jan-dec,1983,1.84,ppm/yr,https://gml.noaa.gov/webdata/ccgg/trends/co2/co2_gr_gl.txt,1984-01-10,rule,2026-09-28,collectors/climate.py@2026-09-28,collector,"NOAA global marine-surface annual growth rate, Jan 1 -> Dec 31 change (co2_gr_gl.txt, file created 2026-09-05)"
co2-growth-global-jan-dec,1984,1.23,ppm/yr,https://gml.noaa.gov/webdata/ccgg/trends/co2/co2_gr_gl.txt,1985-01-10,rule,2026-09-28,collectors/climate.py@2026-09-28,collector,"NOAA global marine-surface annual growth rate, Jan 1 -> Dec 31 change (co2_gr_gl.txt, file created 2026-09-05)"
co2-growth-global-jan-dec,1985,1.65,ppm/yr,https://gml.noaa.gov/webdata/ccgg/trends/co2/co2_gr_gl.txt,1986-01-10,rule,2026-09-28,collectors/climate.py@2026-09-28,collector,"NOAA global marine-surface annual growth rate, Jan 1 -> Dec 31 change (co2_gr_gl.txt, file created 2026-09-05)"
co2-growth-global-jan-dec,1986,1.01,ppm/yr,https://gml.noaa.gov/webdata/ccgg/trends/co2/co2_gr_gl.txt,1987-01-10,rule,2026-09-28,collectors/climate.py@2026-09-28,collector,"NOAA global marine-surface annual growth rate, Jan 1 -> Dec 31 change (co2_gr_gl.txt, file created 2026-09-05)"
co2-growth-global-jan-dec,1987,2.66,ppm/yr,https://gml.noaa.gov/webdata/ccgg/trends/co2/co2_gr_gl.txt,1988-01-10,rule,2026-09-28,collectors/climate.py@2026-09-28,collector,"NOAA global marine-surface annual growth rate, Jan 1 -> Dec 31 change (co2_gr_gl.txt, file created 2026-09-05)"
co2-growth-global-jan-dec,1988,2.17,ppm/yr,https://gml.noaa.gov/webdata/ccgg/trends/co2/co2_gr_gl.txt,1989-01-10,rule,2026-09-28,collectors/climate.py@2026-09-28,collector,"NOAA global marine-surface annual growth rate, Jan 1 -> Dec 31 change (co2_gr_gl.txt, file created 2026-09-05)"
co2-growth-global-jan-dec,1989,1.47,ppm/yr,https://gml.noaa.gov/webdata/ccgg/trends/co2/co2_gr_gl.txt,1990-01-10,rule,2026-09-28,collectors/climate.py@2026-09-28,collector,"NOAA global marine-surface annual growth rate, Jan 1 -> Dec 31 change (co2_gr_gl.txt, file created 2026-09-05)"
co2-growth-global-jan-dec,1990,1.22,ppm/yr,https://gml.noaa.gov/webdata/ccgg/trends/co2/co2_gr_gl.txt,1991-01-10,rule,2026-09-28,collectors/climate.py@2026-09-28,collector,"NOAA global marine-surface annual growth rate, Jan 1 -> Dec 31 change (co2_gr_gl.txt, file created 2026-09-05)"
co2-growth-global-jan-dec,1991,0.75,ppm/yr,https://gml.noaa.gov/webdata/ccgg/trends/co2/co2_gr_gl.txt,1992-01-10,rule,2026-09-28,collectors/climate.py@2026-09-28,collector,"NOAA global marine-surface annual growth rate, Jan 1 -> Dec 31 change (co2_gr_gl.txt, file created 2026-09-05)"
co2-growth-global-jan-dec,1992,0.71,ppm/yr,https://gml.noaa.gov/webdata/ccgg/trends/co2/co2_gr_gl.txt,1993-01-10,rule,2026-09-28,collectors/climate.py@2026-09-28,collector,"NOAA global marine-surface annual growth rate, Jan 1 -> Dec 31 change (co2_gr_gl.txt, file created 2026-09-05)"
co2-growth-global-jan-dec,1993,1.24,ppm/yr,https://gml.noaa.gov/webdata/ccgg/trends/co2/co2_gr_gl.txt,1994-01-10,rule,2026-09-28,collectors/climate.py@2026-09-28,collector,"NOAA global marine-surface annual growth rate, Jan 1 -> Dec 31 change (co2_gr_gl.txt, file created 2026-09-05)"
co2-growth-global-jan-dec,1994,1.66,ppm/yr,https://gml.noaa.gov/webdata/ccgg/trends/co2/co2_gr_gl.txt,1995-01-10,rule,2026-09-28,collectors/climate.py@2026-09-28,collector,"NOAA global marine-surface annual growth rate, Jan 1 -> Dec 31 change (co2_gr_gl.txt, file created 2026-09-05)"
co2-growth-global-jan-dec,1995,2.00,ppm/yr,https://gml.noaa.gov/webdata/ccgg/trends/co2/co2_gr_gl.txt,1996-01-10,rule,2026-09-28,collectors/climate.py@2026-09-28,collector,"NOAA global marine-surface annual growth rate, Jan 1 -> Dec 31 change (co2_gr_gl.txt, file created 2026-09-05)"
co2-growth-global-jan-dec,1996,1.05,ppm/yr,https://gml.noaa.gov/webdata/ccgg/trends/co2/co2_gr_gl.txt,1997-01-10,rule,2026-09-28,collectors/climate.py@2026-09-28,collector,"NOAA global marine-surface annual growth rate, Jan 1 -> Dec 31 change (co2_gr_gl.txt, file created 2026-09-05)"
co2-growth-global-jan-dec,1997,1.98,ppm/yr,https://gml.noaa.gov/webdata/ccgg/trends/co2/co2_gr_gl.txt,1998-01-10,rule,2026-09-28,collectors/climate.py@2026-09-28,collector,"NOAA global marine-surface annual growth rate, Jan 1 -> Dec 31 change (co2_gr_gl.txt, file created 2026-09-05)"
co2-growth-global-jan-dec,1998,2.84,ppm/yr,https://gml.noaa.gov/webdata/ccgg/trends/co2/co2_gr_gl.txt,1999-01-10,rule,2026-09-28,collectors/climate.py@2026-09-28,collector,"NOAA global marine-surface annual growth rate, Jan 1 -> Dec 31 change (co2_gr_gl.txt, file created 2026-09-05)"
co2-growth-global-jan-dec,1999,1.33,ppm/yr,https://gml.noaa.gov/webdata/ccgg/trends/co2/co2_gr_gl.txt,2000-01-10,rule,2026-09-28,collectors/climate.py@2026-09-28,collector,"NOAA global marine-surface annual growth rate, Jan 1 -> Dec 31 change (co2_gr_gl.txt, file created 2026-09-05)"
co2-growth-global-jan-dec,2000,1.25,ppm/yr,https://gml.noaa.gov/webdata/ccgg/trends/co2/co2_gr_gl.txt,2001-01-10,rule,2026-09-28,collectors/climate.py@2026-09-28,collector,"NOAA global marine-surface annual growth rate, Jan 1 -> Dec 31 change (co2_gr_gl.txt, file created 2026-09-05)"
co2-growth-global-jan-dec,2001,1.85,ppm/yr,https://gml.noaa.gov/webdata/ccgg/trends/co2/co2_gr_gl.txt,2002-01-10,rule,2026-09-28,collectors/climate.py@2026-09-28,collector,"NOAA global marine-surface annual growth rate, Jan 1 -> Dec 31 change (co2_gr_gl.txt, file created 2026-09-05)"
co2-growth-global-jan-dec,2002,2.36,ppm/yr,https://gml.noaa.gov/webdata/ccgg/trends/co2/co2_gr_gl.txt,2003-01-10,rule,2026-09-28,collectors/climate.py@2026-09-28,collector,"NOAA global marine-surface annual growth rate, Jan 1 -> Dec 31 change (co2_gr_gl.txt, file created 2026-09-05)"
co2-growth-global-jan-dec,2003,2.28,ppm/yr,https://gml.noaa.gov/webdata/ccgg/trends/co2/co2_gr_gl.txt,2004-01-10,rule,2026-09-28,collectors/climate.py@2026-09-28,collector,"NOAA global marine-surface annual growth rate, Jan 1 -> Dec 31 change (co2_gr_gl.txt, file created 2026-09-05)"
co2-growth-global-jan-dec,2004,1.56,ppm/yr,https://gml.noaa.gov/webdata/ccgg/trends/co2/co2_gr_gl.txt,2005-01-10,rule,2026-09-28,collectors/climate.py@2026-09-28,collector,"NOAA global marine-surface annual growth rate, Jan 1 -> Dec 31 change (co2_gr_gl.txt, file created 2026-09-05)"
co2-growth-global-jan-dec,2005,2.47,ppm/yr,https://gml.noaa.gov/webdata/ccgg/trends/co2/co2_gr_gl.txt,2006-01-10,rule,2026-09-28,collectors/climate.py@2026-09-28,collector,"NOAA global marine-surface annual growth rate, Jan 1 -> Dec 31 change (co2_gr_gl.txt, file created 2026-09-05)"
co2-growth-global-jan-dec,2006,1.77,ppm/yr,https://gml.noaa.gov/webdata/ccgg/trends/co2/co2_gr_gl.txt,2007-01-10,rule,2026-09-28,collectors/climate.py@2026-09-28,collector,"NOAA global marine-surface annual growth rate, Jan 1 -> Dec 31 change (co2_gr_gl.txt, file created 2026-09-05)"
co2-growth-global-jan-dec,2007,2.13,ppm/yr,https://gml.noaa.gov/webdata/ccgg/trends/co2/co2_gr_gl.txt,2008-01-10,rule,2026-09-28,collectors/climate.py@2026-09-28,collector,"NOAA global marine-surface annual growth rate, Jan 1 -> Dec 31 change (co2_gr_gl.txt, file created 2026-09-05)"
co2-growth-global-jan-dec,2008,1.78,ppm/yr,https://gml.noaa.gov/webdata/ccgg/trends/co2/co2_gr_gl.txt,2009-01-10,rule,2026-09-28,collectors/climate.py@2026-09-28,collector,"NOAA global marine-surface annual growth rate, Jan 1 -> Dec 31 change (co2_gr_gl.txt, file created 2026-09-05)"
co2-growth-global-jan-dec,2009,1.58,ppm/yr,https://gml.noaa.gov/webdata/ccgg/trends/co2/co2_gr_gl.txt,2010-01-10,rule,2026-09-28,collectors/climate.py@2026-09-28,collector,"NOAA global marine-surface annual growth rate, Jan 1 -> Dec 31 change (co2_gr_gl.txt, file created 2026-09-05)"
co2-growth-global-jan-dec,2010,2.36,ppm/yr,https://gml.noaa.gov/webdata/ccgg/trends/co2/co2_gr_gl.txt,2011-01-10,rule,2026-09-28,collectors/climate.py@2026-09-28,collector,"NOAA global marine-surface annual growth rate, Jan 1 -> Dec 31 change (co2_gr_gl.txt, file created 2026-09-05)"
co2-mlo-daily,2026-07-27,429.21,ppm,https://gml.noaa.gov/webdata/ccgg/trends/co2/co2_daily_mlo.txt,2026-07-29,rule,2026-09-28,collectors/climate.py@2026-09-28,collector,"NOAA MLO daily mean (co2_daily_mlo.txt, file created 2026-09-28); preliminary"
co2-mlo-daily,2026-07-28,429.01,ppm,https://gml.noaa.gov/webdata/ccgg/trends/co2/co2_daily_mlo.txt,2026-07-30,rule,2026-09-28,collectors/climate.py@2026-09-28,collector,"NOAA MLO daily mean (co2_daily_mlo.txt, file created 2026-09-28); preliminary"
co2-mlo-daily,2026-07-29,429.29,ppm,https://gml.noaa.gov/webdata/ccgg/trends/co2/co2_daily_mlo.txt,2026-07-31,rule,2026-09-28,collectors/climate.py@2026-09-28,collector,"NOAA MLO daily mean (co2_daily_mlo.txt, file created 2026-09-28); preliminary"
co2-mlo-daily,2026-07-31,428.52,ppm,https://gml.noaa.gov/webdata/ccgg/trends/co2/co2_daily_mlo.txt,2026-08-02,rule,2026-09-28,collectors/climate.py@2026-09-28,collector,"NOAA MLO daily mean (co2_daily_mlo.txt, file created 2026-09-28); preliminary"
co2-mlo-daily,2026-08-02,428.47,ppm,https://gml.noaa.gov/webdata/ccgg/trends/co2/co2_daily_mlo.txt,2026-08-04,rule,2026-09-28,collectors/climate.py@2026-09-28,collector,"NOAA MLO daily mean (co2_daily_mlo.txt, file created 2026-09-28); preliminary"
co2-mlo-daily,2026-08-07,428.28,ppm,https://gml.noaa.gov/webdata/ccgg/trends/co2/co2_daily_mlo.txt,2026-08-09,rule,2026-09-28,collectors/climate.py@2026-09-28,collector,"NOAA MLO daily mean (co2_daily_mlo.txt, file created 2026-09-28); preliminary"
co2-mlo-daily,2026-08-08,427.80,ppm,https://gml.noaa.gov/webdata/ccgg/trends/co2/co2_daily_mlo.txt,2026-08-10,rule,2026-09-28,collectors/climate.py@2026-09-28,collector,"NOAA MLO daily mean (co2_daily_mlo.txt, file created 2026-09-28); preliminary"
co2-mlo-daily,2026-08-12,428.02,ppm,https://gml.noaa.gov/webdata/ccgg/trends/co2/co2_daily_mlo.txt,2026-08-14,rule,2026-09-28,collectors/climate.py@2026-09-28,collector,"NOAA MLO daily mean (co2_daily_mlo.txt, file created 2026-09-28); preliminary"
co2-mlo-daily,2026-08-13,426.95,ppm,https://gml.noaa.gov/webdata/ccgg/trends/co2/co2_daily_mlo.txt,2026-08-15,rule,2026-09-28,collectors/climate.py@2026-09-28,collector,"NOAA MLO daily mean (co2_daily_mlo.txt, file created 2026-09-28); preliminary"
co2-mlo-daily,2026-08-14,427.80,ppm,https://gml.noaa.gov/webdata/ccgg/trends/co2/co2_daily_mlo.txt,2026-08-16,rule,2026-09-28,collectors/climate.py@2026-09-28,collector,"NOAA MLO daily mean (co2_daily_mlo.txt, file created 2026-09-28); preliminary"
co2-mlo-daily,2026-08-19,426.95,ppm,https://gml.noaa.gov/webdata/ccgg/trends/co2/co2_daily_mlo.txt,2026-08-21,rule,2026-09-28,collectors/climate.py@2026-09-28,collector,"NOAA MLO daily mean (co2_daily_mlo.txt, file created 2026-09-28); preliminary"
co2-mlo-daily,2026-08-20,426.86,ppm,https://gml.noaa.gov/webdata/ccgg/trends/co2/co2_daily_mlo.txt,2026-08-22,rule,2026-09-28,collectors/climate.py@2026-09-28,collector,"NOAA MLO daily mean (co2_daily_mlo.txt, file created 2026-09-28); preliminary"
co2-mlo-daily,2026-08-21,426.98,ppm,https://gml.noaa.gov/webdata/ccgg/trends/co2/co2_daily_mlo.txt,2026-08-23,rule,2026-09-28,collectors/climate.py@2026-09-28,collector,"NOAA MLO daily mean (co2_daily_mlo.txt, file created 2026-09-28); preliminary"
co2-mlo-daily,2026-08-22,427.11,ppm,https://gml.noaa.gov/webdata/ccgg/trends/co2/co2_daily_mlo.txt,2026-08-24,rule,2026-09-28,collectors/climate.py@2026-09-28,collector,"NOAA MLO daily mean (co2_daily_mlo.txt, file created 2026-09-28); preliminary"
co2-mlo-daily,2026-08-23,426.88,ppm,https://gml.noaa.gov/webdata/ccgg/trends/co2/co2_daily_mlo.txt,2026-08-25,rule,2026-09-28,collectors/climate.py@2026-09-28,collector,"NOAA MLO daily mean (co2_daily_mlo.txt, file created 2026-09-28); preliminary"
co2-mlo-daily,2026-08-24,426.87,ppm,https://gml.noaa.gov/webdata/ccgg/trends/co2/co2_daily_mlo.txt,2026-08-26,rule,2026-09-28,collectors/climate.py@2026-09-28,collector,"NOAA MLO daily mean (co2_daily_mlo.txt, file created 2026-09-28); preliminary"
co2-mlo-daily,2026-08-25,427.03,ppm,https://gml.noaa.gov/webdata/ccgg/trends/co2/co2_daily_mlo.txt,2026-08-27,rule,2026-09-28,collectors/climate.py@2026-09-28,collector,"NOAA MLO daily mean (co2_daily_mlo.txt, file created 2026-09-28); preliminary"
co2-mlo-daily,2026-08-26,427.01,ppm,https://gml.noaa.gov/webdata/ccgg/trends/co2/co2_daily_mlo.txt,2026-08-28,rule,2026-09-28,collectors/climate.py@2026-09-28,collector,"NOAA MLO daily mean (co2_daily_mlo.txt, file created 2026-09-28); preliminary"
co2-mlo-daily,2026-08-27,426.93,ppm,https://gml.noaa.gov/webdata/ccgg/trends/co2/co2_daily_mlo.txt,2026-08-29,rule,2026-09-28,collectors/climate.py@2026-09-28,collector,"NOAA MLO daily mean (co2_daily_mlo.txt, file created 2026-09-28); preliminary"
co2-mlo-daily,2026-08-30,427.32,ppm,https://gml.noaa.gov/webdata/ccgg/trends/co2/co2_daily_mlo.txt,2026-09-01,rule,2026-09-28,collectors/climate.py@2026-09-28,collector,"NOAA MLO daily mean (co2_daily_mlo.txt, file created 2026-09-28); preliminary"
co2-mlo-daily,2026-08-31,427.33,ppm,https://gml.noaa.gov/webdata/ccgg/trends/co2/co2_daily_mlo.txt,2026-09-02,rule,2026-09-28,collectors/climate.py@2026-09-28,collector,"NOAA MLO daily mean (co2_daily_mlo.txt, file created 2026-09-28); preliminary"
co2-mlo-daily,2026-09-02,426.81,ppm,https://gml.noaa.gov/webdata/ccgg/trends/co2/co2_daily_mlo.txt,2026-09-04,rule,2026-09-28,collectors/climate.py@2026-09-28,collector,"NOAA MLO daily mean (co2_daily_mlo.txt, file created 2026-09-28); preliminary"
co2-mlo-daily,2026-09-03,427.13,ppm,https://gml.noaa.gov/webdata/ccgg/trends/co2/co2_daily_mlo.txt,2026-09-05,rule,2026-09-28,collectors/climate.py@2026-09-28,collector,"NOAA MLO daily mean (co2_daily_mlo.txt, file created 2026-09-28); preliminary"
co2-mlo-daily,2026-09-08,426.57,ppm,https://gml.noaa.gov/webdata/ccgg/trends/co2/co2_daily_mlo.txt,2026-09-10,rule,2026-09-28,collectors/climate.py@2026-09-28,collector,"NOAA MLO daily mean (co2_daily_mlo.txt, file created 2026-09-28); preliminary"
co2-mlo-daily,2026-09-09,426.62,ppm,https://gml.noaa.gov/webdata/ccgg/trends/co2/co2_daily_mlo.txt,2026-09-11,rule,2026-09-28,collectors/climate.py@2026-09-28,collector,"NOAA MLO daily mean (co2_daily_mlo.txt, file created 2026-09-28); preliminary"
co2-mlo-daily,2026-09-10,426.25,ppm,https://gml.noaa.gov/webdata/ccgg/trends/co2/co2_daily_mlo.txt,2026-09-12,rule,2026-09-28,collectors/climate.py@2026-09-28,collector,"NOAA MLO daily mean (co2_daily_mlo.txt, file created 2026-09-28); preliminary"
co2-mlo-daily,2026-09-11,425.73,ppm,https://gml.noaa.gov/webdata/ccgg/trends/co2/co2_daily_mlo.txt,2026-09-13,rule,2026-09-28,collectors/climate.py@2026-09-28,collector,"NOAA MLO daily mean (co2_daily_mlo.txt, file created 2026-09-28); preliminary"
co2-mlo-daily,2026-09-12,425.23,ppm,https://gml.noaa.gov/webdata/ccgg/trends/co2/co2_daily_mlo.txt,2026-09-14,rule,2026-09-28,collectors/climate.py@2026-09-28,collector,"NOAA MLO daily mean (co2_daily_mlo.txt, file created 2026-09-28); preliminary"
co2-mlo-daily,2026-09-13,425.04,ppm,https://gml.noaa.gov/webdata/ccgg/trends/co2/co2_daily_mlo.txt,2026-09-15,rule,2026-09-28,collectors/climate.py@2026-09-28,collector,"NOAA MLO daily mean (co2_daily_mlo.txt, file created 2026-09-28); preliminary"
co2-mlo-daily,2026-09-14,425.57,ppm,https://gml.noaa.gov/webdata/ccgg/trends/co2/co2_daily_mlo.txt,2026-09-16,rule,2026-09-28,collectors/climate.py@2026-09-28,collector,"NOAA MLO daily mean (co2_daily_mlo.txt, file created 2026-09-28); preliminary"
co2-mlo-daily,2026-09-15,425.53,ppm,https://gml.noaa.gov/webdata/ccgg/trends/co2/co2_daily_mlo.txt,2026-09-17,rule,2026-09-28,collectors/climate.py@2026-09-28,collector,"NOAA MLO daily mean (co2_daily_mlo.txt, file created 2026-09-28); preliminary"
co2-mlo-daily,2026-09-17,426.53,ppm,https://gml.noaa.gov/webdata/ccgg/trends/co2/co2_daily_mlo.txt,2026-09-19,rule,2026-09-28,collectors/climate.py@2026-09-28,collector,"NOAA MLO daily mean (co2_daily_mlo.txt, file created 2026-09-28); preliminary"
co2-mlo-daily,2026-09-18,426.40,ppm,https://gml.noaa.gov/webdata/ccgg/trends/co2/co2_daily_mlo.txt,2026-09-20,rule,2026-09-28,collectors/climate.py@2026-09-28,collector,"NOAA MLO daily mean (co2_daily_mlo.txt, file created 2026-09-28); preliminary"
co2-mlo-daily,2026-09-19,426.42,ppm,https://gml.noaa.gov/webdata/ccgg/trends/co2/co2_daily_mlo.txt,2026-09-21,rule,2026-09-28,collectors/climate.py@2026-09-28,collector,"NOAA MLO daily mean (co2_daily_mlo.txt, file created 2026-09-28); preliminary"
co2-mlo-daily,2026-09-20,426.32,ppm,https://gml.noaa.gov/webdata/ccgg/trends/co2/co2_daily_mlo.txt,2026-09-22,rule,2026-09-28,collectors/climate.py@2026-09-28,collector,"NOAA MLO daily mean (co2_daily_mlo.txt, file created 2026-09-28); preliminary"
co2-mlo-daily,2026-09-21,425.22,ppm,https://gml.noaa.gov/webdata/ccgg/trends/co2/co2_daily_mlo.txt,2026-09-23,rule,2026-09-28,collectors/climate.py@2026-09-28,collector,"NOAA MLO daily mean (co2_daily_mlo.txt, file created 2026-09-28); preliminary"
co2-mlo-daily,2026-09-22,425.80,ppm,https://gml.noaa.gov/webdata/ccgg/trends/co2/co2_daily_mlo.txt,2026-09-24,rule,2026-09-28,collectors/climate.py@2026-09-28,collector,"NOAA MLO daily mean (co2_daily_mlo.txt, file created 2026-09-28); preliminary"
co2-mlo-daily,2026-09-24,425.95,ppm,https://gml.noaa.gov/webdata/ccgg/trends/co2/co2_daily_mlo.txt,2026-09-26,rule,2026-09-28,collectors/climate.py@2026-09-28,collector,"NOAA MLO daily mean (co2_daily_mlo.txt, file created 2026-09-28); preliminary"
co2-trend-10yr-mlo-jan-dec,1968,0.82,ppm/yr,https://gml.noaa.gov/webdata/ccgg/trends/co2/co2_gr_mlo.txt,1969-01-10,rule,2026-09-28,collectors/climate.py@2026-09-28,collector,"Derived by the collector: mean of the NOAA MLO Jan->Dec annual growth rates 1959-1968 (co2_gr_mlo.txt, file created 2026-09-05), rounded half-up to 2 decimals"
co2-trend-10yr-mlo-jan-dec,1969,0.86,ppm/yr,https://gml.noaa.gov/webdata/ccgg/trends/co2/co2_gr_mlo.txt,1970-01-10,rule,2026-09-28,collectors/climate.py@2026-09-28,collector,"Derived by the collector: mean of the NOAA MLO Jan->Dec annual growth rates 1960-1969 (co2_gr_mlo.txt, file created 2026-09-05), rounded half-up to 2 decimals"
co2-trend-10yr-mlo-jan-dec,1970,0.91,ppm/yr,https://gml.noaa.gov/webdata/ccgg/trends/co2/co2_gr_mlo.txt,1971-01-10,rule,2026-09-28,collectors/climate.py@2026-09-28,collector,"Derived by the collector: mean of the NOAA MLO Jan->Dec annual growth rates 1961-1970 (co2_gr_mlo.txt, file created 2026-09-05), rounded half-up to 2 decimals"
co2-trend-10yr-mlo-jan-dec,1971,0.89,ppm/yr,https://gml.noaa.gov/webdata/ccgg/trends/co2/co2_gr_mlo.txt,1972-01-10,rule,2026-09-28,collectors/climate.py@2026-09-28,collector,"Derived by the collector: mean of the NOAA MLO Jan->Dec annual growth rates 1962-1971 (co2_gr_mlo.txt, file created 2026-09-05), rounded half-up to 2 decimals"
co2-trend-10yr-mlo-jan-dec,1972,1.00,ppm/yr,https://gml.noaa.gov/webdata/ccgg/trends/co2/co2_gr_mlo.txt,1973-01-10,rule,2026-09-28,collectors/climate.py@2026-09-28,collector,"Derived by the collector: mean of the NOAA MLO Jan->Dec annual growth rates 1963-1972 (co2_gr_mlo.txt, file created 2026-09-05), rounded half-up to 2 decimals"
co2-trend-10yr-mlo-jan-dec,1973,1.05,ppm/yr,https://gml.noaa.gov/webdata/ccgg/trends/co2/co2_gr_mlo.txt,1974-01-10,rule,2026-09-28,collectors/climate.py@2026-09-28,collector,"Derived by the collector: mean of the NOAA MLO Jan->Dec annual growth rates 1964-1973 (co2_gr_mlo.txt, file created 2026-09-05), rounded half-up to 2 decimals"
co2-trend-10yr-mlo-jan-dec,1974,1.11,ppm/yr,https://gml.noaa.gov/webdata/ccgg/trends/co2/co2_gr_mlo.txt,1975-01-10,rule,2026-09-28,collectors/climate.py@2026-09-28,collector,"Derived by the collector: mean of the NOAA MLO Jan->Dec annual growth rates 1965-1974 (co2_gr_mlo.txt, file created 2026-09-05), rounded half-up to 2 decimals"
co2-trend-10yr-mlo-jan-dec,1975,1.12,ppm/yr,https://gml.noaa.gov/webdata/ccgg/trends/co2/co2_gr_mlo.txt,1976-01-10,rule,2026-09-28,collectors/climate.py@2026-09-28,collector,"Derived by the collector: mean of the NOAA MLO Jan->Dec annual growth rates 1966-1975 (co2_gr_mlo.txt, file created 2026-09-05), rounded half-up to 2 decimals"
co2-trend-10yr-mlo-jan-dec,1976,1.07,ppm/yr,https://gml.noaa.gov/webdata/ccgg/trends/co2/co2_gr_mlo.txt,1977-01-10,rule,2026-09-28,collectors/climate.py@2026-09-28,collector,"Derived by the collector: mean of the NOAA MLO Jan->Dec annual growth rates 1967-1976 (co2_gr_mlo.txt, file created 2026-09-05), rounded half-up to 2 decimals"
co2-trend-10yr-mlo-jan-dec,1977,1.21,ppm/yr,https://gml.noaa.gov/webdata/ccgg/trends/co2/co2_gr_mlo.txt,1978-01-10,rule,2026-09-28,collectors/climate.py@2026-09-28,collector,"Derived by the collector: mean of the NOAA MLO Jan->Dec annual growth rates 1968-1977 (co2_gr_mlo.txt, file created 2026-09-05), rounded half-up to 2 decimals"
co2-trend-10yr-mlo-jan-dec,1978,1.24,ppm/yr,https://gml.noaa.gov/webdata/ccgg/trends/co2/co2_gr_mlo.txt,1979-01-10,rule,2026-09-28,collectors/climate.py@2026-09-28,collector,"Derived by the collector: mean of the NOAA MLO Jan->Dec annual growth rates 1969-1978 (co2_gr_mlo.txt, file created 2026-09-05), rounded half-up to 2 decimals"
co2-trend-10yr-mlo-jan-dec,1979,1.28,ppm/yr,https://gml.noaa.gov/webdata/ccgg/trends/co2/co2_gr_mlo.txt,1980-01-10,rule,2026-09-28,collectors/climate.py@2026-09-28,collector,"Derived by the collector: mean of the NOAA MLO Jan->Dec annual growth rates 1970-1979 (co2_gr_mlo.txt, file created 2026-09-05), rounded half-up to 2 decimals"
co2-trend-10yr-mlo-jan-dec,1980,1.35,ppm/yr,https://gml.noaa.gov/webdata/ccgg/trends/co2/co2_gr_mlo.txt,1981-01-10,rule,2026-09-28,collectors/climate.py@2026-09-28,collector,"Derived by the collector: mean of the NOAA MLO Jan->Dec annual growth rates 1971-1980 (co2_gr_mlo.txt, file created 2026-09-05), rounded half-up to 2 decimals"
co2-trend-10yr-mlo-jan-dec,1981,1.42,ppm/yr,https://gml.noaa.gov/webdata/ccgg/trends/co2/co2_gr_mlo.txt,1982-01-10,rule,2026-09-28,collectors/climate.py@2026-09-28,collector,"Derived by the collector: mean of the NOAA MLO Jan->Dec annual growth rates 1972-1981 (co2_gr_mlo.txt, file created 2026-09-05), rounded half-up to 2 decimals"
co2-trend-10yr-mlo-jan-dec,1982,1.33,ppm/yr,https://gml.noaa.gov/webdata/ccgg/trends/co2/co2_gr_mlo.txt,1983-01-10,rule,2026-09-28,collectors/climate.py@2026-09-28,collector,"Derived by the collector: mean of the NOAA MLO Jan->Dec annual growth rates 1973-1982 (co2_gr_mlo.txt, file created 2026-09-05), rounded half-up to 2 decimals"
co2-trend-10yr-mlo-jan-dec,1983,1.45,ppm/yr,https://gml.noaa.gov/webdata/ccgg/trends/co2/co2_gr_mlo.txt,1984-01-10,rule,2026-09-28,collectors/climate.py@2026-09-28,collector,"Derived by the collector: mean of the NOAA MLO Jan->Dec annual growth rates 1974-1983 (co2_gr_mlo.txt, file created 2026-09-05), rounded half-up to 2 decimals"
co2-trend-10yr-mlo-jan-dec,1984,1.50,ppm/yr,https://gml.noaa.gov/webdata/ccgg/trends/co2/co2_gr_mlo.txt,1985-01-10,rule,2026-09-28,collectors/climate.py@2026-09-28,collector,"Derived by the collector: mean of the NOAA MLO Jan->Dec annual growth rates 1975-1984 (co2_gr_mlo.txt, file created 2026-09-05), rounded half-up to 2 decimals"
co2-trend-10yr-mlo-jan-dec,1985,1.51,ppm/yr,https://gml.noaa.gov/webdata/ccgg/trends/co2/co2_gr_mlo.txt,1986-01-10,rule,2026-09-28,collectors/climate.py@2026-09-28,collector,"Derived by the collector: mean of the NOAA MLO Jan->Dec annual growth rates 1976-1985 (co2_gr_mlo.txt, file created 2026-09-05), rounded half-up to 2 decimals"
co2-trend-10yr-mlo-jan-dec,1986,1.58,ppm/yr,https://gml.noaa.gov/webdata/ccgg/trends/co2/co2_gr_mlo.txt,1987-01-10,rule,2026-09-28,collectors/climate.py@2026-09-28,collector,"Derived by the collector: mean of the NOAA MLO Jan->Dec annual growth rates 1977-1986 (co2_gr_mlo.txt, file created 2026-09-05), rounded half-up to 2 decimals"
co2-trend-10yr-mlo-jan-dec,1987,1.57,ppm/yr,https://gml.noaa.gov/webdata/ccgg/trends/co2/co2_gr_mlo.txt,1988-01-10,rule,2026-09-28,collectors/climate.py@2026-09-28,collector,"Derived by the collector: mean of the NOAA MLO Jan->Dec annual growth rates 1978-1987 (co2_gr_mlo.txt, file created 2026-09-05), rounded half-up to 2 decimals"
co2-trend-10yr-mlo-jan-dec,1988,1.67,ppm/yr,https://gml.noaa.gov/webdata/ccgg/trends/co2/co2_gr_mlo.txt,1989-01-10,rule,2026-09-28,collectors/climate.py@2026-09-28,collector,"Derived by the collector: mean of the NOAA MLO Jan->Dec annual growth rates 1979-1988 (co2_gr_mlo.txt, file created 2026-09-05), rounded half-up to 2 decimals"
co2-trend-10yr-mlo-jan-dec,1989,1.61,ppm/yr,https://gml.noaa.gov/webdata/ccgg/trends/co2/co2_gr_mlo.txt,1990-01-10,rule,2026-09-28,collectors/climate.py@2026-09-28,collector,"Derived by the collector: mean of the NOAA MLO Jan->Dec annual growth rates 1980-1989 (co2_gr_mlo.txt, file created 2026-09-05), rounded half-up to 2 decimals"
co2-trend-10yr-mlo-jan-dec,1990,1.56,ppm/yr,https://gml.noaa.gov/webdata/ccgg/trends/co2/co2_gr_mlo.txt,1991-01-10,rule,2026-09-28,collectors/climate.py@2026-09-28,collector,"Derived by the collector: mean of the NOAA MLO Jan->Dec annual growth rates 1981-1990 (co2_gr_mlo.txt, file created 2026-09-05), rounded half-up to 2 decimals"
co2-trend-10yr-mlo-jan-dec,1991,1.52,ppm/yr,https://gml.noaa.gov/webdata/ccgg/trends/co2/co2_gr_mlo.txt,1992-01-10,rule,2026-09-28,collectors/climate.py@2026-09-28,collector,"Derived by the collector: mean of the NOAA MLO Jan->Dec annual growth rates 1982-1991 (co2_gr_mlo.txt, file created 2026-09-05), rounded half-up to 2 decimals"
co2-trend-10yr-mlo-jan-dec,1992,1.48,ppm/yr,https://gml.noaa.gov/webdata/ccgg/trends/co2/co2_gr_mlo.txt,1993-01-10,rule,2026-09-28,collectors/climate.py@2026-09-28,collector,"Derived by the collector: mean of the NOAA MLO Jan->Dec annual growth rates 1983-1992 (co2_gr_mlo.txt, file created 2026-09-05), rounded half-up to 2 decimals"
co2-trend-10yr-mlo-jan-dec,1993,1.38,ppm/yr,https://gml.noaa.gov/webdata/ccgg/trends/co2/co2_gr_mlo.txt,1994-01-10,rule,2026-09-28,collectors/climate.py@2026-09-28,collector,"Derived by the collector: mean of the NOAA MLO Jan->Dec annual growth rates 1984-1993 (co2_gr_mlo.txt, file created 2026-09-05), rounded half-up to 2 decimals"
co2-trend-10yr-mlo-jan-dec,1994,1.43,ppm/yr,https://gml.noaa.gov/webdata/ccgg/trends/co2/co2_gr_mlo.txt,1995-01-10,rule,2026-09-28,collectors/climate.py@2026-09-28,collector,"Derived by the collector: mean of the NOAA MLO Jan->Dec annual growth rates 1985-1994 (co2_gr_mlo.txt, file created 2026-09-05), rounded half-up to 2 decimals"
co2-trend-10yr-mlo-jan-dec,1995,1.51,ppm/yr,https://gml.noaa.gov/webdata/ccgg/trends/co2/co2_gr_mlo.txt,1996-01-10,rule,2026-09-28,collectors/climate.py@2026-09-28,collector,"Derived by the collector: mean of the NOAA MLO Jan->Dec annual growth rates 1986-1995 (co2_gr_mlo.txt, file created 2026-09-05), rounded half-up to 2 decimals"
co2-trend-10yr-mlo-jan-dec,1996,1.49,ppm/yr,https://gml.noaa.gov/webdata/ccgg/trends/co2/co2_gr_mlo.txt,1997-01-10,rule,2026-09-28,collectors/climate.py@2026-09-28,collector,"Derived by the collector: mean of the NOAA MLO Jan->Dec annual growth rates 1987-1996 (co2_gr_mlo.txt, file created 2026-09-05), rounded half-up to 2 decimals"
co2-trend-10yr-mlo-jan-dec,1997,1.47,ppm/yr,https://gml.noaa.gov/webdata/ccgg/trends/co2/co2_gr_mlo.txt,1998-01-10,rule,2026-09-28,collectors/climate.py@2026-09-28,collector,"Derived by the collector: mean of the NOAA MLO Jan->Dec annual growth rates 1988-1997 (co2_gr_mlo.txt, file created 2026-09-05), rounded half-up to 2 decimals"
co2-trend-10yr-mlo-jan-dec,1998,1.54,ppm/yr,https://gml.noaa.gov/webdata/ccgg/trends/co2/co2_gr_mlo.txt,1999-01-10,rule,2026-09-28,collectors/climate.py@2026-09-28,collector,"Derived by the collector: mean of the NOAA MLO Jan->Dec annual growth rates 1989-1998 (co2_gr_mlo.txt, file created 2026-09-05), rounded half-up to 2 decimals"
co2-trend-10yr-mlo-jan-dec,1999,1.51,ppm/yr,https://gml.noaa.gov/webdata/ccgg/trends/co2/co2_gr_mlo.txt,2000-01-10,rule,2026-09-28,collectors/climate.py@2026-09-28,collector,"Derived by the collector: mean of the NOAA MLO Jan->Dec annual growth rates 1990-1999 (co2_gr_mlo.txt, file created 2026-09-05), rounded half-up to 2 decimals"
co2-trend-10yr-mlo-jan-dec,2000,1.55,ppm/yr,https://gml.noaa.gov/webdata/ccgg/trends/co2/co2_gr_mlo.txt,2001-01-10,rule,2026-09-28,collectors/climate.py@2026-09-28,collector,"Derived by the collector: mean of the NOAA MLO Jan->Dec annual growth rates 1991-2000 (co2_gr_mlo.txt, file created 2026-09-05), rounded half-up to 2 decimals"
co2-trend-10yr-mlo-jan-dec,2001,1.61,ppm/yr,https://gml.noaa.gov/webdata/ccgg/trends/co2/co2_gr_mlo.txt,2002-01-10,rule,2026-09-28,collectors/climate.py@2026-09-28,collector,"Derived by the collector: mean of the NOAA MLO Jan->Dec annual growth rates 1992-2001 (co2_gr_mlo.txt, file created 2026-09-05), rounded half-up to 2 decimals"
co2-trend-10yr-mlo-jan-dec,2002,1.81,ppm/yr,https://gml.noaa.gov/webdata/ccgg/trends/co2/co2_gr_mlo.txt,2003-01-10,rule,2026-09-28,collectors/climate.py@2026-09-28,collector,"Derived by the collector: mean of the NOAA MLO Jan->Dec annual growth rates 1993-2002 (co2_gr_mlo.txt, file created 2026-09-05), rounded half-up to 2 decimals"
co2-trend-10yr-mlo-jan-dec,2003,1.90,ppm/yr,https://gml.noaa.gov/webdata/ccgg/trends/co2/co2_gr_mlo.txt,2004-01-10,rule,2026-09-28,collectors/climate.py@2026-09-28,collector,"Derived by the collector: mean of the NOAA MLO Jan->Dec annual growth rates 1994-2003 (co2_gr_mlo.txt, file created 2026-09-05), rounded half-up to 2 decimals"
co2-trend-10yr-mlo-jan-dec,2004,1.87,ppm/yr,https://gml.noaa.gov/webdata/ccgg/trends/co2/co2_gr_mlo.txt,2005-01-10,rule,2026-09-28,collectors/climate.py@2026-09-28,collector,"Derived by the collector: mean of the NOAA MLO Jan->Dec annual growth rates 1995-2004 (co2_gr_mlo.txt, file created 2026-09-05), rounded half-up to 2 decimals"
co2-trend-10yr-mlo-jan-dec,2005,1.92,ppm/yr,https://gml.noaa.gov/webdata/ccgg/trends/co2/co2_gr_mlo.txt,2006-01-10,rule,2026-09-28,collectors/climate.py@2026-09-28,collector,"Derived by the collector: mean of the NOAA MLO Jan->Dec annual growth rates 1996-2005 (co2_gr_mlo.txt, file created 2026-09-05), rounded half-up to 2 decimals"
co2-trend-10yr-mlo-jan-dec,2006,1.97,ppm/yr,https://gml.noaa.gov/webdata/ccgg/trends/co2/co2_gr_mlo.txt,2007-01-10,rule,2026-09-28,collectors/climate.py@2026-09-28,collector,"Derived by the collector: mean of the NOAA MLO Jan->Dec annual growth rates 1997-2006 (co2_gr_mlo.txt, file created 2026-09-05), rounded half-up to 2 decimals"
co2-trend-10yr-mlo-jan-dec,2007,2.01,ppm/yr,https://gml.noaa.gov/webdata/ccgg/trends/co2/co2_gr_mlo.txt,2008-01-10,rule,2026-09-28,collectors/climate.py@2026-09-28,collector,"Derived by the collector: mean of the NOAA MLO Jan->Dec annual growth rates 1998-2007 (co2_gr_mlo.txt, file created 2026-09-05), rounded half-up to 2 decimals"
co2-trend-10yr-mlo-jan-dec,2008,1.86,ppm/yr,https://gml.noaa.gov/webdata/ccgg/trends/co2/co2_gr_mlo.txt,2009-01-10,rule,2026-09-28,collectors/climate.py@2026-09-28,collector,"Derived by the collector: mean of the NOAA MLO Jan->Dec annual growth rates 1999-2008 (co2_gr_mlo.txt, file created 2026-09-05), rounded half-up to 2 decimals"
co2-trend-10yr-mlo-jan-dec,2009,1.97,ppm/yr,https://gml.noaa.gov/webdata/ccgg/trends/co2/co2_gr_mlo.txt,2010-01-10,rule,2026-09-28,collectors/climate.py@2026-09-28,collector,"Derived by the collector: mean of the NOAA MLO Jan->Dec annual growth rates 2000-2009 (co2_gr_mlo.txt, file created 2026-09-05), rounded half-up to 2 decimals"
co2-trend-10yr-mlo-jan-dec,2010,2.04,ppm/yr,https://gml.noaa.gov/webdata/ccgg/trends/co2/co2_gr_mlo.txt,2011-01-10,rule,2026-09-28,collectors/climate.py@2026-09-28,collector,"Derived by the collector: mean of the NOAA MLO Jan->Dec annual growth rates 2001-2010 (co2_gr_mlo.txt, file created 2026-09-05), rounded half-up to 2 decimals"
co2-trend-10yr-mlo-jan-dec,2011,2.07,ppm/yr,https://gml.noaa.gov/webdata/ccgg/trends/co2/co2_gr_mlo.txt,2012-01-10,rule,2026-09-28,collectors/climate.py@2026-09-28,collector,"Derived by the collector: mean of the NOAA MLO Jan->Dec annual growth rates 2002-2011 (co2_gr_mlo.txt, file created 2026-09-05), rounded half-up to 2 decimals"
co2-trend-10yr-mlo-jan-dec,2012,2.08,ppm/yr,https://gml.noaa.gov/webdata/ccgg/trends/co2/co2_gr_mlo.txt,2013-01-10,rule,2026-09-28,collectors/climate.py@2026-09-28,collector,"Derived by the collector: mean of the NOAA MLO Jan->Dec annual growth rates 2003-2012 (co2_gr_mlo.txt, file created 2026-09-05), rounded half-up to 2 decimals"
co2-trend-10yr-mlo-jan-dec,2013,2.06,ppm/yr,https://gml.noaa.gov/webdata/ccgg/trends/co2/co2_gr_mlo.txt,2014-01-10,rule,2026-09-28,collectors/climate.py@2026-09-28,collector,"Derived by the collector: mean of the NOAA MLO Jan->Dec annual growth rates 2004-2013 (co2_gr_mlo.txt, file created 2026-09-05), rounded half-up to 2 decimals"
co2-trend-10yr-mlo-jan-dec,2014,2.11,ppm/yr,https://gml.noaa.gov/webdata/ccgg/trends/co2/co2_gr_mlo.txt,2015-01-10,rule,2026-09-28,collectors/climate.py@2026-09-28,collector,"Derived by the collector: mean of the NOAA MLO Jan->Dec annual growth rates 2005-2014 (co2_gr_mlo.txt, file created 2026-09-05), rounded half-up to 2 decimals"
co2-trend-10yr-mlo-jan-dec,2015,2.15,ppm/yr,https://gml.noaa.gov/webdata/ccgg/trends/co2/co2_gr_mlo.txt,2016-01-10,rule,2026-09-28,collectors/climate.py@2026-09-28,collector,"Derived by the collector: mean of the NOAA MLO Jan->Dec annual growth rates 2006-2015 (co2_gr_mlo.txt, file created 2026-09-05), rounded half-up to 2 decimals"
co2-trend-10yr-mlo-jan-dec,2016,2.29,ppm/yr,https://gml.noaa.gov/webdata/ccgg/trends/co2/co2_gr_mlo.txt,2017-01-10,rule,2026-09-28,collectors/climate.py@2026-09-28,collector,"Derived by the collector: mean of the NOAA MLO Jan->Dec annual growth rates 2007-2016 (co2_gr_mlo.txt, file created 2026-09-05), rounded half-up to 2 decimals"
co2-trend-10yr-mlo-jan-dec,2017,2.25,ppm/yr,https://gml.noaa.gov/webdata/ccgg/trends/co2/co2_gr_mlo.txt,2018-01-10,rule,2026-09-28,collectors/climate.py@2026-09-28,collector,"Derived by the collector: mean of the NOAA MLO Jan->Dec annual growth rates 2008-2017 (co2_gr_mlo.txt, file created 2026-09-05), rounded half-up to 2 decimals"
co2-trend-10yr-mlo-jan-dec,2018,2.38,ppm/yr,https://gml.noaa.gov/webdata/ccgg/trends/co2/co2_gr_mlo.txt,2019-01-10,rule,2026-09-28,collectors/climate.py@2026-09-28,collector,"Derived by the collector: mean of the NOAA MLO Jan->Dec annual growth rates 2009-2018 (co2_gr_mlo.txt, file created 2026-09-05), rounded half-up to 2 decimals"
co2-trend-10yr-mlo-jan-dec,2019,2.43,ppm/yr,https://gml.noaa.gov/webdata/ccgg/trends/co2/co2_gr_mlo.txt,2020-01-10,rule,2026-09-28,collectors/climate.py@2026-09-28,collector,"Derived by the collector: mean of the NOAA MLO Jan->Dec annual growth rates 2010-2019 (co2_gr_mlo.txt, file created 2026-09-05), rounded half-up to 2 decimals"
co2-trend-5yr-mlo-jan-dec,1963,0.75,ppm/yr,https://gml.noaa.gov/webdata/ccgg/trends/co2/co2_gr_mlo.txt,1964-01-10,rule,2026-09-28,collectors/climate.py@2026-09-28,collector,"Derived by the collector: mean of the NOAA MLO Jan->Dec annual growth rates 1959-1963 (co2_gr_mlo.txt, file created 2026-09-05), rounded half-up to 2 decimals"
co2-trend-5yr-mlo-jan-dec,1964,0.63,ppm/yr,https://gml.noaa.gov/webdata/ccgg/trends/co2/co2_gr_mlo.txt,1965-01-10,rule,2026-09-28,collectors/climate.py@2026-09-28,collector,"Derived by the collector: mean of the NOAA MLO Jan->Dec annual growth rates 1960-1964 (co2_gr_mlo.txt, file created 2026-09-05), rounded half-up to 2 decimals"
co2-trend-5yr-mlo-jan-dec,1965,0.74,ppm/yr,https://gml.noaa.gov/webdata/ccgg/trends/co2/co2_gr_mlo.txt,1966-01-10,rule,2026-09-28,collectors/climate.py@2026-09-28,collector,"Derived by the collector: mean of the NOAA MLO Jan->Dec annual growth rates 1961-1965 (co2_gr_mlo.txt, file created 2026-09-05), rounded half-up to 2 decimals"
co2-trend-5yr-mlo-jan-dec,1966,0.80,ppm/yr,https://gml.noaa.gov/webdata/ccgg/trends/co2/co2_gr_mlo.txt,1967-01-10,rule,2026-09-28,collectors/climate.py@2026-09-28,collector,"Derived by the collector: mean of the NOAA MLO Jan->Dec annual growth rates 1962-1966 (co2_gr_mlo.txt, file created 2026-09-05), rounded half-up to 2 decimals"
co2-trend-5yr-mlo-jan-dec,1967,0.81,ppm/yr,https://gml.noaa.gov/webdata/ccgg/trends/co2/co2_gr_mlo.txt,1968-01-10,rule,2026-09-28,collectors/climate.py@2026-09-28,collector,"Derived by the collector: mean of the NOAA MLO Jan->Dec annual growth rates 1963-1967 (co2_gr_mlo.txt, file created 2026-09-05), rounded half-up to 2 decimals"
co2-trend-5yr-mlo-jan-dec,1968,0.88,ppm/yr,https://gml.noaa.gov/webdata/ccgg/trends/co2/co2_gr_mlo.txt,1969-01-10,rule,2026-09-28,collectors/climate.py@2026-09-28,collector,"Derived by the collector: mean of the NOAA MLO Jan->Dec annual growth rates 1964-1968 (co2_gr_mlo.txt, file created 2026-09-05), rounded half-up to 2 decimals"
co2-trend-5yr-mlo-jan-dec,1969,1.09,ppm/yr,https://gml.noaa.gov/webdata/ccgg/trends/co2/co2_gr_mlo.txt,1970-01-10,rule,2026-09-28,collectors/climate.py@2026-09-28,collector,"Derived by the collector: mean of the NOAA MLO Jan->Dec annual growth rates 1965-1969 (co2_gr_mlo.txt, file created 2026-09-05), rounded half-up to 2 decimals"
co2-trend-5yr-mlo-jan-dec,1970,1.08,ppm/yr,https://gml.noaa.gov/webdata/ccgg/trends/co2/co2_gr_mlo.txt,1971-01-10,rule,2026-09-28,collectors/climate.py@2026-09-28,collector,"Derived by the collector: mean of the NOAA MLO Jan->Dec annual growth rates 1966-1970 (co2_gr_mlo.txt, file created 2026-09-05), rounded half-up to 2 decimals"
co2-trend-5yr-mlo-jan-dec,1971,0.98,ppm/yr,https://gml.noaa.gov/webdata/ccgg/trends/co2/co2_gr_mlo.txt,1972-01-10,rule,2026-09-28,collectors/climate.py@2026-09-28,collector,"Derived by the collector: mean of the NOAA MLO Jan->Dec annual growth rates 1967-1971 (co2_gr_mlo.txt, file created 2026-09-05), rounded half-up to 2 decimals"
co2-trend-5yr-mlo-jan-dec,1972,1.19,ppm/yr,https://gml.noaa.gov/webdata/ccgg/trends/co2/co2_gr_mlo.txt,1973-01-10,rule,2026-09-28,collectors/climate.py@2026-09-28,collector,"Derived by the collector: mean of the NOAA MLO Jan->Dec annual growth rates 1968-1972 (co2_gr_mlo.txt, file created 2026-09-05), rounded half-up to 2 decimals"
co2-trend-5yr-mlo-jan-dec,1973,1.21,ppm/yr,https://gml.noaa.gov/webdata/ccgg/trends/co2/co2_gr_mlo.txt,1974-01-10,rule,2026-09-28,collectors/climate.py@2026-09-28,collector,"Derived by the collector: mean of the NOAA MLO Jan->Dec annual growth rates 1969-1973 (co2_gr_mlo.txt, file created 2026-09-05), rounded half-up to 2 decimals"
co2-trend-5yr-mlo-jan-dec,1974,1.14,ppm/yr,https://gml.noaa.gov/webdata/ccgg/trends/co2/co2_gr_mlo.txt,1975-01-10,rule,2026-09-28,collectors/climate.py@2026-09-28,collector,"Derived by the collector: mean of the NOAA MLO Jan->Dec annual growth rates 1970-1974 (co2_gr_mlo.txt, file created 2026-09-05), rounded half-up to 2 decimals"
co2-trend-5yr-mlo-jan-dec,1975,1.15,ppm/yr,https://gml.noaa.gov/webdata/ccgg/trends/co2/co2_gr_mlo.txt,1976-01-10,rule,2026-09-28,collectors/climate.py@2026-09-28,collector,"Derived by the collector: mean of the NOAA MLO Jan->Dec annual growth rates 1971-1975 (co2_gr_mlo.txt, file created 2026-09-05), rounded half-up to 2 decimals"
co2-trend-5yr-mlo-jan-dec,1976,1.15,ppm/yr,https://gml.noaa.gov/webdata/ccgg/trends/co2/co2_gr_mlo.txt,1977-01-10,rule,2026-09-28,collectors/climate.py@2026-09-28,collector,"Derived by the collector: mean of the NOAA MLO Jan->Dec annual growth rates 1972-1976 (co2_gr_mlo.txt, file created 2026-09-05), rounded half-up to 2 decimals"
co2-trend-5yr-mlo-jan-dec,1977,1.23,ppm/yr,https://gml.noaa.gov/webdata/ccgg/trends/co2/co2_gr_mlo.txt,1978-01-10,rule,2026-09-28,collectors/climate.py@2026-09-28,collector,"Derived by the collector: mean of the NOAA MLO Jan->Dec annual growth rates 1973-1977 (co2_gr_mlo.txt, file created 2026-09-05), rounded half-up to 2 decimals"
co2-trend-5yr-mlo-jan-dec,1978,1.26,ppm/yr,https://gml.noaa.gov/webdata/ccgg/trends/co2/co2_gr_mlo.txt,1979-01-10,rule,2026-09-28,collectors/climate.py@2026-09-28,collector,"Derived by the collector: mean of the NOAA MLO Jan->Dec annual growth rates 1974-1978 (co2_gr_mlo.txt, file created 2026-09-05), rounded half-up to 2 decimals"
co2-trend-5yr-mlo-jan-dec,1979,1.43,ppm/yr,https://gml.noaa.gov/webdata/ccgg/trends/co2/co2_gr_mlo.txt,1980-01-10,rule,2026-09-28,collectors/climate.py@2026-09-28,collector,"Derived by the collector: mean of the NOAA MLO Jan->Dec annual growth rates 1975-1979 (co2_gr_mlo.txt, file created 2026-09-05), rounded half-up to 2 decimals"
co2-trend-5yr-mlo-jan-dec,1980,1.55,ppm/yr,https://gml.noaa.gov/webdata/ccgg/trends/co2/co2_gr_mlo.txt,1981-01-10,rule,2026-09-28,collectors/climate.py@2026-09-28,collector,"Derived by the collector: mean of the NOAA MLO Jan->Dec annual growth rates 1976-1980 (co2_gr_mlo.txt, file created 2026-09-05), rounded half-up to 2 decimals"
co2-trend-5yr-mlo-jan-dec,1981,1.68,ppm/yr,https://gml.noaa.gov/webdata/ccgg/trends/co2/co2_gr_mlo.txt,1982-01-10,rule,2026-09-28,collectors/climate.py@2026-09-28,collector,"Derived by the collector: mean of the NOAA MLO Jan->Dec annual growth rates 1977-1981 (co2_gr_mlo.txt, file created 2026-09-05), rounded half-up to 2 decimals"
co2-trend-5yr-mlo-jan-dec,1982,1.42,ppm/yr,https://gml.noaa.gov/webdata/ccgg/trends/co2/co2_gr_mlo.txt,1983-01-10,rule,2026-09-28,collectors/climate.py@2026-09-28,collector,"Derived by the collector: mean of the NOAA MLO Jan->Dec annual growth rates 1978-1982 (co2_gr_mlo.txt, file created 2026-09-05), rounded half-up to 2 decimals"
co2-trend-5yr-mlo-jan-dec,1983,1.63,ppm/yr,https://gml.noaa.gov/webdata/ccgg/trends/co2/co2_gr_mlo.txt,1984-01-10,rule,2026-09-28,collectors/climate.py@2026-09-28,collector,"Derived by the collector: mean of the NOAA MLO Jan->Dec annual growth rates 1979-1983 (co2_gr_mlo.txt, file created 2026-09-05), rounded half-up to 2 decimals"
co2-trend-5yr-mlo-jan-dec,1984,1.57,ppm/yr,https://gml.noaa.gov/webdata/ccgg/trends/co2/co2_gr_mlo.txt,1985-01-10,rule,2026-09-28,collectors/climate.py@2026-09-28,collector,"Derived by the collector: mean of the NOAA MLO Jan->Dec annual growth rates 1980-1984 (co2_gr_mlo.txt, file created 2026-09-05), rounded half-up to 2 decimals"
co2-trend-5yr-mlo-jan-dec,1985,1.47,ppm/yr,https://gml.noaa.gov/webdata/ccgg/trends/co2/co2_gr_mlo.txt,1986-01-10,rule,2026-09-28,collectors/climate.py@2026-09-28,collector,"Derived by the collector: mean of the NOAA MLO Jan->Dec annual growth rates 1981-1985 (co2_gr_mlo.txt, file created 2026-09-05), rounded half-up to 2 decimals"
co2-trend-5yr-mlo-jan-dec,1986,1.48,ppm/yr,https://gml.noaa.gov/webdata/ccgg/trends/co2/co2_gr_mlo.txt,1987-01-10,rule,2026-09-28,collectors/climate.py@2026-09-28,collector,"Derived by the collector: mean of the NOAA MLO Jan->Dec annual growth rates 1982-1986 (co2_gr_mlo.txt, file created 2026-09-05), rounded half-up to 2 decimals"
co2-trend-5yr-mlo-jan-dec,1987,1.72,ppm/yr,https://gml.noaa.gov/webdata/ccgg/trends/co2/co2_gr_mlo.txt,1988-01-10,rule,2026-09-28,collectors/climate.py@2026-09-28,collector,"Derived by the collector: mean of the NOAA MLO Jan->Dec annual growth rates 1983-1987 (co2_gr_mlo.txt, file created 2026-09-05), rounded half-up to 2 decimals"
co2-trend-5yr-mlo-jan-dec,1988,1.70,ppm/yr,https://gml.noaa.gov/webdata/ccgg/trends/co2/co2_gr_mlo.txt,1989-01-10,rule,2026-09-28,collectors/climate.py@2026-09-28,collector,"Derived by the collector: mean of the NOAA MLO Jan->Dec annual growth rates 1984-1988 (co2_gr_mlo.txt, file created 2026-09-05), rounded half-up to 2 decimals"
co2-trend-5yr-mlo-jan-dec,1989,1.64,ppm/yr,https://gml.noaa.gov/webdata/ccgg/trends/co2/co2_gr_mlo.txt,1990-01-10,rule,2026-09-28,collectors/climate.py@2026-09-28,collector,"Derived by the collector: mean of the NOAA MLO Jan->Dec annual growth rates 1985-1989 (co2_gr_mlo.txt, file created 2026-09-05), rounded half-up to 2 decimals"
co2-trend-5yr-mlo-jan-dec,1990,1.64,ppm/yr,https://gml.noaa.gov/webdata/ccgg/trends/co2/co2_gr_mlo.txt,1991-01-10,rule,2026-09-28,collectors/climate.py@2026-09-28,collector,"Derived by the collector: mean of the NOAA MLO Jan->Dec annual growth rates 1986-1990 (co2_gr_mlo.txt, file created 2026-09-05), rounded half-up to 2 decimals"
co2-trend-5yr-mlo-jan-dec,1991,1.56,ppm/yr,https://gml.noaa.gov/webdata/ccgg/trends/co2/co2_gr_mlo.txt,1992-01-10,rule,2026-09-28,collectors/climate.py@2026-09-28,collector,"Derived by the collector: mean of the NOAA MLO Jan->Dec annual growth rates 1987-1991 (co2_gr_mlo.txt, file created 2026-09-05), rounded half-up to 2 decimals"
co2-trend-5yr-mlo-jan-dec,1992,1.24,ppm/yr,https://gml.noaa.gov/webdata/ccgg/trends/co2/co2_gr_mlo.txt,1993-01-10,rule,2026-09-28,collectors/climate.py@2026-09-28,collector,"Derived by the collector: mean of the NOAA MLO Jan->Dec annual growth rates 1988-1992 (co2_gr_mlo.txt, file created 2026-09-05), rounded half-up to 2 decimals"
co2-trend-5yr-mlo-jan-dec,1993,1.07,ppm/yr,https://gml.noaa.gov/webdata/ccgg/trends/co2/co2_gr_mlo.txt,1994-01-10,rule,2026-09-28,collectors/climate.py@2026-09-28,collector,"Derived by the collector: mean of the NOAA MLO Jan->Dec annual growth rates 1989-1993 (co2_gr_mlo.txt, file created 2026-09-05), rounded half-up to 2 decimals"
co2-trend-5yr-mlo-jan-dec,1994,1.21,ppm/yr,https://gml.noaa.gov/webdata/ccgg/trends/co2/co2_gr_mlo.txt,1995-01-10,rule,2026-09-28,collectors/climate.py@2026-09-28,collector,"Derived by the collector: mean of the NOAA MLO Jan->Dec annual growth rates 1990-1994 (co2_gr_mlo.txt, file created 2026-09-05), rounded half-up to 2 decimals"
co2-trend-5yr-mlo-jan-dec,1995,1.37,ppm/yr,https://gml.noaa.gov/webdata/ccgg/trends/co2/co2_gr_mlo.txt,1996-01-10,rule,2026-09-28,collectors/climate.py@2026-09-28,collector,"Derived by the collector: mean of the NOAA MLO Jan->Dec annual growth rates 1991-1995 (co2_gr_mlo.txt, file created 2026-09-05), rounded half-up to 2 decimals"
co2-trend-5yr-mlo-jan-dec,1996,1.41,ppm/yr,https://gml.noaa.gov/webdata/ccgg/trends/co2/co2_gr_mlo.txt,1997-01-10,rule,2026-09-28,collectors/climate.py@2026-09-28,collector,"Derived by the collector: mean of the NOAA MLO Jan->Dec annual growth rates 1992-1996 (co2_gr_mlo.txt, file created 2026-09-05), rounded half-up to 2 decimals"
co2-trend-5yr-mlo-jan-dec,1997,1.70,ppm/yr,https://gml.noaa.gov/webdata/ccgg/trends/co2/co2_gr_mlo.txt,1998-01-10,rule,2026-09-28,collectors/climate.py@2026-09-28,collector,"Derived by the collector: mean of the NOAA MLO Jan->Dec annual growth rates 1993-1997 (co2_gr_mlo.txt, file created 2026-09-05), rounded half-up to 2 decimals"
co2-trend-5yr-mlo-jan-dec,1998,2.02,ppm/yr,https://gml.noaa.gov/webdata/ccgg/trends/co2/co2_gr_mlo.txt,1999-01-10,rule,2026-09-28,collectors/climate.py@2026-09-28,collector,"Derived by the collector: mean of the NOAA MLO Jan->Dec annual growth rates 1994-1998 (co2_gr_mlo.txt, file created 2026-09-05), rounded half-up to 2 decimals"
co2-trend-5yr-mlo-jan-dec,1999,1.81,ppm/yr,https://gml.noaa.gov/webdata/ccgg/trends/co2/co2_gr_mlo.txt,2000-01-10,rule,2026-09-28,collectors/climate.py@2026-09-28,collector,"Derived by the collector: mean of the NOAA MLO Jan->Dec annual growth rates 1995-1999 (co2_gr_mlo.txt, file created 2026-09-05), rounded half-up to 2 decimals"
co2-trend-5yr-mlo-jan-dec,2000,1.73,ppm/yr,https://gml.noaa.gov/webdata/ccgg/trends/co2/co2_gr_mlo.txt,2001-01-10,rule,2026-09-28,collectors/climate.py@2026-09-28,collector,"Derived by the collector: mean of the NOAA MLO Jan->Dec annual growth rates 1996-2000 (co2_gr_mlo.txt, file created 2026-09-05), rounded half-up to 2 decimals"
co2-trend-5yr-mlo-jan-dec,2001,1.81,ppm/yr,https://gml.noaa.gov/webdata/ccgg/trends/co2/co2_gr_mlo.txt,2002-01-10,rule,2026-09-28,collectors/climate.py@2026-09-28,collector,"Derived by the collector: mean of the NOAA MLO Jan->Dec annual growth rates 1997-2001 (co2_gr_mlo.txt, file created 2026-09-05), rounded half-up to 2 decimals"
co2-trend-5yr-mlo-jan-dec,2002,1.93,ppm/yr,https://gml.noaa.gov/webdata/ccgg/trends/co2/co2_gr_mlo.txt,2003-01-10,rule,2026-09-28,collectors/climate.py@2026-09-28,collector,"Derived by the collector: mean of the NOAA MLO Jan->Dec annual growth rates 1998-2002 (co2_gr_mlo.txt, file created 2026-09-05), rounded half-up to 2 decimals"
co2-trend-5yr-mlo-jan-dec,2003,1.79,ppm/yr,https://gml.noaa.gov/webdata/ccgg/trends/co2/co2_gr_mlo.txt,2004-01-10,rule,2026-09-28,collectors/climate.py@2026-09-28,collector,"Derived by the collector: mean of the NOAA MLO Jan->Dec annual growth rates 1999-2003 (co2_gr_mlo.txt, file created 2026-09-05), rounded half-up to 2 decimals"
co2-trend-5yr-mlo-jan-dec,2004,1.92,ppm/yr,https://gml.noaa.gov/webdata/ccgg/trends/co2/co2_gr_mlo.txt,2005-01-10,rule,2026-09-28,collectors/climate.py@2026-09-28,collector,"Derived by the collector: mean of the NOAA MLO Jan->Dec annual growth rates 2000-2004 (co2_gr_mlo.txt, file created 2026-09-05), rounded half-up to 2 decimals"
co2-trend-5yr-mlo-jan-dec,2005,2.11,ppm/yr,https://gml.noaa.gov/webdata/ccgg/trends/co2/co2_gr_mlo.txt,2006-01-10,rule,2026-09-28,collectors/climate.py@2026-09-28,collector,"Derived by the collector: mean of the NOAA MLO Jan->Dec annual growth rates 2001-2005 (co2_gr_mlo.txt, file created 2026-09-05), rounded half-up to 2 decimals"
co2-trend-5yr-mlo-jan-dec,2006,2.12,ppm/yr,https://gml.noaa.gov/webdata/ccgg/trends/co2/co2_gr_mlo.txt,2007-01-10,rule,2026-09-28,collectors/climate.py@2026-09-28,collector,"Derived by the collector: mean of the NOAA MLO Jan->Dec annual growth rates 2002-2006 (co2_gr_mlo.txt, file created 2026-09-05), rounded half-up to 2 decimals"
co2-trend-5yr-mlo-jan-dec,2007,2.08,ppm/yr,https://gml.noaa.gov/webdata/ccgg/trends/co2/co2_gr_mlo.txt,2008-01-10,rule,2026-09-28,collectors/climate.py@2026-09-28,collector,"Derived by the collector: mean of the NOAA MLO Jan->Dec annual growth rates 2003-2007 (co2_gr_mlo.txt, file created 2026-09-05), rounded half-up to 2 decimals"
co2-trend-5yr-mlo-jan-dec,2008,1.94,ppm/yr,https://gml.noaa.gov/webdata/ccgg/trends/co2/co2_gr_mlo.txt,2009-01-10,rule,2026-09-28,collectors/climate.py@2026-09-28,collector,"Derived by the collector: mean of the NOAA MLO Jan->Dec annual growth rates 2004-2008 (co2_gr_mlo.txt, file created 2026-09-05), rounded half-up to 2 decimals"
co2-trend-5yr-mlo-jan-dec,2009,2.02,ppm/yr,https://gml.noaa.gov/webdata/ccgg/trends/co2/co2_gr_mlo.txt,2010-01-10,rule,2026-09-28,collectors/climate.py@2026-09-28,collector,"Derived by the collector: mean of the NOAA MLO Jan->Dec annual growth rates 2005-2009 (co2_gr_mlo.txt, file created 2026-09-05), rounded half-up to 2 decimals"
co2-trend-5yr-mlo-jan-dec,2010,1.97,ppm/yr,https://gml.noaa.gov/webdata/ccgg/trends/co2/co2_gr_mlo.txt,2011-01-10,rule,2026-09-28,collectors/climate.py@2026-09-28,collector,"Derived by the collector: mean of the NOAA MLO Jan->Dec annual growth rates 2006-2010 (co2_gr_mlo.txt, file created 2026-09-05), rounded half-up to 2 decimals"
co2-trend-5yr-mlo-jan-dec,2011,2.01,ppm/yr,https://gml.noaa.gov/webdata/ccgg/trends/co2/co2_gr_mlo.txt,2012-01-10,rule,2026-09-28,collectors/climate.py@2026-09-28,collector,"Derived by the collector: mean of the NOAA MLO Jan->Dec annual growth rates 2007-2011 (co2_gr_mlo.txt, file created 2026-09-05), rounded half-up to 2 decimals"
co2-trend-5yr-mlo-jan-dec,2012,2.08,ppm/yr,https://gml.noaa.gov/webdata/ccgg/trends/co2/co2_gr_mlo.txt,2013-01-10,rule,2026-09-28,collectors/climate.py@2026-09-28,collector,"Derived by the collector: mean of the NOAA MLO Jan->Dec annual growth rates 2008-2012 (co2_gr_mlo.txt, file created 2026-09-05), rounded half-up to 2 decimals"
co2-trend-5yr-mlo-jan-dec,2013,2.17,ppm/yr,https://gml.noaa.gov/webdata/ccgg/trends/co2/co2_gr_mlo.txt,2014-01-10,rule,2026-09-28,collectors/climate.py@2026-09-28,collector,"Derived by the collector: mean of the NOAA MLO Jan->Dec annual growth rates 2009-2013 (co2_gr_mlo.txt, file created 2026-09-05), rounded half-up to 2 decimals"
co2-trend-5yr-mlo-jan-dec,2014,2.21,ppm/yr,https://gml.noaa.gov/webdata/ccgg/trends/co2/co2_gr_mlo.txt,2015-01-10,rule,2026-09-28,collectors/climate.py@2026-09-28,collector,"Derived by the collector: mean of the NOAA MLO Jan->Dec annual growth rates 2010-2014 (co2_gr_mlo.txt, file created 2026-09-05), rounded half-up to 2 decimals"
co2-trend-5yr-mlo-jan-dec,2015,2.34,ppm/yr,https://gml.noaa.gov/webdata/ccgg/trends/co2/co2_gr_mlo.txt,2016-01-10,rule,2026-09-28,collectors/climate.py@2026-09-28,collector,"Derived by the collector: mean of the NOAA MLO Jan->Dec annual growth rates 2011-2015 (co2_gr_mlo.txt, file created 2026-09-05), rounded half-up to 2 decimals"
co2-trend-5yr-mlo-jan-dec,2016,2.56,ppm/yr,https://gml.noaa.gov/webdata/ccgg/trends/co2/co2_gr_mlo.txt,2017-01-10,rule,2026-09-28,collectors/climate.py@2026-09-28,collector,"Derived by the collector: mean of the NOAA MLO Jan->Dec annual growth rates 2012-2016 (co2_gr_mlo.txt, file created 2026-09-05), rounded half-up to 2 decimals"
co2-trend-5yr-mlo-jan-dec,2017,2.41,ppm/yr,https://gml.noaa.gov/webdata/ccgg/trends/co2/co2_gr_mlo.txt,2018-01-10,rule,2026-09-28,collectors/climate.py@2026-09-28,collector,"Derived by the collector: mean of the NOAA MLO Jan->Dec annual growth rates 2013-2017 (co2_gr_mlo.txt, file created 2026-09-05), rounded half-up to 2 decimals"
co2-trend-5yr-mlo-jan-dec,2018,2.58,ppm/yr,https://gml.noaa.gov/webdata/ccgg/trends/co2/co2_gr_mlo.txt,2019-01-10,rule,2026-09-28,collectors/climate.py@2026-09-28,collector,"Derived by the collector: mean of the NOAA MLO Jan->Dec annual growth rates 2014-2018 (co2_gr_mlo.txt, file created 2026-09-05), rounded half-up to 2 decimals"
co2-trend-5yr-mlo-jan-dec,2019,2.64,ppm/yr,https://gml.noaa.gov/webdata/ccgg/trends/co2/co2_gr_mlo.txt,2020-01-10,rule,2026-09-28,collectors/climate.py@2026-09-28,collector,"Derived by the collector: mean of the NOAA MLO Jan->Dec annual growth rates 2015-2019 (co2_gr_mlo.txt, file created 2026-09-05), rounded half-up to 2 decimals"
co2-trend-5yr-mlo-jan-dec,2021,2.38,ppm/yr,https://gml.noaa.gov/webdata/ccgg/trends/co2/co2_gr_mlo.txt,2022-01-10,rule,2026-09-28,collectors/climate.py@2026-09-28,collector,"Derived by the collector: mean of the NOAA MLO Jan->Dec annual growth rates 2017-2021 (co2_gr_mlo.txt, file created 2026-09-05), rounded half-up to 2 decimals"
co2-trend-5yr-mlo-jan-dec,2022,2.37,ppm/yr,https://gml.noaa.gov/webdata/ccgg/trends/co2/co2_gr_mlo.txt,2023-01-10,rule,2026-09-28,collectors/climate.py@2026-09-28,collector,"Derived by the collector: mean of the NOAA MLO Jan->Dec annual growth rates 2018-2022 (co2_gr_mlo.txt, file created 2026-09-05), rounded half-up to 2 decimals"
co2-trend-5yr-mlo-jan-dec,2023,2.46,ppm/yr,https://gml.noaa.gov/webdata/ccgg/trends/co2/co2_gr_mlo.txt,2024-01-10,rule,2026-09-28,collectors/climate.py@2026-09-28,collector,"Derived by the collector: mean of the NOAA MLO Jan->Dec annual growth rates 2019-2023 (co2_gr_mlo.txt, file created 2026-09-05), rounded half-up to 2 decimals"
co2-trend-5yr-mlo-jan-dec,2024,2.63,ppm/yr,https://gml.noaa.gov/webdata/ccgg/trends/co2/co2_gr_mlo.txt,2025-01-10,rule,2026-09-28,collectors/climate.py@2026-09-28,collector,"Derived by the collector: mean of the NOAA MLO Jan->Dec annual growth rates 2020-2024 (co2_gr_mlo.txt, file created 2026-09-05), rounded half-up to 2 decimals"
co2-trend-10yr-global-jan-dec,1968,0.79,ppm/yr,https://gml.noaa.gov/webdata/ccgg/trends/co2/co2_gr_gl.txt,1969-01-10,rule,2026-09-28,collectors/climate.py@2026-09-28,collector,"Derived by the collector: mean of the NOAA global marine-surface Jan->Dec annual growth rates 1959-1968 (co2_gr_gl.txt, file created 2026-09-05), rounded half-up to 2 decimals"
co2-trend-10yr-global-jan-dec,1969,0.82,ppm/yr,https://gml.noaa.gov/webdata/ccgg/trends/co2/co2_gr_gl.txt,1970-01-10,rule,2026-09-28,collectors/climate.py@2026-09-28,collector,"Derived by the collector: mean of the NOAA global marine-surface Jan->Dec annual growth rates 1960-1969 (co2_gr_gl.txt, file created 2026-09-05), rounded half-up to 2 decimals"
co2-trend-10yr-global-jan-dec,1970,0.87,ppm/yr,https://gml.noaa.gov/webdata/ccgg/trends/co2/co2_gr_gl.txt,1971-01-10,rule,2026-09-28,collectors/climate.py@2026-09-28,collector,"Derived by the collector: mean of the NOAA global marine-surface Jan->Dec annual growth rates 1961-1970 (co2_gr_gl.txt, file created 2026-09-05), rounded half-up to 2 decimals"
co2-trend-10yr-global-jan-dec,1971,0.86,ppm/yr,https://gml.noaa.gov/webdata/ccgg/trends/co2/co2_gr_gl.txt,1972-01-10,rule,2026-09-28,collectors/climate.py@2026-09-28,collector,"Derived by the collector: mean of the NOAA global marine-surface Jan->Dec annual growth rates 1962-1971 (co2_gr_gl.txt, file created 2026-09-05), rounded half-up to 2 decimals"
co2-trend-10yr-global-jan-dec,1972,0.95,ppm/yr,https://gml.noaa.gov/webdata/ccgg/trends/co2/co2_gr_gl.txt,1973-01-10,rule,2026-09-28,collectors/climate.py@2026-09-28,collector,"Derived by the collector: mean of the NOAA global marine-surface Jan->Dec annual growth rates 1963-1972 (co2_gr_gl.txt, file created 2026-09-05), rounded half-up to 2 decimals"
co2-trend-10yr-global-jan-dec,1973,1.04,ppm/yr,https://gml.noaa.gov/webdata/ccgg/trends/co2/co2_gr_gl.txt,1974-01-10,rule,2026-09-28,collectors/climate.py@2026-09-28,collector,"Derived by the collector: mean of the NOAA global marine-surface Jan->Dec annual growth rates 1964-1973 (co2_gr_gl.txt, file created 2026-09-05), rounded half-up to 2 decimals"
co2-trend-10yr-global-jan-dec,1974,1.06,ppm/yr,https://gml.noaa.gov/webdata/ccgg/trends/co2/co2_gr_gl.txt,1975-01-10,rule,2026-09-28,collectors/climate.py@2026-09-28,collector,"Derived by the collector: mean of the NOAA global marine-surface Jan->Dec annual growth rates 1965-1974 (co2_gr_gl.txt, file created 2026-09-05), rounded half-up to 2 decimals"
co2-trend-10yr-global-jan-dec,1975,1.07,ppm/yr,https://gml.noaa.gov/webdata/ccgg/trends/co2/co2_gr_gl.txt,1976-01-10,rule,2026-09-28,collectors/climate.py@2026-09-28,collector,"Derived by the collector: mean of the NOAA global marine-surface Jan->Dec annual growth rates 1966-1975 (co2_gr_gl.txt, file created 2026-09-05), rounded half-up to 2 decimals"
co2-trend-10yr-global-jan-dec,1976,1.06,ppm/yr,https://gml.noaa.gov/webdata/ccgg/trends/co2/co2_gr_gl.txt,1977-01-10,rule,2026-09-28,collectors/climate.py@2026-09-28,collector,"Derived by the collector: mean of the NOAA global marine-surface Jan->Dec annual growth rates 1967-1976 (co2_gr_gl.txt, file created 2026-09-05), rounded half-up to 2 decimals"
co2-trend-10yr-global-jan-dec,1977,1.19,ppm/yr,https://gml.noaa.gov/webdata/ccgg/trends/co2/co2_gr_gl.txt,1978-01-10,rule,2026-09-28,collectors/climate.py@2026-09-28,collector,"Derived by the collector: mean of the NOAA global marine-surface Jan->Dec annual growth rates 1968-1977 (co2_gr_gl.txt, file created 2026-09-05), rounded half-up to 2 decimals"
co2-trend-10yr-global-jan-dec,1978,1.22,ppm/yr,https://gml.noaa.gov/webdata/ccgg/trends/co2/co2_gr_gl.txt,1979-01-10,rule,2026-09-28,collectors/climate.py@2026-09-28,collector,"Derived by the collector: mean of the NOAA global marine-surface Jan->Dec annual growth rates 1969-1978 (co2_gr_gl.txt, file created 2026-09-05), rounded half-up to 2 decimals"
co2-trend-10yr-global-jan-dec,1979,1.30,ppm/yr,https://gml.noaa.gov/webdata/ccgg/trends/co2/co2_gr_gl.txt,1980-01-10,rule,2026-09-28,collectors/climate.py@2026-09-28,collector,"Derived by the collector: mean of the NOAA global marine-surface Jan->Dec annual growth rates 1970-1979 (co2_gr_gl.txt, file created 2026-09-05), rounded half-up to 2 decimals"
co2-trend-10yr-global-jan-dec,1980,1.36,ppm/yr,https://gml.noaa.gov/webdata/ccgg/trends/co2/co2_gr_gl.txt,1981-01-10,rule,2026-09-28,collectors/climate.py@2026-09-28,collector,"Derived by the collector: mean of the NOAA global marine-surface Jan->Dec annual growth rates 1971-1980 (co2_gr_gl.txt, file created 2026-09-05), rounded half-up to 2 decimals"
co2-trend-10yr-global-jan-dec,1981,1.40,ppm/yr,https://gml.noaa.gov/webdata/ccgg/trends/co2/co2_gr_gl.txt,1982-01-10,rule,2026-09-28,collectors/climate.py@2026-09-28,collector,"Derived by the collector: mean of the NOAA global marine-surface Jan->Dec annual growth rates 1972-1981 (co2_gr_gl.txt, file created 2026-09-05), rounded half-up to 2 decimals"
co2-trend-10yr-global-jan-dec,1982,1.35,ppm/yr,https://gml.noaa.gov/webdata/ccgg/trends/co2/co2_gr_gl.txt,1983-01-10,rule,2026-09-28,collectors/climate.py@2026-09-28,collector,"Derived by the collector: mean of the NOAA global marine-surface Jan->Dec annual growth rates 1973-1982 (co2_gr_gl.txt, file created 2026-09-05), rounded half-up to 2 decimals"
co2-trend-10yr-global-jan-dec,1983,1.39,ppm/yr,https://gml.noaa.gov/webdata/ccgg/trends/co2/co2_gr_gl.txt,1984-01-10,rule,2026-09-28,collectors/climate.py@2026-09-28,collector,"Derived by the collector: mean of the NOAA global marine-surface Jan->Dec annual growth rates 1974-1983 (co2_gr_gl.txt, file created 2026-09-05), rounded half-up to 2 decimals"
co2-trend-10yr-global-jan-dec,1984,1.44,ppm/yr,https://gml.noaa.gov/webdata/ccgg/trends/co2/co2_gr_gl.txt,1985-01-10,rule,2026-09-28,collectors/climate.py@2026-09-28,collector,"Derived by the collector: mean of the NOAA global marine-surface Jan->Dec annual growth rates 1975-1984 (co2_gr_gl.txt, file created 2026-09-05), rounded half-up to 2 decimals"
co2-trend-10yr-global-jan-dec,1985,1.49,ppm/yr,https://gml.noaa.gov/webdata/ccgg/trends/co2/co2_gr_gl.txt,1986-01-10,rule,2026-09-28,collectors/climate.py@2026-09-28,collector,"Derived by the collector: mean of the NOAA global marine-surface Jan->Dec annual growth rates 1976-1985 (co2_gr_gl.txt, file created 2026-09-05), rounded half-up to 2 decimals"
co2-trend-10yr-global-jan-dec,1986,1.49,ppm/yr,https://gml.noaa.gov/webdata/ccgg/trends/co2/co2_gr_gl.txt,1987-01-10,rule,2026-09-28,collectors/climate.py@2026-09-28,collector,"Derived by the collector: mean of the NOAA global marine-surface Jan->Dec annual growth rates 1977-1986 (co2_gr_gl.txt, file created 2026-09-05), rounded half-up to 2 decimals"
co2-trend-10yr-global-jan-dec,1987,1.56,ppm/yr,https://gml.noaa.gov/webdata/ccgg/trends/co2/co2_gr_gl.txt,1988-01-10,rule,2026-09-28,collectors/climate.py@2026-09-28,collector,"Derived by the collector: mean of the NOAA global marine-surface Jan->Dec annual growth rates 1978-1987 (co2_gr_gl.txt, file created 2026-09-05), rounded half-up to 2 decimals"
co2-trend-10yr-global-jan-dec,1988,1.65,ppm/yr,https://gml.noaa.gov/webdata/ccgg/trends/co2/co2_gr_gl.txt,1989-01-10,rule,2026-09-28,collectors/climate.py@2026-09-28,collector,"Derived by the collector: mean of the NOAA global marine-surface Jan->Dec annual growth rates 1979-1988 (co2_gr_gl.txt, file created 2026-09-05), rounded half-up to 2 decimals"
co2-trend-10yr-global-jan-dec,1989,1.59,ppm/yr,https://gml.noaa.gov/webdata/ccgg/trends/co2/co2_gr_gl.txt,1990-01-10,rule,2026-09-28,collectors/climate.py@2026-09-28,collector,"Derived by the collector: mean of the NOAA global marine-surface Jan->Dec annual growth rates 1980-1989 (co2_gr_gl.txt, file created 2026-09-05), rounded half-up to 2 decimals"
co2-trend-10yr-global-jan-dec,1990,1.54,ppm/yr,https://gml.noaa.gov/webdata/ccgg/trends/co2/co2_gr_gl.txt,1991-01-10,rule,2026-09-28,collectors/climate.py@2026-09-28,collector,"Derived by the collector: mean of the NOAA global marine-surface Jan->Dec annual growth rates 1981-1990 (co2_gr_gl.txt, file created 2026-09-05), rounded half-up to 2 decimals"
co2-trend-10yr-global-jan-dec,1991,1.50,ppm/yr,https://gml.noaa.gov/webdata/ccgg/trends/co2/co2_gr_gl.txt,1992-01-10,rule,2026-09-28,collectors/climate.py@2026-09-28,collector,"Derived by the collector: mean of the NOAA global marine-surface Jan->Dec annual growth rates 1982-1991 (co2_gr_gl.txt, file created 2026-09-05), rounded half-up to 2 decimals"
co2-trend-10yr-global-jan-dec,1992,1.47,ppm/yr,https://gml.noaa.gov/webdata/ccgg/trends/co2/co2_gr_gl.txt,1993-01-10,rule,2026-09-28,collectors/climate.py@2026-09-28,collector,"Derived by the collector: mean of the NOAA global marine-surface Jan->Dec annual growth rates 1983-1992 (co2_gr_gl.txt, file created 2026-09-05), rounded half-up to 2 decimals"
co2-trend-10yr-global-jan-dec,1993,1.41,ppm/yr,https://gml.noaa.gov/webdata/ccgg/trends/co2/co2_gr_gl.txt,1994-01-10,rule,2026-09-28,collectors/climate.py@2026-09-28,collector,"Derived by the collector: mean of the NOAA global marine-surface Jan->Dec annual growth rates 1984-1993 (co2_gr_gl.txt, file created 2026-09-05), rounded half-up to 2 decimals"
co2-trend-10yr-global-jan-dec,1994,1.45,ppm/yr,https://gml.noaa.gov/webdata/ccgg/trends/co2/co2_gr_gl.txt,1995-01-10,rule,2026-09-28,collectors/climate.py@2026-09-28,collector,"Derived by the collector: mean of the NOAA global marine-surface Jan->Dec annual growth rates 1985-1994 (co2_gr_gl.txt, file created 2026-09-05), rounded half-up to 2 decimals"
co2-trend-10yr-global-jan-dec,1995,1.49,ppm/yr,https://gml.noaa.gov/webdata/ccgg/trends/co2/co2_gr_gl.txt,1996-01-10,rule,2026-09-28,collectors/climate.py@2026-09-28,collector,"Derived by the collector: mean of the NOAA global marine-surface Jan->Dec annual growth rates 1986-1995 (co2_gr_gl.txt, file created 2026-09-05), rounded half-up to 2 decimals"
co2-trend-10yr-global-jan-dec,1996,1.49,ppm/yr,https://gml.noaa.gov/webdata/ccgg/trends/co2/co2_gr_gl.txt,1997-01-10,rule,2026-09-28,collectors/climate.py@2026-09-28,collector,"Derived by the collector: mean of the NOAA global marine-surface Jan->Dec annual growth rates 1987-1996 (co2_gr_gl.txt, file created 2026-09-05), rounded half-up to 2 decimals"
co2-trend-10yr-global-jan-dec,1997,1.43,ppm/yr,https://gml.noaa.gov/webdata/ccgg/trends/co2/co2_gr_gl.txt,1998-01-10,rule,2026-09-28,collectors/climate.py@2026-09-28,collector,"Derived by the collector: mean of the NOAA global marine-surface Jan->Dec annual growth rates 1988-1997 (co2_gr_gl.txt, file created 2026-09-05), rounded half-up to 2 decimals"
co2-trend-10yr-global-jan-dec,1998,1.49,ppm/yr,https://gml.noaa.gov/webdata/ccgg/trends/co2/co2_gr_gl.txt,1999-01-10,rule,2026-09-28,collectors/climate.py@2026-09-28,collector,"Derived by the collector: mean of the NOAA global marine-surface Jan->Dec annual growth rates 1989-1998 (co2_gr_gl.txt, file created 2026-09-05), rounded half-up to 2 decimals"
co2-trend-10yr-global-jan-dec,1999,1.48,ppm/yr,https://gml.noaa.gov/webdata/ccgg/trends/co2/co2_gr_gl.txt,2000-01-10,rule,2026-09-28,collectors/climate.py@2026-09-28,collector,"Derived by the collector: mean of the NOAA global marine-surface Jan->Dec annual growth rates 1990-1999 (co2_gr_gl.txt, file created 2026-09-05), rounded half-up to 2 decimals"
co2-trend-10yr-global-jan-dec,2000,1.48,ppm/yr,https://gml.noaa.gov/webdata/ccgg/trends/co2/co2_gr_gl.txt,2001-01-10,rule,2026-09-28,collectors/climate.py@2026-09-28,collector,"Derived by the collector: mean of the NOAA global marine-surface Jan->Dec annual growth rates 1991-2000 (co2_gr_gl.txt, file created 2026-09-05), rounded half-up to 2 decimals"
co2-trend-10yr-global-jan-dec,2001,1.59,ppm/yr,https://gml.noaa.gov/webdata/ccgg/trends/co2/co2_gr_gl.txt,2002-01-10,rule,2026-09-28,collectors/climate.py@2026-09-28,collector,"Derived by the collector: mean of the NOAA global marine-surface Jan->Dec annual growth rates 1992-2001 (co2_gr_gl.txt, file created 2026-09-05), rounded half-up to 2 decimals"
co2-trend-10yr-global-jan-dec,2002,1.76,ppm/yr,https://gml.noaa.gov/webdata/ccgg/trends/co2/co2_gr_gl.txt,2003-01-10,rule,2026-09-28,collectors/climate.py@2026-09-28,collector,"Derived by the collector: mean of the NOAA global marine-surface Jan->Dec annual growth rates 1993-2002 (co2_gr_gl.txt, file created 2026-09-05), rounded half-up to 2 decimals"
co2-trend-10yr-global-jan-dec,2003,1.86,ppm/yr,https://gml.noaa.gov/webdata/ccgg/trends/co2/co2_gr_gl.txt,2004-01-10,rule,2026-09-28,collectors/climate.py@2026-09-28,collector,"Derived by the collector: mean of the NOAA global marine-surface Jan->Dec annual growth rates 1994-2003 (co2_gr_gl.txt, file created 2026-09-05), rounded half-up to 2 decimals"
co2-trend-10yr-global-jan-dec,2004,1.85,ppm/yr,https://gml.noaa.gov/webdata/ccgg/trends/co2/co2_gr_gl.txt,2005-01-10,rule,2026-09-28,collectors/climate.py@2026-09-28,collector,"Derived by the collector: mean of the NOAA global marine-surface Jan->Dec annual growth rates 1995-2004 (co2_gr_gl.txt, file created 2026-09-05), rounded half-up to 2 decimals"
co2-trend-10yr-global-jan-dec,2005,1.90,ppm/yr,https://gml.noaa.gov/webdata/ccgg/trends/co2/co2_gr_gl.txt,2006-01-10,rule,2026-09-28,collectors/climate.py@2026-09-28,collector,"Derived by the collector: mean of the NOAA global marine-surface Jan->Dec annual growth rates 1996-2005 (co2_gr_gl.txt, file created 2026-09-05), rounded half-up to 2 decimals"
co2-trend-10yr-global-jan-dec,2006,1.97,ppm/yr,https://gml.noaa.gov/webdata/ccgg/trends/co2/co2_gr_gl.txt,2007-01-10,rule,2026-09-28,collectors/climate.py@2026-09-28,collector,"Derived by the collector: mean of the NOAA global marine-surface Jan->Dec annual growth rates 1997-2006 (co2_gr_gl.txt, file created 2026-09-05), rounded half-up to 2 decimals"
co2-trend-10yr-global-jan-dec,2007,1.98,ppm/yr,https://gml.noaa.gov/webdata/ccgg/trends/co2/co2_gr_gl.txt,2008-01-10,rule,2026-09-28,collectors/climate.py@2026-09-28,collector,"Derived by the collector: mean of the NOAA global marine-surface Jan->Dec annual growth rates 1998-2007 (co2_gr_gl.txt, file created 2026-09-05), rounded half-up to 2 decimals"
co2-trend-10yr-global-jan-dec,2008,1.88,ppm/yr,https://gml.noaa.gov/webdata/ccgg/trends/co2/co2_gr_gl.txt,2009-01-10,rule,2026-09-28,collectors/climate.py@2026-09-28,collector,"Derived by the collector: mean of the NOAA global marine-surface Jan->Dec annual growth rates 1999-2008 (co2_gr_gl.txt, file created 2026-09-05), rounded half-up to 2 decimals"
co2-trend-10yr-global-jan-dec,2009,1.90,ppm/yr,https://gml.noaa.gov/webdata/ccgg/trends/co2/co2_gr_gl.txt,2010-01-10,rule,2026-09-28,collectors/climate.py@2026-09-28,collector,"Derived by the collector: mean of the NOAA global marine-surface Jan->Dec annual growth rates 2000-2009 (co2_gr_gl.txt, file created 2026-09-05), rounded half-up to 2 decimals"
co2-trend-10yr-global-jan-dec,2010,2.01,ppm/yr,https://gml.noaa.gov/webdata/ccgg/trends/co2/co2_gr_gl.txt,2011-01-10,rule,2026-09-28,collectors/climate.py@2026-09-28,collector,"Derived by the collector: mean of the NOAA global marine-surface Jan->Dec annual growth rates 2001-2010 (co2_gr_gl.txt, file created 2026-09-05), rounded half-up to 2 decimals"
co2-trend-10yr-global-jan-dec,2011,2.00,ppm/yr,https://gml.noaa.gov/webdata/ccgg/trends/co2/co2_gr_gl.txt,2012-01-10,rule,2026-09-28,collectors/climate.py@2026-09-28,collector,"Derived by the collector: mean of the NOAA global marine-surface Jan->Dec annual growth rates 2002-2011 (co2_gr_gl.txt, file created 2026-09-05), rounded half-up to 2 decimals"
co2-trend-10yr-global-jan-dec,2012,2.01,ppm/yr,https://gml.noaa.gov/webdata/ccgg/trends/co2/co2_gr_gl.txt,2013-01-10,rule,2026-09-28,collectors/climate.py@2026-09-28,collector,"Derived by the collector: mean of the NOAA global marine-surface Jan->Dec annual growth rates 2003-2012 (co2_gr_gl.txt, file created 2026-09-05), rounded half-up to 2 decimals"
co2-trend-10yr-global-jan-dec,2013,2.03,ppm/yr,https://gml.noaa.gov/webdata/ccgg/trends/co2/co2_gr_gl.txt,2014-01-10,rule,2026-09-28,collectors/climate.py@2026-09-28,collector,"Derived by the collector: mean of the NOAA global marine-surface Jan->Dec annual growth rates 2004-2013 (co2_gr_gl.txt, file created 2026-09-05), rounded half-up to 2 decimals"
co2-trend-10yr-global-jan-dec,2014,2.07,ppm/yr,https://gml.noaa.gov/webdata/ccgg/trends/co2/co2_gr_gl.txt,2015-01-10,rule,2026-09-28,collectors/climate.py@2026-09-28,collector,"Derived by the collector: mean of the NOAA global marine-surface Jan->Dec annual growth rates 2005-2014 (co2_gr_gl.txt, file created 2026-09-05), rounded half-up to 2 decimals"
co2-trend-10yr-global-jan-dec,2015,2.12,ppm/yr,https://gml.noaa.gov/webdata/ccgg/trends/co2/co2_gr_gl.txt,2016-01-10,rule,2026-09-28,collectors/climate.py@2026-09-28,collector,"Derived by the collector: mean of the NOAA global marine-surface Jan->Dec annual growth rates 2006-2015 (co2_gr_gl.txt, file created 2026-09-05), rounded half-up to 2 decimals"
co2-trend-10yr-global-jan-dec,2016,2.23,ppm/yr,https://gml.noaa.gov/webdata/ccgg/trends/co2/co2_gr_gl.txt,2017-01-10,rule,2026-09-28,collectors/climate.py@2026-09-28,collector,"Derived by the collector: mean of the NOAA global marine-surface Jan->Dec annual growth rates 2007-2016 (co2_gr_gl.txt, file created 2026-09-05), rounded half-up to 2 decimals"
co2-trend-10yr-global-jan-dec,2017,2.23,ppm/yr,https://gml.noaa.gov/webdata/ccgg/trends/co2/co2_gr_gl.txt,2018-01-10,rule,2026-09-28,collectors/climate.py@2026-09-28,collector,"Derived by the collector: mean of the NOAA global marine-surface Jan->Dec annual growth rates 2008-2017 (co2_gr_gl.txt, file created 2026-09-05), rounded half-up to 2 decimals"
co2-trend-10yr-global-jan-dec,2018,2.29,ppm/yr,https://gml.noaa.gov/webdata/ccgg/trends/co2/co2_gr_gl.txt,2019-01-10,rule,2026-09-28,collectors/climate.py@2026-09-28,collector,"Derived by the collector: mean of the NOAA global marine-surface Jan->Dec annual growth rates 2009-2018 (co2_gr_gl.txt, file created 2026-09-05), rounded half-up to 2 decimals"
co2-trend-10yr-global-jan-dec,2019,2.38,ppm/yr,https://gml.noaa.gov/webdata/ccgg/trends/co2/co2_gr_gl.txt,2020-01-10,rule,2026-09-28,collectors/climate.py@2026-09-28,collector,"Derived by the collector: mean of the NOAA global marine-surface Jan->Dec annual growth rates 2010-2019 (co2_gr_gl.txt, file created 2026-09-05), rounded half-up to 2 decimals"
co2-trend-10yr-global-jan-dec,2021,2.44,ppm/yr,https://gml.noaa.gov/webdata/ccgg/trends/co2/co2_gr_gl.txt,2022-01-10,rule,2026-09-28,collectors/climate.py@2026-09-28,collector,"Derived by the collector: mean of the NOAA global marine-surface Jan->Dec annual growth rates 2012-2021 (co2_gr_gl.txt, file created 2026-09-05), rounded half-up to 2 decimals"
co2-trend-10yr-global-jan-dec,2022,2.42,ppm/yr,https://gml.noaa.gov/webdata/ccgg/trends/co2/co2_gr_gl.txt,2023-01-10,rule,2026-09-28,collectors/climate.py@2026-09-28,collector,"Derived by the collector: mean of the NOAA global marine-surface Jan->Dec annual growth rates 2013-2022 (co2_gr_gl.txt, file created 2026-09-05), rounded half-up to 2 decimals"
co2-trend-10yr-global-jan-dec,2023,2.45,ppm/yr,https://gml.noaa.gov/webdata/ccgg/trends/co2/co2_gr_gl.txt,2024-01-10,rule,2026-09-28,collectors/climate.py@2026-09-28,collector,"Derived by the collector: mean of the NOAA global marine-surface Jan->Dec annual growth rates 2014-2023 (co2_gr_gl.txt, file created 2026-09-05), rounded half-up to 2 decimals"
co2-trend-5yr-global-jan-dec,1963,0.72,ppm/yr,https://gml.noaa.gov/webdata/ccgg/trends/co2/co2_gr_gl.txt,1964-01-10,rule,2026-09-28,collectors/climate.py@2026-09-28,collector,"Derived by the collector: mean of the NOAA global marine-surface Jan->Dec annual growth rates 1959-1963 (co2_gr_gl.txt, file created 2026-09-05), rounded half-up to 2 decimals"
co2-trend-5yr-global-jan-dec,1964,0.62,ppm/yr,https://gml.noaa.gov/webdata/ccgg/trends/co2/co2_gr_gl.txt,1965-01-10,rule,2026-09-28,collectors/climate.py@2026-09-28,collector,"Derived by the collector: mean of the NOAA global marine-surface Jan->Dec annual growth rates 1960-1964 (co2_gr_gl.txt, file created 2026-09-05), rounded half-up to 2 decimals"
co2-trend-5yr-global-jan-dec,1965,0.70,ppm/yr,https://gml.noaa.gov/webdata/ccgg/trends/co2/co2_gr_gl.txt,1966-01-10,rule,2026-09-28,collectors/climate.py@2026-09-28,collector,"Derived by the collector: mean of the NOAA global marine-surface Jan->Dec annual growth rates 1961-1965 (co2_gr_gl.txt, file created 2026-09-05), rounded half-up to 2 decimals"
co2-trend-5yr-global-jan-dec,1966,0.76,ppm/yr,https://gml.noaa.gov/webdata/ccgg/trends/co2/co2_gr_gl.txt,1967-01-10,rule,2026-09-28,collectors/climate.py@2026-09-28,collector,"Derived by the collector: mean of the NOAA global marine-surface Jan->Dec annual growth rates 1962-1966 (co2_gr_gl.txt, file created 2026-09-05), rounded half-up to 2 decimals"
co2-trend-5yr-global-jan-dec,1967,0.77,ppm/yr,https://gml.noaa.gov/webdata/ccgg/trends/co2/co2_gr_gl.txt,1968-01-10,rule,2026-09-28,collectors/climate.py@2026-09-28,collector,"Derived by the collector: mean of the NOAA global marine-surface Jan->Dec annual growth rates 1963-1967 (co2_gr_gl.txt, file created 2026-09-05), rounded half-up to 2 decimals"
co2-trend-5yr-global-jan-dec,1968,0.86,ppm/yr,https://gml.noaa.gov/webdata/ccgg/trends/co2/co2_gr_gl.txt,1969-01-10,rule,2026-09-28,collectors/climate.py@2026-09-28,collector,"Derived by the collector: mean of the NOAA global marine-surface Jan->Dec annual growth rates 1964-1968 (co2_gr_gl.txt, file created 2026-09-05), rounded half-up to 2 decimals"
co2-trend-5yr-global-jan-dec,1969,1.02,ppm/yr,https://gml.noaa.gov/webdata/ccgg/trends/co2/co2_gr_gl.txt,1970-01-10,rule,2026-09-28,collectors/climate.py@2026-09-28,collector,"Derived by the collector: mean of the NOAA global marine-surface Jan->Dec annual growth rates 1965-1969 (co2_gr_gl.txt, file created 2026-09-05), rounded half-up to 2 decimals"
co2-trend-5yr-global-jan-dec,1970,1.03,ppm/yr,https://gml.noaa.gov/webdata/ccgg/trends/co2/co2_gr_gl.txt,1971-01-10,rule,2026-09-28,collectors/climate.py@2026-09-28,collector,"Derived by the collector: mean of the NOAA global marine-surface Jan->Dec annual growth rates 1966-1970 (co2_gr_gl.txt, file created 2026-09-05), rounded half-up to 2 decimals"
co2-trend-5yr-global-jan-dec,1971,0.96,ppm/yr,https://gml.noaa.gov/webdata/ccgg/trends/co2/co2_gr_gl.txt,1972-01-10,rule,2026-09-28,collectors/climate.py@2026-09-28,collector,"Derived by the collector: mean of the NOAA global marine-surface Jan->Dec annual growth rates 1967-1971 (co2_gr_gl.txt, file created 2026-09-05), rounded half-up to 2 decimals"
co2-trend-5yr-global-jan-dec,1972,1.13,ppm/yr,https://gml.noaa.gov/webdata/ccgg/trends/co2/co2_gr_gl.txt,1973-01-10,rule,2026-09-28,collectors/climate.py@2026-09-28,collector,"Derived by the collector: mean of the NOAA global marine-surface Jan->Dec annual growth rates 1968-1972 (co2_gr_gl.txt, file created 2026-09-05), rounded half-up to 2 decimals"
co2-trend-5yr-global-jan-dec,1973,1.22,ppm/yr,https://gml.noaa.gov/webdata/ccgg/trends/co2/co2_gr_gl.txt,1974-01-10,rule,2026-09-28,collectors/climate.py@2026-09-28,collector,"Derived by the collector: mean of the NOAA global marine-surface Jan->Dec annual growth rates 1969-1973 (co2_gr_gl.txt, file created 2026-09-05), rounded half-up to 2 decimals"
co2-trend-5yr-global-jan-dec,1974,1.09,ppm/yr,https://gml.noaa.gov/webdata/ccgg/trends/co2/co2_gr_gl.txt,1975-01-10,rule,2026-09-28,collectors/climate.py@2026-09-28,collector,"Derived by the collector: mean of the NOAA global marine-surface Jan->Dec annual growth rates 1970-1974 (co2_gr_gl.txt, file created 2026-09-05), rounded half-up to 2 decimals"
co2-trend-5yr-global-jan-dec,1975,1.11,ppm/yr,https://gml.noaa.gov/webdata/ccgg/trends/co2/co2_gr_gl.txt,1976-01-10,rule,2026-09-28,collectors/climate.py@2026-09-28,collector,"Derived by the collector: mean of the NOAA global marine-surface Jan->Dec annual growth rates 1971-1975 (co2_gr_gl.txt, file created 2026-09-05), rounded half-up to 2 decimals"
co2-trend-5yr-global-jan-dec,1976,1.16,ppm/yr,https://gml.noaa.gov/webdata/ccgg/trends/co2/co2_gr_gl.txt,1977-01-10,rule,2026-09-28,collectors/climate.py@2026-09-28,collector,"Derived by the collector: mean of the NOAA global marine-surface Jan->Dec annual growth rates 1972-1976 (co2_gr_gl.txt, file created 2026-09-05), rounded half-up to 2 decimals"
co2-trend-5yr-global-jan-dec,1977,1.25,ppm/yr,https://gml.noaa.gov/webdata/ccgg/trends/co2/co2_gr_gl.txt,1978-01-10,rule,2026-09-28,collectors/climate.py@2026-09-28,collector,"Derived by the collector: mean of the NOAA global marine-surface Jan->Dec annual growth rates 1973-1977 (co2_gr_gl.txt, file created 2026-09-05), rounded half-up to 2 decimals"
co2-trend-5yr-global-jan-dec,1978,1.22,ppm/yr,https://gml.noaa.gov/webdata/ccgg/trends/co2/co2_gr_gl.txt,1979-01-10,rule,2026-09-28,collectors/climate.py@2026-09-28,collector,"Derived by the collector: mean of the NOAA global marine-surface Jan->Dec annual growth rates 1974-1978 (co2_gr_gl.txt, file created 2026-09-05), rounded half-up to 2 decimals"
co2-trend-5yr-global-jan-dec,1979,1.51,ppm/yr,https://gml.noaa.gov/webdata/ccgg/trends/co2/co2_gr_gl.txt,1980-01-10,rule,2026-09-28,collectors/climate.py@2026-09-28,collector,"Derived by the collector: mean of the NOAA global marine-surface Jan->Dec annual growth rates 1975-1979 (co2_gr_gl.txt, file created 2026-09-05), rounded half-up to 2 decimals"
co2-trend-5yr-global-jan-dec,1980,1.60,ppm/yr,https://gml.noaa.gov/webdata/ccgg/trends/co2/co2_gr_gl.txt,1981-01-10,rule,2026-09-28,collectors/climate.py@2026-09-28,collector,"Derived by the collector: mean of the NOAA global marine-surface Jan->Dec annual growth rates 1976-1980 (co2_gr_gl.txt, file created 2026-09-05), rounded half-up to 2 decimals"
co2-trend-5yr-global-jan-dec,1981,1.63,ppm/yr,https://gml.noaa.gov/webdata/ccgg/trends/co2/co2_gr_gl.txt,1982-01-10,rule,2026-09-28,collectors/climate.py@2026-09-28,collector,"Derived by the collector: mean of the NOAA global marine-surface Jan->Dec annual growth rates 1977-1981 (co2_gr_gl.txt, file created 2026-09-05), rounded half-up to 2 decimals"
co2-trend-5yr-global-jan-dec,1982,1.45,ppm/yr,https://gml.noaa.gov/webdata/ccgg/trends/co2/co2_gr_gl.txt,1983-01-10,rule,2026-09-28,collectors/climate.py@2026-09-28,collector,"Derived by the collector: mean of the NOAA global marine-surface Jan->Dec annual growth rates 1978-1982 (co2_gr_gl.txt, file created 2026-09-05), rounded half-up to 2 decimals"
co2-trend-5yr-global-jan-dec,1983,1.56,ppm/yr,https://gml.noaa.gov/webdata/ccgg/trends/co2/co2_gr_gl.txt,1984-01-10,rule,2026-09-28,collectors/climate.py@2026-09-28,collector,"Derived by the collector: mean of the NOAA global marine-surface Jan->Dec annual growth rates 1979-1983 (co2_gr_gl.txt, file created 2026-09-05), rounded half-up to 2 decimals"
co2-trend-5yr-global-jan-dec,1984,1.38,ppm/yr,https://gml.noaa.gov/webdata/ccgg/trends/co2/co2_gr_gl.txt,1985-01-10,rule,2026-09-28,collectors/climate.py@2026-09-28,collector,"Derived by the collector: mean of the NOAA global marine-surface Jan->Dec annual growth rates 1980-1984 (co2_gr_gl.txt, file created 2026-09-05), rounded half-up to 2 decimals"
co2-trend-5yr-global-jan-dec,1985,1.37,ppm/yr,https://gml.noaa.gov/webdata/ccgg/trends/co2/co2_gr_gl.txt,1986-01-10,rule,2026-09-28,collectors/climate.py@2026-09-28,collector,"Derived by the collector: mean of the NOAA global marine-surface Jan->Dec annual growth rates 1981-1985 (co2_gr_gl.txt, file created 2026-09-05), rounded half-up to 2 decimals"
co2-trend-5yr-global-jan-dec,1986,1.35,ppm/yr,https://gml.noaa.gov/webdata/ccgg/trends/co2/co2_gr_gl.txt,1987-01-10,rule,2026-09-28,collectors/climate.py@2026-09-28,collector,"Derived by the collector: mean of the NOAA global marine-surface Jan->Dec annual growth rates 1982-1986 (co2_gr_gl.txt, file created 2026-09-05), rounded half-up to 2 decimals"
co2-trend-5yr-global-jan-dec,1987,1.68,ppm/yr,https://gml.noaa.gov/webdata/ccgg/trends/co2/co2_gr_gl.txt,1988-01-10,rule,2026-09-28,collectors/climate.py@2026-09-28,collector,"Derived by the collector: mean of the NOAA global marine-surface Jan->Dec annual growth rates 1983-1987 (co2_gr_gl.txt, file created 2026-09-05), rounded half-up to 2 decimals"
co2-trend-5yr-global-jan-dec,1988,1.74,ppm/yr,https://gml.noaa.gov/webdata/ccgg/trends/co2/co2_gr_gl.txt,1989-01-10,rule,2026-09-28,collectors/climate.py@2026-09-28,collector,"Derived by the collector: mean of the NOAA global marine-surface Jan->Dec annual growth rates 1984-1988 (co2_gr_gl.txt, file created 2026-09-05), rounded half-up to 2 decimals"
co2-trend-5yr-global-jan-dec,1989,1.79,ppm/yr,https://gml.noaa.gov/webdata/ccgg/trends/co2/co2_gr_gl.txt,1990-01-10,rule,2026-09-28,collectors/climate.py@2026-09-28,collector,"Derived by the collector: mean of the NOAA global marine-surface Jan->Dec annual growth rates 1985-1989 (co2_gr_gl.txt, file created 2026-09-05), rounded half-up to 2 decimals"
co2-trend-5yr-global-jan-dec,1990,1.71,ppm/yr,https://gml.noaa.gov/webdata/ccgg/trends/co2/co2_gr_gl.txt,1991-01-10,rule,2026-09-28,collectors/climate.py@2026-09-28,collector,"Derived by the collector: mean of the NOAA global marine-surface Jan->Dec annual growth rates 1986-1990 (co2_gr_gl.txt, file created 2026-09-05), rounded half-up to 2 decimals"
co2-trend-5yr-global-jan-dec,1991,1.65,ppm/yr,https://gml.noaa.gov/webdata/ccgg/trends/co2/co2_gr_gl.txt,1992-01-10,rule,2026-09-28,collectors/climate.py@2026-09-28,collector,"Derived by the collector: mean of the NOAA global marine-surface Jan->Dec annual growth rates 1987-1991 (co2_gr_gl.txt, file created 2026-09-05), rounded half-up to 2 decimals"
co2-trend-5yr-global-jan-dec,1992,1.26,ppm/yr,https://gml.noaa.gov/webdata/ccgg/trends/co2/co2_gr_gl.txt,1993-01-10,rule,2026-09-28,collectors/climate.py@2026-09-28,collector,"Derived by the collector: mean of the NOAA global marine-surface Jan->Dec annual growth rates 1988-1992 (co2_gr_gl.txt, file created 2026-09-05), rounded half-up to 2 decimals"
co2-trend-5yr-global-jan-dec,1993,1.08,ppm/yr,https://gml.noaa.gov/webdata/ccgg/trends/co2/co2_gr_gl.txt,1994-01-10,rule,2026-09-28,collectors/climate.py@2026-09-28,collector,"Derived by the collector: mean of the NOAA global marine-surface Jan->Dec annual growth rates 1989-1993 (co2_gr_gl.txt, file created 2026-09-05), rounded half-up to 2 decimals"
co2-trend-5yr-global-jan-dec,1994,1.12,ppm/yr,https://gml.noaa.gov/webdata/ccgg/trends/co2/co2_gr_gl.txt,1995-01-10,rule,2026-09-28,collectors/climate.py@2026-09-28,collector,"Derived by the collector: mean of the NOAA global marine-surface Jan->Dec annual growth rates 1990-1994 (co2_gr_gl.txt, file created 2026-09-05), rounded half-up to 2 decimals"
co2-trend-5yr-global-jan-dec,1995,1.27,ppm/yr,https://gml.noaa.gov/webdata/ccgg/trends/co2/co2_gr_gl.txt,1996-01-10,rule,2026-09-28,collectors/climate.py@2026-09-28,collector,"Derived by the collector: mean of the NOAA global marine-surface Jan->Dec annual growth rates 1991-1995 (co2_gr_gl.txt, file created 2026-09-05), rounded half-up to 2 decimals"
co2-trend-5yr-global-jan-dec,1996,1.33,ppm/yr,https://gml.noaa.gov/webdata/ccgg/trends/co2/co2_gr_gl.txt,1997-01-10,rule,2026-09-28,collectors/climate.py@2026-09-28,collector,"Derived by the collector: mean of the NOAA global marine-surface Jan->Dec annual growth rates 1992-1996 (co2_gr_gl.txt, file created 2026-09-05), rounded half-up to 2 decimals"
co2-trend-5yr-global-jan-dec,1997,1.59,ppm/yr,https://gml.noaa.gov/webdata/ccgg/trends/co2/co2_gr_gl.txt,1998-01-10,rule,2026-09-28,collectors/climate.py@2026-09-28,collector,"Derived by the collector: mean of the NOAA global marine-surface Jan->Dec annual growth rates 1993-1997 (co2_gr_gl.txt, file created 2026-09-05), rounded half-up to 2 decimals"
co2-trend-5yr-global-jan-dec,1998,1.91,ppm/yr,https://gml.noaa.gov/webdata/ccgg/trends/co2/co2_gr_gl.txt,1999-01-10,rule,2026-09-28,collectors/climate.py@2026-09-28,collector,"Derived by the collector: mean of the NOAA global marine-surface Jan->Dec annual growth rates 1994-1998 (co2_gr_gl.txt, file created 2026-09-05), rounded half-up to 2 decimals"
co2-trend-5yr-global-jan-dec,1999,1.84,ppm/yr,https://gml.noaa.gov/webdata/ccgg/trends/co2/co2_gr_gl.txt,2000-01-10,rule,2026-09-28,collectors/climate.py@2026-09-28,collector,"Derived by the collector: mean of the NOAA global marine-surface Jan->Dec annual growth rates 1995-1999 (co2_gr_gl.txt, file created 2026-09-05), rounded half-up to 2 decimals"
co2-trend-5yr-global-jan-dec,2000,1.69,ppm/yr,https://gml.noaa.gov/webdata/ccgg/trends/co2/co2_gr_gl.txt,2001-01-10,rule,2026-09-28,collectors/climate.py@2026-09-28,collector,"Derived by the collector: mean of the NOAA global marine-surface Jan->Dec annual growth rates 1996-2000 (co2_gr_gl.txt, file created 2026-09-05), rounded half-up to 2 decimals"
co2-trend-5yr-global-jan-dec,2001,1.85,ppm/yr,https://gml.noaa.gov/webdata/ccgg/trends/co2/co2_gr_gl.txt,2002-01-10,rule,2026-09-28,collectors/climate.py@2026-09-28,collector,"Derived by the collector: mean of the NOAA global marine-surface Jan->Dec annual growth rates 1997-2001 (co2_gr_gl.txt, file created 2026-09-05), rounded half-up to 2 decimals"
co2-trend-5yr-global-jan-dec,2002,1.93,ppm/yr,https://gml.noaa.gov/webdata/ccgg/trends/co2/co2_gr_gl.txt,2003-01-10,rule,2026-09-28,collectors/climate.py@2026-09-28,collector,"Derived by the collector: mean of the NOAA global marine-surface Jan->Dec annual growth rates 1998-2002 (co2_gr_gl.txt, file created 2026-09-05), rounded half-up to 2 decimals"
co2-trend-5yr-global-jan-dec,2003,1.81,ppm/yr,https://gml.noaa.gov/webdata/ccgg/trends/co2/co2_gr_gl.txt,2004-01-10,rule,2026-09-28,collectors/climate.py@2026-09-28,collector,"Derived by the collector: mean of the NOAA global marine-surface Jan->Dec annual growth rates 1999-2003 (co2_gr_gl.txt, file created 2026-09-05), rounded half-up to 2 decimals"
co2-trend-5yr-global-jan-dec,2004,1.86,ppm/yr,https://gml.noaa.gov/webdata/ccgg/trends/co2/co2_gr_gl.txt,2005-01-10,rule,2026-09-28,collectors/climate.py@2026-09-28,collector,"Derived by the collector: mean of the NOAA global marine-surface Jan->Dec annual growth rates 2000-2004 (co2_gr_gl.txt, file created 2026-09-05), rounded half-up to 2 decimals"
co2-trend-5yr-global-jan-dec,2005,2.10,ppm/yr,https://gml.noaa.gov/webdata/ccgg/trends/co2/co2_gr_gl.txt,2006-01-10,rule,2026-09-28,collectors/climate.py@2026-09-28,collector,"Derived by the collector: mean of the NOAA global marine-surface Jan->Dec annual growth rates 2001-2005 (co2_gr_gl.txt, file created 2026-09-05), rounded half-up to 2 decimals"
co2-trend-5yr-global-jan-dec,2006,2.09,ppm/yr,https://gml.noaa.gov/webdata/ccgg/trends/co2/co2_gr_gl.txt,2007-01-10,rule,2026-09-28,collectors/climate.py@2026-09-28,collector,"Derived by the collector: mean of the NOAA global marine-surface Jan->Dec annual growth rates 2002-2006 (co2_gr_gl.txt, file created 2026-09-05), rounded half-up to 2 decimals"
co2-trend-5yr-global-jan-dec,2007,2.04,ppm/yr,https://gml.noaa.gov/webdata/ccgg/trends/co2/co2_gr_gl.txt,2008-01-10,rule,2026-09-28,collectors/climate.py@2026-09-28,collector,"Derived by the collector: mean of the NOAA global marine-surface Jan->Dec annual growth rates 2003-2007 (co2_gr_gl.txt, file created 2026-09-05), rounded half-up to 2 decimals"
co2-trend-5yr-global-jan-dec,2008,1.94,ppm/yr,https://gml.noaa.gov/webdata/ccgg/trends/co2/co2_gr_gl.txt,2009-01-10,rule,2026-09-28,collectors/climate.py@2026-09-28,collector,"Derived by the collector: mean of the NOAA global marine-surface Jan->Dec annual growth rates 2004-2008 (co2_gr_gl.txt, file created 2026-09-05), rounded half-up to 2 decimals"
co2-trend-5yr-global-jan-dec,2009,1.95,ppm/yr,https://gml.noaa.gov/webdata/ccgg/trends/co2/co2_gr_gl.txt,2010-01-10,rule,2026-09-28,collectors/climate.py@2026-09-28,collector,"Derived by the collector: mean of the NOAA global marine-surface Jan->Dec annual growth rates 2005-2009 (co2_gr_gl.txt, file created 2026-09-05), rounded half-up to 2 decimals"
co2-trend-5yr-global-jan-dec,2010,1.92,ppm/yr,https://gml.noaa.gov/webdata/ccgg/trends/co2/co2_gr_gl.txt,2011-01-10,rule,2026-09-28,collectors/climate.py@2026-09-28,collector,"Derived by the collector: mean of the NOAA global marine-surface Jan->Dec annual growth rates 2006-2010 (co2_gr_gl.txt, file created 2026-09-05), rounded half-up to 2 decimals"
co2-trend-5yr-global-jan-dec,2011,1.92,ppm/yr,https://gml.noaa.gov/webdata/ccgg/trends/co2/co2_gr_gl.txt,2012-01-10,rule,2026-09-28,collectors/climate.py@2026-09-28,collector,"Derived by the collector: mean of the NOAA global marine-surface Jan->Dec annual growth rates 2007-2011 (co2_gr_gl.txt, file created 2026-09-05), rounded half-up to 2 decimals"
co2-trend-5yr-global-jan-dec,2012,1.97,ppm/yr,https://gml.noaa.gov/webdata/ccgg/trends/co2/co2_gr_gl.txt,2013-01-10,rule,2026-09-28,collectors/climate.py@2026-09-28,collector,"Derived by the collector: mean of the NOAA global marine-surface Jan->Dec annual growth rates 2008-2012 (co2_gr_gl.txt, file created 2026-09-05), rounded half-up to 2 decimals"
co2-trend-5yr-global-jan-dec,2013,2.11,ppm/yr,https://gml.noaa.gov/webdata/ccgg/trends/co2/co2_gr_gl.txt,2014-01-10,rule,2026-09-28,collectors/climate.py@2026-09-28,collector,"Derived by the collector: mean of the NOAA global marine-surface Jan->Dec annual growth rates 2009-2013 (co2_gr_gl.txt, file created 2026-09-05), rounded half-up to 2 decimals"
co2-trend-5yr-global-jan-dec,2014,2.20,ppm/yr,https://gml.noaa.gov/webdata/ccgg/trends/co2/co2_gr_gl.txt,2015-01-10,rule,2026-09-28,collectors/climate.py@2026-09-28,collector,"Derived by the collector: mean of the NOAA global marine-surface Jan->Dec annual growth rates 2010-2014 (co2_gr_gl.txt, file created 2026-09-05), rounded half-up to 2 decimals"
co2-trend-5yr-global-jan-dec,2015,2.32,ppm/yr,https://gml.noaa.gov/webdata/ccgg/trends/co2/co2_gr_gl.txt,2016-01-10,rule,2026-09-28,collectors/climate.py@2026-09-28,collector,"Derived by the collector: mean of the NOAA global marine-surface Jan->Dec annual growth rates 2011-2015 (co2_gr_gl.txt, file created 2026-09-05), rounded half-up to 2 decimals"
co2-trend-5yr-global-jan-dec,2016,2.54,ppm/yr,https://gml.noaa.gov/webdata/ccgg/trends/co2/co2_gr_gl.txt,2017-01-10,rule,2026-09-28,collectors/climate.py@2026-09-28,collector,"Derived by the collector: mean of the NOAA global marine-surface Jan->Dec annual growth rates 2012-2016 (co2_gr_gl.txt, file created 2026-09-05), rounded half-up to 2 decimals"
co2-trend-5yr-global-jan-dec,2017,2.48,ppm/yr,https://gml.noaa.gov/webdata/ccgg/trends/co2/co2_gr_gl.txt,2018-01-10,rule,2026-09-28,collectors/climate.py@2026-09-28,collector,"Derived by the collector: mean of the NOAA global marine-surface Jan->Dec annual growth rates 2013-2017 (co2_gr_gl.txt, file created 2026-09-05), rounded half-up to 2 decimals"
co2-trend-5yr-global-jan-dec,2018,2.47,ppm/yr,https://gml.noaa.gov/webdata/ccgg/trends/co2/co2_gr_gl.txt,2019-01-10,rule,2026-09-28,collectors/climate.py@2026-09-28,collector,"Derived by the collector: mean of the NOAA global marine-surface Jan->Dec annual growth rates 2014-2018 (co2_gr_gl.txt, file created 2026-09-05), rounded half-up to 2 decimals"
co2-trend-5yr-global-jan-dec,2019,2.56,ppm/yr,https://gml.noaa.gov/webdata/ccgg/trends/co2/co2_gr_gl.txt,2020-01-10,rule,2026-09-28,collectors/climate.py@2026-09-28,collector,"Derived by the collector: mean of the NOAA global marine-surface Jan->Dec annual growth rates 2015-2019 (co2_gr_gl.txt, file created 2026-09-05), rounded half-up to 2 decimals"
co2-trend-5yr-global-jan-dec,2021,2.35,ppm/yr,https://gml.noaa.gov/webdata/ccgg/trends/co2/co2_gr_gl.txt,2022-01-10,rule,2026-09-28,collectors/climate.py@2026-09-28,collector,"Derived by the collector: mean of the NOAA global marine-surface Jan->Dec annual growth rates 2017-2021 (co2_gr_gl.txt, file created 2026-09-05), rounded half-up to 2 decimals"
co2-trend-5yr-global-jan-dec,2022,2.37,ppm/yr,https://gml.noaa.gov/webdata/ccgg/trends/co2/co2_gr_gl.txt,2023-01-10,rule,2026-09-28,collectors/climate.py@2026-09-28,collector,"Derived by the collector: mean of the NOAA global marine-surface Jan->Dec annual growth rates 2018-2022 (co2_gr_gl.txt, file created 2026-09-05), rounded half-up to 2 decimals"
co2-trend-5yr-global-jan-dec,2023,2.43,ppm/yr,https://gml.noaa.gov/webdata/ccgg/trends/co2/co2_gr_gl.txt,2024-01-10,rule,2026-09-28,collectors/climate.py@2026-09-28,collector,"Derived by the collector: mean of the NOAA global marine-surface Jan->Dec annual growth rates 2019-2023 (co2_gr_gl.txt, file created 2026-09-05), rounded half-up to 2 decimals"
co2-trend-5yr-global-jan-dec,2024,2.68,ppm/yr,https://gml.noaa.gov/webdata/ccgg/trends/co2/co2_gr_gl.txt,2025-01-10,rule,2026-09-28,collectors/climate.py@2026-09-28,collector,"Derived by the collector: mean of the NOAA global marine-surface Jan->Dec annual growth rates 2020-2024 (co2_gr_gl.txt, file created 2026-09-05), rounded half-up to 2 decimals"
co2-mlo-daily,2026-09-24,425.94,ppm,https://gml.noaa.gov/webdata/ccgg/trends/co2/co2_daily_mlo.txt,2026-09-30,seen,2026-09-30,collectors/climate.py@2026-09-30,collector,"NOAA MLO daily mean (co2_daily_mlo.txt, file created 2026-09-30); preliminary; revises effective ledger value 425.95 (collector, published 2026-09-26) (published = first seen)"
co2-mlo-daily,2026-09-29,425.75,ppm,https://gml.noaa.gov/webdata/ccgg/trends/co2/co2_daily_mlo.txt,2026-09-30,rule,2026-09-30,collectors/climate.py@2026-09-30,collector,"NOAA MLO daily mean (co2_daily_mlo.txt, file created 2026-09-30); preliminary"
